trade_id,client_id,client_name,client_contact,client_city,client_segment,employee_id,employee_name,employee_department,employee_location,symbol,trade_name,exchange,side,quantity,price,trade_value,trade_type,order_type,status,trade_timestamp
TRD000001,C004,Delta Securities,Priya Nair,priya.nair@delta.example,Bengaluru,Institutional,E001,Aarav Sharma,Equities,Mumbai,WIPRO,Wipro Ltd,NSE,BUY,75,659.2,49440.0,DELIVERY,LIMIT,EXECUTED,2026-01-20 01:03:00
TRD000002,C001,Apex Capital Advisors,Raj Mehta,raj.mehta@apexcapital.example,Mumbai,Institutional,E002,Diya Patel,Equities,Mumbai,ITC,ITC Ltd,NSE,BUY,500,2562.31,1281155.0,DELIVERY,LIMIT,EXECUTED,2026-04-13 13:22:00
TRD000003,C015,Orion Broking,Dev Patel,dev.patel@orion.example,Surat,Retail,E010,Kiara Kapoor,Operations,Pune,WIPRO,Wipro Ltd,NSE,BUY,50,2957.84,147892.0,INTRADAY,MARKET,EXECUTED,2026-03-04 07:49:00
TRD000004,C011,Keystone Asset Mgmt,Arjun Bhat,arjun.bhat@keystone.example,Nashik,HNI,E002,Diya Patel,Equities,Mumbai,INFY,Infosys Ltd,NSE,SELL,25,1562.2,39055.0,INTRADAY,MARKET,PARTIALLY_EXECUTED,2026-03-05 00:00:00
TRD000005,C018,Riverstone Advisors,Pooja Menon,pooja.menon@riverstone.example,Kochi,HNI,E002,Diya Patel,Equities,Mumbai,BHARTIARTL,Bharti Airtel Ltd,NSE,BUY,500,1291.43,645715.0,DELIVERY,MARKET,EXECUTED,2026-03-08 05:15:00
TRD000006,C008,Horizon Partners,Ananya Rao,ananya.rao@horizon.example,Hyderabad,HNI,E005,Vihaan Shah,Operations,Mumbai,INFY,Infosys Ltd,NSE,BUY,25,1649.22,41230.5,INTRADAY,MARKET,EXECUTED,2026-03-24 22:13:00
TRD000007,C012,Lotus Financial,Meera Kulkarni,meera.kulkarni@lotus.example,Pune,Retail,E004,Ira Deshmukh,Equities,Delhi,WIPRO,Wipro Ltd,NSE,BUY,1000,2697.94,2697940.0,DELIVERY,MARKET,PARTIALLY_EXECUTED,2026-04-08 14:56:00
TRD000008,C013,Meridian Capital,Aditya Jain,aditya.jain@meridian.example,Jaipur,Institutional,E005,Vihaan Shah,Operations,Mumbai,BAJFINANCE,Bajaj Finance Ltd,NSE,BUY,150,3553.34,533001.0,DELIVERY,MARKET,EXECUTED,2026-01-11 13:38:00
TRD000009,C013,Meridian Capital,Aditya Jain,aditya.jain@meridian.example,Jaipur,Institutional,E005,Vihaan Shah,Operations,Mumbai,INFY,Infosys Ltd,NSE,BUY,1000,3691.25,3691250.0,DELIVERY,LIMIT,PARTIALLY_EXECUTED,2026-02-27 16:05:00
TRD000010,C015,Orion Broking,Dev Patel,dev.patel@orion.example,Surat,Retail,E003,Kabir Singh,Derivatives,Pune,WIPRO,Wipro Ltd,NSE,BUY,75,3150.63,236297.25,INTRADAY,LIMIT,PARTIALLY_EXECUTED,2026-04-09 12:04:00
TRD000011,C012,Lotus Financial,Meera Kulkarni,meera.kulkarni@lotus.example,Pune,Retail,E004,Ira Deshmukh,Equities,Delhi,ICICIBANK,ICICI Bank Ltd,NSE,SELL,25,3195.04,79876.0,DELIVERY,MARKET,PARTIALLY_EXECUTED,2026-01-21 08:18:00
TRD000012,C020,Trident Capital,Riya Chawla,riya.chawla@trident.example,Chandigarh,Institutional,E002,Diya Patel,Equities,Mumbai,BHARTIARTL,Bharti Airtel Ltd,NSE,SELL,1000,4184.04,4184040.0,INTRADAY,MARKET,EXECUTED,2026-04-07 16:59:00
TRD000013,C018,Riverstone Advisors,Pooja Menon,pooja.menon@riverstone.example,Kochi,HNI,E005,Vihaan Shah,Operations,Mumbai,MARUTI,Maruti Suzuki India Ltd,NSE,BUY,100,1874.06,187406.0,DELIVERY,LIMIT,EXECUTED,2026-03-24 23:35:00
TRD000014,C017,Quantum Securities,Nikhil Verma,nikhil.verma@quantum.example,Noida,Institutional,E002,Diya Patel,Equities,Mumbai,AXISBANK,Axis Bank Ltd,NSE,BUY,50,1623.66,81183.0,DELIVERY,LIMIT,PARTIALLY_EXECUTED,2026-01-30 19:04:00
TRD000015,C001,Apex Capital Advisors,Raj Mehta,raj.mehta@apexcapital.example,Mumbai,Institutional,E002,Diya Patel,Equities,Mumbai,SUNPHARMA,Sun Pharmaceutical Industries Ltd,NSE,SELL,75,323.36,24252.0,DELIVERY,MARKET,PARTIALLY_EXECUTED,2026-04-14 16:04:00
TRD000016,C003,Crestline Wealth,Aman Kapoor,aman.kapoor@crestline.example,Delhi,HNI,E009,Arnav Rao,Risk,Mumbai,ICICIBANK,ICICI Bank Ltd,NSE,BUY,250,3981.28,995320.0,INTRADAY,LIMIT,EXECUTED,2026-01-31 10:42:00
TRD000017,C018,Riverstone Advisors,Pooja Menon,pooja.menon@riverstone.example,Kochi,HNI,E004,Ira Deshmukh,Equities,Delhi,AXISBANK,Axis Bank Ltd,NSE,SELL,150,1887.78,283167.0,INTRADAY,MARKET,EXECUTED,2026-04-05 14:34:00
TRD000018,C008,Horizon Partners,Ananya Rao,ananya.rao@horizon.example,Hyderabad,HNI,E002,Diya Patel,Equities,Mumbai,MARUTI,Maruti Suzuki India Ltd,NSE,BUY,1000,2364.39,2364390.0,DELIVERY,MARKET,EXECUTED,2026-02-10 11:23:00
TRD000019,C008,Horizon Partners,Ananya Rao,ananya.rao@horizon.example,Hyderabad,HNI,E002,Diya Patel,Equities,Mumbai,RELIANCE,Reliance Industries Ltd,NSE,SELL,25,2200.75,55018.75,INTRADAY,MARKET,EXECUTED,2026-02-21 01:56:00
TRD000020,C019,Summit Investments,Yash Agarwal,yash.agarwal@summit.example,Indore,Retail,E010,Kiara Kapoor,Operations,Pune,ASIANPAINT,Asian Paints Ltd,NSE,BUY,250,3407.85,851962.5,DELIVERY,MARKET,PARTIALLY_EXECUTED,2026-02-05 01:09:00
TRD000021,C012,Lotus Financial,Meera Kulkarni,meera.kulkarni@lotus.example,Pune,Retail,E007,Reyansh Mehta,Operations,Mumbai,HCLTECH,HCL Technologies Ltd,NSE,SELL,10,2855.9,28559.0,DELIVERY,LIMIT,EXECUTED,2026-01-19 07:14:00
TRD000022,C004,Delta Securities,Priya Nair,priya.nair@delta.example,Bengaluru,Institutional,E004,Ira Deshmukh,Equities,Delhi,ITC,ITC Ltd,NSE,BUY,500,1931.04,965520.0,DELIVERY,LIMIT,PARTIALLY_EXECUTED,2026-03-19 04:28:00
TRD000023,C008,Horizon Partners,Ananya Rao,ananya.rao@horizon.example,Hyderabad,HNI,E002,Diya Patel,Equities,Mumbai,ADANIENT,Adani Enterprises Ltd,NSE,BUY,10,2768.58,27685.8,DELIVERY,MARKET,EXECUTED,2026-04-09 19:06:00
TRD000024,C006,Falcon Broking,Simran Kaur,simran.kaur@falcon.example,Ahmedabad,Retail,E007,Reyansh Mehta,Operations,Mumbai,ASIANPAINT,Asian Paints Ltd,NSE,SELL,75,3643.04,273228.0,DELIVERY,LIMIT,EXECUTED,2026-01-12 01:25:00
TRD000025,C013,Meridian Capital,Aditya Jain,aditya.jain@meridian.example,Jaipur,Institutional,E005,Vihaan Shah,Operations,Mumbai,ADANIENT,Adani Enterprises Ltd,NSE,SELL,200,2951.47,590294.0,INTRADAY,MARKET,EXECUTED,2026-04-12 13:26:00
TRD000026,C010,Jupiter Investments,Ishita Desai,ishita.desai@jupiter.example,Mumbai,Institutional,E004,Ira Deshmukh,Equities,Delhi,RELIANCE,Reliance Industries Ltd,NSE,BUY,150,320.24,48036.0,DELIVERY,MARKET,EXECUTED,2026-03-29 04:22:00
TRD000027,C006,Falcon Broking,Simran Kaur,simran.kaur@falcon.example,Ahmedabad,Retail,E002,Diya Patel,Equities,Mumbai,ULTRACEMCO,UltraTech Cement Ltd,NSE,BUY,75,1746.54,130990.5,DELIVERY,MARKET,EXECUTED,2026-04-15 02:11:00
TRD000028,C014,Northstar Wealth,Tanya Sethi,tanya.sethi@northstar.example,Gurugram,HNI,E010,Kiara Kapoor,Operations,Pune,TCS,Tata Consultancy Services Ltd,NSE,SELL,100,925.53,92553.0,DELIVERY,LIMIT,PARTIALLY_EXECUTED,2026-02-27 13:56:00
TRD000029,C005,Evergreen Holdings,Rohan Iyer,rohan.iyer@evergreen.example,Chennai,HNI,E005,Vihaan Shah,Operations,Mumbai,ADANIENT,Adani Enterprises Ltd,NSE,SELL,25,123.33,3083.25,DELIVERY,MARKET,EXECUTED,2026-04-13 21:00:00
TRD000030,C017,Quantum Securities,Nikhil Verma,nikhil.verma@quantum.example,Noida,Institutional,E005,Vihaan Shah,Operations,Mumbai,ICICIBANK,ICICI Bank Ltd,NSE,SELL,25,3703.2,92580.0,INTRADAY,MARKET,PARTIALLY_EXECUTED,2026-03-09 15:44:00
TRD000031,C018,Riverstone Advisors,Pooja Menon,pooja.menon@riverstone.example,Kochi,HNI,E005,Vihaan Shah,Operations,Mumbai,ULTRACEMCO,UltraTech Cement Ltd,NSE,BUY,500,1316.94,658470.0,DELIVERY,LIMIT,EXECUTED,2026-01-20 05:49:00
TRD000032,C004,Delta Securities,Priya Nair,priya.nair@delta.example,Bengaluru,Institutional,E009,Arnav Rao,Risk,Mumbai,ICICIBANK,ICICI Bank Ltd,NSE,SELL,100,2573.87,257387.0,DELIVERY,LIMIT,PARTIALLY_EXECUTED,2026-03-04 19:19:00
TRD000033,C009,Indus Prime,Karan Malhotra,karan.malhotra@indusprime.example,Kolkata,Retail,E001,Aarav Sharma,Equities,Mumbai,INFY,Infosys Ltd,NSE,SELL,100,266.42,26642.0,DELIVERY,LIMIT,EXECUTED,2026-03-03 02:34:00
TRD000034,C015,Orion Broking,Dev Patel,dev.patel@orion.example,Surat,Retail,E009,Arnav Rao,Risk,Mumbai,HCLTECH,HCL Technologies Ltd,NSE,BUY,25,394.63,9865.75,DELIVERY,LIMIT,EXECUTED,2026-01-28 12:28:00
TRD000035,C014,Northstar Wealth,Tanya Sethi,tanya.sethi@northstar.example,Gurugram,HNI,E003,Kabir Singh,Derivatives,Pune,RELIANCE,Reliance Industries Ltd,NSE,SELL,150,3784.31,567646.5,INTRADAY,MARKET,EXECUTED,2026-01-08 15:33:00
TRD000036,C004,Delta Securities,Priya Nair,priya.nair@delta.example,Bengaluru,Institutional,E006,Anaya Joshi,Derivatives,Bengaluru,BAJFINANCE,Bajaj Finance Ltd,NSE,SELL,1000,3169.1,3169100.0,DELIVERY,MARKET,PARTIALLY_EXECUTED,2026-02-13 11:34:00
TRD000037,C001,Apex Capital Advisors,Raj Mehta,raj.mehta@apexcapital.example,Mumbai,Institutional,E003,Kabir Singh,Derivatives,Pune,MARUTI,Maruti Suzuki India Ltd,NSE,SELL,75,1182.91,88718.25,INTRADAY,MARKET,PARTIALLY_EXECUTED,2026-01-21 01:31:00
TRD000038,C008,Horizon Partners,Ananya Rao,ananya.rao@horizon.example,Hyderabad,HNI,E004,Ira Deshmukh,Equities,Delhi,ADANIENT,Adani Enterprises Ltd,NSE,SELL,100,3461.51,346151.0,DELIVERY,MARKET,EXECUTED,2026-02-11 19:37:00
TRD000039,C013,Meridian Capital,Aditya Jain,aditya.jain@meridian.example,Jaipur,Institutional,E006,Anaya Joshi,Derivatives,Bengaluru,WIPRO,Wipro Ltd,NSE,BUY,100,1529.97,152997.0,INTRADAY,LIMIT,EXECUTED,2026-04-04 02:52:00
TRD000040,C004,Delta Securities,Priya Nair,priya.nair@delta.example,Bengaluru,Institutional,E005,Vihaan Shah,Operations,Mumbai,SBIN,State Bank of India,NSE,SELL,10,531.08,5310.8,INTRADAY,LIMIT,PARTIALLY_EXECUTED,2026-03-21 11:53:00
TRD000041,C020,Trident Capital,Riya Chawla,riya.chawla@trident.example,Chandigarh,Institutional,E009,Arnav Rao,Risk,Mumbai,HDFCBANK,HDFC Bank Ltd,NSE,SELL,1000,867.17,867170.0,INTRADAY,MARKET,EXECUTED,2026-01-09 11:10:00
TRD000042,C012,Lotus Financial,Meera Kulkarni,meera.kulkarni@lotus.example,Pune,Retail,E007,Reyansh Mehta,Operations,Mumbai,INFY,Infosys Ltd,NSE,SELL,1000,1376.76,1376760.0,INTRADAY,LIMIT,PARTIALLY_EXECUTED,2026-01-24 01:44:00
TRD000043,C011,Keystone Asset Mgmt,Arjun Bhat,arjun.bhat@keystone.example,Nashik,HNI,E007,Reyansh Mehta,Operations,Mumbai,AXISBANK,Axis Bank Ltd,NSE,BUY,75,1815.14,136135.5,DELIVERY,LIMIT,PARTIALLY_EXECUTED,2026-03-11 09:45:00
TRD000044,C018,Riverstone Advisors,Pooja Menon,pooja.menon@riverstone.example,Kochi,HNI,E001,Aarav Sharma,Equities,Mumbai,AXISBANK,Axis Bank Ltd,NSE,SELL,75,1853.99,139049.25,INTRADAY,LIMIT,PARTIALLY_EXECUTED,2026-03-01 01:10:00
TRD000045,C007,Gateway Financial,Vikram Joshi,vikram.joshi@gateway.example,Mumbai,Institutional,E009,Arnav Rao,Risk,Mumbai,ASIANPAINT,Asian Paints Ltd,NSE,BUY,25,1252.78,31319.5,DELIVERY,MARKET,EXECUTED,2026-03-03 09:42:00
TRD000046,C008,Horizon Partners,Ananya Rao,ananya.rao@horizon.example,Hyderabad,HNI,E004,Ira Deshmukh,Equities,Delhi,ICICIBANK,ICICI Bank Ltd,NSE,BUY,10,1092.53,10925.3,DELIVERY,LIMIT,PARTIALLY_EXECUTED,2026-03-28 21:09:00
TRD000047,C019,Summit Investments,Yash Agarwal,yash.agarwal@summit.example,Indore,Retail,E004,Ira Deshmukh,Equities,Delhi,BHARTIARTL,Bharti Airtel Ltd,NSE,SELL,200,1089.0,217800.0,DELIVERY,LIMIT,EXECUTED,2026-01-02 09:28:00
TRD000048,C006,Falcon Broking,Simran Kaur,simran.kaur@falcon.example,Ahmedabad,Retail,E009,Arnav Rao,Risk,Mumbai,ADANIENT,Adani Enterprises Ltd,NSE,BUY,500,1110.45,555225.0,INTRADAY,MARKET,PARTIALLY_EXECUTED,2026-01-23 11:28:00
TRD000049,C017,Quantum Securities,Nikhil Verma,nikhil.verma@quantum.example,Noida,Institutional,E009,Arnav Rao,Risk,Mumbai,ULTRACEMCO,UltraTech Cement Ltd,NSE,SELL,250,2606.06,651515.0,INTRADAY,LIMIT,EXECUTED,2026-04-03 06:39:00
TRD000050,C016,Pinnacle Finance,Sara Fernandes,sara.fernandes@pinnacle.example,Goa,HNI,E008,Myra Nair,Equities,Hyderabad,WIPRO,Wipro Ltd,NSE,BUY,100,3236.32,323632.0,INTRADAY,MARKET,EXECUTED,2026-04-06 06:50:00
TRD000051,C015,Orion Broking,Dev Patel,dev.patel@orion.example,Surat,Retail,E002,Diya Patel,Equities,Mumbai,AXISBANK,Axis Bank Ltd,NSE,BUY,100,1467.01,146701.0,DELIVERY,MARKET,EXECUTED,2026-04-09 17:12:00
TRD000052,C008,Horizon Partners,Ananya Rao,ananya.rao@horizon.example,Hyderabad,HNI,E007,Reyansh Mehta,Operations,Mumbai,ICICIBANK,ICICI Bank Ltd,NSE,BUY,25,1792.18,44804.5,INTRADAY,LIMIT,EXECUTED,2026-03-02 14:53:00
TRD000053,C007,Gateway Financial,Vikram Joshi,vikram.joshi@gateway.example,Mumbai,Institutional,E007,Reyansh Mehta,Operations,Mumbai,BHARTIARTL,Bharti Airtel Ltd,NSE,BUY,1000,1650.27,1650270.0,INTRADAY,LIMIT,PARTIALLY_EXECUTED,2026-01-02 11:00:00
TRD000054,C014,Northstar Wealth,Tanya Sethi,tanya.sethi@northstar.example,Gurugram,HNI,E009,Arnav Rao,Risk,Mumbai,BAJFINANCE,Bajaj Finance Ltd,NSE,BUY,250,987.92,246980.0,INTRADAY,MARKET,PARTIALLY_EXECUTED,2026-03-21 17:26:00
TRD000055,C011,Keystone Asset Mgmt,Arjun Bhat,arjun.bhat@keystone.example,Nashik,HNI,E007,Reyansh Mehta,Operations,Mumbai,SBIN,State Bank of India,NSE,SELL,50,4120.67,206033.5,DELIVERY,LIMIT,EXECUTED,2026-04-08 14:52:00
TRD000056,C003,Crestline Wealth,Aman Kapoor,aman.kapoor@crestline.example,Delhi,HNI,E007,Reyansh Mehta,Operations,Mumbai,ICICIBANK,ICICI Bank Ltd,NSE,SELL,50,291.92,14596.0,INTRADAY,MARKET,PARTIALLY_EXECUTED,2026-03-11 09:34:00
TRD000057,C011,Keystone Asset Mgmt,Arjun Bhat,arjun.bhat@keystone.example,Nashik,HNI,E006,Anaya Joshi,Derivatives,Bengaluru,BHARTIARTL,Bharti Airtel Ltd,NSE,SELL,200,1123.1,224620.0,INTRADAY,MARKET,EXECUTED,2026-01-16 07:06:00
TRD000058,C012,Lotus Financial,Meera Kulkarni,meera.kulkarni@lotus.example,Pune,Retail,E004,Ira Deshmukh,Equities,Delhi,INFY,Infosys Ltd,NSE,BUY,10,3992.65,39926.5,DELIVERY,MARKET,EXECUTED,2026-02-06 16:16:00
TRD000059,C005,Evergreen Holdings,Rohan Iyer,rohan.iyer@evergreen.example,Chennai,HNI,E008,Myra Nair,Equities,Hyderabad,HDFCBANK,HDFC Bank Ltd,NSE,BUY,250,2963.3,740825.0,DELIVERY,MARKET,EXECUTED,2026-03-09 12:58:00
TRD000060,C010,Jupiter Investments,Ishita Desai,ishita.desai@jupiter.example,Mumbai,Institutional,E002,Diya Patel,Equities,Mumbai,TCS,Tata Consultancy Services Ltd,NSE,BUY,100,2454.4,245440.0,INTRADAY,MARKET,EXECUTED,2026-03-10 16:59:00
TRD000061,C019,Summit Investments,Yash Agarwal,yash.agarwal@summit.example,Indore,Retail,E004,Ira Deshmukh,Equities,Delhi,HDFCBANK,HDFC Bank Ltd,NSE,SELL,1000,3399.75,3399750.0,DELIVERY,LIMIT,PARTIALLY_EXECUTED,2026-04-14 09:50:00
TRD000062,C012,Lotus Financial,Meera Kulkarni,meera.kulkarni@lotus.example,Pune,Retail,E002,Diya Patel,Equities,Mumbai,KOTAKBANK,Kotak Mahindra Bank Ltd,NSE,SELL,10,3581.0,35810.0,DELIVERY,LIMIT,EXECUTED,2026-03-31 14:58:00
TRD000063,C015,Orion Broking,Dev Patel,dev.patel@orion.example,Surat,Retail,E003,Kabir Singh,Derivatives,Pune,HCLTECH,HCL Technologies Ltd,NSE,BUY,500,4057.92,2028960.0,INTRADAY,LIMIT,PARTIALLY_EXECUTED,2026-02-19 13:15:00
TRD000064,C019,Summit Investments,Yash Agarwal,yash.agarwal@summit.example,Indore,Retail,E005,Vihaan Shah,Operations,Mumbai,MARUTI,Maruti Suzuki India Ltd,NSE,BUY,25,1232.79,30819.75,DELIVERY,LIMIT,PARTIALLY_EXECUTED,2026-03-24 10:50:00
TRD000065,C011,Keystone Asset Mgmt,Arjun Bhat,arjun.bhat@keystone.example,Nashik,HNI,E001,Aarav Sharma,Equities,Mumbai,ASIANPAINT,Asian Paints Ltd,NSE,SELL,50,2091.27,104563.5,INTRADAY,LIMIT,EXECUTED,2026-03-06 23:30:00
TRD000066,C020,Trident Capital,Riya Chawla,riya.chawla@trident.example,Chandigarh,Institutional,E005,Vihaan Shah,Operations,Mumbai,BAJFINANCE,Bajaj Finance Ltd,NSE,BUY,500,3986.28,1993140.0,DELIVERY,LIMIT,PARTIALLY_EXECUTED,2026-01-16 23:17:00
TRD000067,C018,Riverstone Advisors,Pooja Menon,pooja.menon@riverstone.example,Kochi,HNI,E004,Ira Deshmukh,Equities,Delhi,ASIANPAINT,Asian Paints Ltd,NSE,SELL,250,3347.92,836980.0,INTRADAY,MARKET,PARTIALLY_EXECUTED,2026-01-18 07:48:00
TRD000068,C008,Horizon Partners,Ananya Rao,ananya.rao@horizon.example,Hyderabad,HNI,E005,Vihaan Shah,Operations,Mumbai,TCS,Tata Consultancy Services Ltd,NSE,SELL,250,2362.54,590635.0,INTRADAY,LIMIT,EXECUTED,2026-03-04 23:08:00
TRD000069,C015,Orion Broking,Dev Patel,dev.patel@orion.example,Surat,Retail,E005,Vihaan Shah,Operations,Mumbai,AXISBANK,Axis Bank Ltd,NSE,SELL,75,581.5,43612.5,INTRADAY,MARKET,EXECUTED,2026-02-05 10:39:00
TRD000070,C007,Gateway Financial,Vikram Joshi,vikram.joshi@gateway.example,Mumbai,Institutional,E004,Ira Deshmukh,Equities,Delhi,ASIANPAINT,Asian Paints Ltd,NSE,SELL,1000,4103.74,4103740.0,INTRADAY,MARKET,EXECUTED,2026-04-06 21:25:00
TRD000071,C010,Jupiter Investments,Ishita Desai,ishita.desai@jupiter.example,Mumbai,Institutional,E004,Ira Deshmukh,Equities,Delhi,SUNPHARMA,Sun Pharmaceutical Industries Ltd,NSE,BUY,100,143.22,14322.0,DELIVERY,LIMIT,EXECUTED,2026-04-08 14:55:00
TRD000072,C002,BlueRock Investments,Neha Shah,neha.shah@bluerock.example,Pune,Institutional,E009,Arnav Rao,Risk,Mumbai,AXISBANK,Axis Bank Ltd,NSE,BUY,250,507.15,126787.5,INTRADAY,LIMIT,PARTIALLY_EXECUTED,2026-01-03 14:50:00
TRD000073,C015,Orion Broking,Dev Patel,dev.patel@orion.example,Surat,Retail,E006,Anaya Joshi,Derivatives,Bengaluru,SBIN,State Bank of India,NSE,BUY,100,3957.48,395748.0,DELIVERY,MARKET,PARTIALLY_EXECUTED,2026-03-29 08:28:00
TRD000074,C016,Pinnacle Finance,Sara Fernandes,sara.fernandes@pinnacle.example,Goa,HNI,E002,Diya Patel,Equities,Mumbai,TCS,Tata Consultancy Services Ltd,NSE,BUY,50,698.95,34947.5,INTRADAY,MARKET,EXECUTED,2026-04-13 20:20:00
TRD000075,C004,Delta Securities,Priya Nair,priya.nair@delta.example,Bengaluru,Institutional,E009,Arnav Rao,Risk,Mumbai,HCLTECH,HCL Technologies Ltd,NSE,BUY,500,1650.26,825130.0,INTRADAY,LIMIT,EXECUTED,2026-03-22 23:31:00
TRD000076,C019,Summit Investments,Yash Agarwal,yash.agarwal@summit.example,Indore,Retail,E010,Kiara Kapoor,Operations,Pune,RELIANCE,Reliance Industries Ltd,NSE,BUY,75,2658.99,199424.25,DELIVERY,MARKET,EXECUTED,2026-02-18 13:30:00
TRD000077,C006,Falcon Broking,Simran Kaur,simran.kaur@falcon.example,Ahmedabad,Retail,E009,Arnav Rao,Risk,Mumbai,INFY,Infosys Ltd,NSE,BUY,10,1766.05,17660.5,INTRADAY,MARKET,EXECUTED,2026-03-27 22:19:00
TRD000078,C010,Jupiter Investments,Ishita Desai,ishita.desai@jupiter.example,Mumbai,Institutional,E005,Vihaan Shah,Operations,Mumbai,ADANIENT,Adani Enterprises Ltd,NSE,BUY,75,3886.89,291516.75,INTRADAY,MARKET,EXECUTED,2026-02-06 09:32:00
TRD000079,C005,Evergreen Holdings,Rohan Iyer,rohan.iyer@evergreen.example,Chennai,HNI,E005,Vihaan Shah,Operations,Mumbai,ICICIBANK,ICICI Bank Ltd,NSE,BUY,10,767.77,7677.7,INTRADAY,LIMIT,EXECUTED,2026-02-26 09:13:00
TRD000080,C015,Orion Broking,Dev Patel,dev.patel@orion.example,Surat,Retail,E005,Vihaan Shah,Operations,Mumbai,BHARTIARTL,Bharti Airtel Ltd,NSE,SELL,500,2307.02,1153510.0,DELIVERY,MARKET,PARTIALLY_EXECUTED,2026-03-22 01:50:00
TRD000081,C011,Keystone Asset Mgmt,Arjun Bhat,arjun.bhat@keystone.example,Nashik,HNI,E010,Kiara Kapoor,Operations,Pune,WIPRO,Wipro Ltd,NSE,BUY,25,1027.02,25675.5,INTRADAY,MARKET,EXECUTED,2026-01-05 03:53:00
TRD000082,C016,Pinnacle Finance,Sara Fernandes,sara.fernandes@pinnacle.example,Goa,HNI,E009,Arnav Rao,Risk,Mumbai,ADANIENT,Adani Enterprises Ltd,NSE,SELL,50,4187.43,209371.5,INTRADAY,MARKET,PARTIALLY_EXECUTED,2026-03-21 17:39:00
TRD000083,C012,Lotus Financial,Meera Kulkarni,meera.kulkarni@lotus.example,Pune,Retail,E007,Reyansh Mehta,Operations,Mumbai,MARUTI,Maruti Suzuki India Ltd,NSE,SELL,25,3614.57,90364.25,INTRADAY,LIMIT,EXECUTED,2026-03-02 10:11:00
TRD000084,C013,Meridian Capital,Aditya Jain,aditya.jain@meridian.example,Jaipur,Institutional,E009,Arnav Rao,Risk,Mumbai,RELIANCE,Reliance Industries Ltd,NSE,SELL,25,1379.24,34481.0,DELIVERY,LIMIT,EXECUTED,2026-03-01 05:39:00
TRD000085,C018,Riverstone Advisors,Pooja Menon,pooja.menon@riverstone.example,Kochi,HNI,E008,Myra Nair,Equities,Hyderabad,HCLTECH,HCL Technologies Ltd,NSE,BUY,75,2218.38,166378.5,INTRADAY,MARKET,EXECUTED,2026-04-02 03:11:00
TRD000086,C009,Indus Prime,Karan Malhotra,karan.malhotra@indusprime.example,Kolkata,Retail,E009,Arnav Rao,Risk,Mumbai,ICICIBANK,ICICI Bank Ltd,NSE,SELL,250,3709.68,927420.0,DELIVERY,MARKET,EXECUTED,2026-03-30 14:59:00
TRD000087,C006,Falcon Broking,Simran Kaur,simran.kaur@falcon.example,Ahmedabad,Retail,E005,Vihaan Shah,Operations,Mumbai,BAJFINANCE,Bajaj Finance Ltd,NSE,BUY,500,1763.88,881940.0,DELIVERY,LIMIT,EXECUTED,2026-02-11 06:58:00
TRD000088,C005,Evergreen Holdings,Rohan Iyer,rohan.iyer@evergreen.example,Chennai,HNI,E008,Myra Nair,Equities,Hyderabad,AXISBANK,Axis Bank Ltd,NSE,SELL,200,3519.89,703978.0,DELIVERY,LIMIT,EXECUTED,2026-03-28 08:24:00
TRD000089,C013,Meridian Capital,Aditya Jain,aditya.jain@meridian.example,Jaipur,Institutional,E004,Ira Deshmukh,Equities,Delhi,ULTRACEMCO,UltraTech Cement Ltd,NSE,BUY,25,1221.76,30544.0,INTRADAY,LIMIT,EXECUTED,2026-03-17 22:09:00
TRD000090,C010,Jupiter Investments,Ishita Desai,ishita.desai@jupiter.example,Mumbai,Institutional,E005,Vihaan Shah,Operations,Mumbai,TCS,Tata Consultancy Services Ltd,NSE,SELL,50,1922.54,96127.0,INTRADAY,LIMIT,PARTIALLY_EXECUTED,2026-03-30 13:22:00
TRD000091,C015,Orion Broking,Dev Patel,dev.patel@orion.example,Surat,Retail,E006,Anaya Joshi,Derivatives,Bengaluru,ITC,ITC Ltd,NSE,BUY,1000,1660.93,1660930.0,DELIVERY,LIMIT,PARTIALLY_EXECUTED,2026-03-17 03:57:00
TRD000092,C013,Meridian Capital,Aditya Jain,aditya.jain@meridian.example,Jaipur,Institutional,E007,Reyansh Mehta,Operations,Mumbai,ICICIBANK,ICICI Bank Ltd,NSE,SELL,10,604.5,6045.0,DELIVERY,LIMIT,EXECUTED,2026-03-02 19:45:00
TRD000093,C017,Quantum Securities,Nikhil Verma,nikhil.verma@quantum.example,Noida,Institutional,E008,Myra Nair,Equities,Hyderabad,TATASTEEL,Tata Steel Ltd,NSE,BUY,200,3668.89,733778.0,DELIVERY,LIMIT,EXECUTED,2026-01-29 11:39:00
TRD000094,C011,Keystone Asset Mgmt,Arjun Bhat,arjun.bhat@keystone.example,Nashik,HNI,E010,Kiara Kapoor,Operations,Pune,BHARTIARTL,Bharti Airtel Ltd,NSE,BUY,150,3592.38,538857.0,INTRADAY,LIMIT,PARTIALLY_EXECUTED,2026-04-08 12:40:00
TRD000095,C018,Riverstone Advisors,Pooja Menon,pooja.menon@riverstone.example,Kochi,HNI,E001,Aarav Sharma,Equities,Mumbai,ULTRACEMCO,UltraTech Cement Ltd,NSE,BUY,75,2682.23,201167.25,DELIVERY,MARKET,PARTIALLY_EXECUTED,2026-02-22 16:49:00
TRD000096,C004,Delta Securities,Priya Nair,priya.nair@delta.example,Bengaluru,Institutional,E002,Diya Patel,Equities,Mumbai,ADANIENT,Adani Enterprises Ltd,NSE,BUY,100,3802.59,380259.0,INTRADAY,MARKET,EXECUTED,2026-01-09 18:11:00
TRD000097,C012,Lotus Financial,Meera Kulkarni,meera.kulkarni@lotus.example,Pune,Retail,E006,Anaya Joshi,Derivatives,Bengaluru,HCLTECH,HCL Technologies Ltd,NSE,BUY,75,2270.75,170306.25,DELIVERY,MARKET,EXECUTED,2026-04-14 09:49:00
TRD000098,C003,Crestline Wealth,Aman Kapoor,aman.kapoor@crestline.example,Delhi,HNI,E010,Kiara Kapoor,Operations,Pune,BHARTIARTL,Bharti Airtel Ltd,NSE,BUY,250,3841.29,960322.5,DELIVERY,LIMIT,EXECUTED,2026-01-27 10:32:00
TRD000099,C015,Orion Broking,Dev Patel,dev.patel@orion.example,Surat,Retail,E005,Vihaan Shah,Operations,Mumbai,TATASTEEL,Tata Steel Ltd,NSE,SELL,100,2873.37,287337.0,DELIVERY,LIMIT,EXECUTED,2026-01-30 03:27:00
TRD000100,C019,Summit Investments,Yash Agarwal,yash.agarwal@summit.example,Indore,Retail,E005,Vihaan Shah,Operations,Mumbai,HCLTECH,HCL Technologies Ltd,NSE,SELL,250,3563.43,890857.5,INTRADAY,LIMIT,EXECUTED,2026-02-06 15:38:00
TRD000101,C008,Horizon Partners,Ananya Rao,ananya.rao@horizon.example,Hyderabad,HNI,E007,Reyansh Mehta,Operations,Mumbai,TCS,Tata Consultancy Services Ltd,NSE,SELL,1000,1302.51,1302510.0,DELIVERY,LIMIT,EXECUTED,2026-02-24 03:07:00
TRD000102,C001,Apex Capital Advisors,Raj Mehta,raj.mehta@apexcapital.example,Mumbai,Institutional,E010,Kiara Kapoor,Operations,Pune,RELIANCE,Reliance Industries Ltd,NSE,SELL,100,3277.17,327717.0,INTRADAY,MARKET,EXECUTED,2026-02-12 06:39:00
TRD000103,C020,Trident Capital,Riya Chawla,riya.chawla@trident.example,Chandigarh,Institutional,E005,Vihaan Shah,Operations,Mumbai,ICICIBANK,ICICI Bank Ltd,NSE,BUY,10,1356.26,13562.6,DELIVERY,LIMIT,EXECUTED,2026-03-22 15:14:00
TRD000104,C003,Crestline Wealth,Aman Kapoor,aman.kapoor@crestline.example,Delhi,HNI,E005,Vihaan Shah,Operations,Mumbai,MARUTI,Maruti Suzuki India Ltd,NSE,SELL,50,911.27,45563.5,INTRADAY,LIMIT,EXECUTED,2026-04-09 13:57:00
TRD000105,C009,Indus Prime,Karan Malhotra,karan.malhotra@indusprime.example,Kolkata,Retail,E008,Myra Nair,Equities,Hyderabad,AXISBANK,Axis Bank Ltd,NSE,SELL,25,2012.18,50304.5,DELIVERY,MARKET,PARTIALLY_EXECUTED,2026-01-15 02:14:00
TRD000106,C018,Riverstone Advisors,Pooja Menon,pooja.menon@riverstone.example,Kochi,HNI,E006,Anaya Joshi,Derivatives,Bengaluru,INFY,Infosys Ltd,NSE,SELL,10,1173.25,11732.5,INTRADAY,LIMIT,EXECUTED,2026-01-23 21:13:00
TRD000107,C019,Summit Investments,Yash Agarwal,yash.agarwal@summit.example,Indore,Retail,E007,Reyansh Mehta,Operations,Mumbai,SUNPHARMA,Sun Pharmaceutical Industries Ltd,NSE,BUY,75,2025.13,151884.75,INTRADAY,MARKET,EXECUTED,2026-04-13 14:04:00
TRD000108,C015,Orion Broking,Dev Patel,dev.patel@orion.example,Surat,Retail,E005,Vihaan Shah,Operations,Mumbai,HCLTECH,HCL Technologies Ltd,NSE,BUY,50,271.6,13580.0,INTRADAY,LIMIT,EXECUTED,2026-01-08 03:49:00
TRD000109,C004,Delta Securities,Priya Nair,priya.nair@delta.example,Bengaluru,Institutional,E004,Ira Deshmukh,Equities,Delhi,BAJFINANCE,Bajaj Finance Ltd,NSE,BUY,200,1951.74,390348.0,INTRADAY,MARKET,PARTIALLY_EXECUTED,2026-04-09 17:23:00
TRD000110,C004,Delta Securities,Priya Nair,priya.nair@delta.example,Bengaluru,Institutional,E008,Myra Nair,Equities,Hyderabad,ULTRACEMCO,UltraTech Cement Ltd,NSE,SELL,100,219.63,21963.0,DELIVERY,LIMIT,PARTIALLY_EXECUTED,2026-03-09 20:07:00
TRD000111,C008,Horizon Partners,Ananya Rao,ananya.rao@horizon.example,Hyderabad,HNI,E006,Anaya Joshi,Derivatives,Bengaluru,HDFCBANK,HDFC Bank Ltd,NSE,SELL,500,3795.48,1897740.0,DELIVERY,LIMIT,EXECUTED,2026-03-07 16:19:00
TRD000112,C007,Gateway Financial,Vikram Joshi,vikram.joshi@gateway.example,Mumbai,Institutional,E002,Diya Patel,Equities,Mumbai,ADANIENT,Adani Enterprises Ltd,NSE,BUY,75,2725.61,204420.75,DELIVERY,LIMIT,EXECUTED,2026-01-05 06:33:00
TRD000113,C005,Evergreen Holdings,Rohan Iyer,rohan.iyer@evergreen.example,Chennai,HNI,E010,Kiara Kapoor,Operations,Pune,ITC,ITC Ltd,NSE,BUY,500,937.45,468725.0,DELIVERY,LIMIT,EXECUTED,2026-02-09 16:45:00
TRD000114,C020,Trident Capital,Riya Chawla,riya.chawla@trident.example,Chandigarh,Institutional,E001,Aarav Sharma,Equities,Mumbai,WIPRO,Wipro Ltd,NSE,BUY,50,2307.99,115399.5,DELIVERY,MARKET,EXECUTED,2026-02-02 03:38:00
TRD000115,C001,Apex Capital Advisors,Raj Mehta,raj.mehta@apexcapital.example,Mumbai,Institutional,E006,Anaya Joshi,Derivatives,Bengaluru,LT,Larsen & Toubro Ltd,NSE,SELL,10,802.02,8020.2,DELIVERY,LIMIT,EXECUTED,2026-01-10 22:11:00
TRD000116,C003,Crestline Wealth,Aman Kapoor,aman.kapoor@crestline.example,Delhi,HNI,E008,Myra Nair,Equities,Hyderabad,ADANIENT,Adani Enterprises Ltd,NSE,SELL,500,2527.94,1263970.0,DELIVERY,MARKET,EXECUTED,2026-03-24 16:05:00
TRD000117,C015,Orion Broking,Dev Patel,dev.patel@orion.example,Surat,Retail,E001,Aarav Sharma,Equities,Mumbai,RELIANCE,Reliance Industries Ltd,NSE,SELL,200,1839.12,367824.0,INTRADAY,LIMIT,EXECUTED,2026-01-21 00:56:00
TRD000118,C003,Crestline Wealth,Aman Kapoor,aman.kapoor@crestline.example,Delhi,HNI,E006,Anaya Joshi,Derivatives,Bengaluru,ULTRACEMCO,UltraTech Cement Ltd,NSE,BUY,25,604.28,15107.0,INTRADAY,LIMIT,EXECUTED,2026-04-11 05:03:00
TRD000119,C015,Orion Broking,Dev Patel,dev.patel@orion.example,Surat,Retail,E009,Arnav Rao,Risk,Mumbai,ULTRACEMCO,UltraTech Cement Ltd,NSE,SELL,25,3348.59,83714.75,DELIVERY,LIMIT,PARTIALLY_EXECUTED,2026-01-22 05:07:00
TRD000120,C008,Horizon Partners,Ananya Rao,ananya.rao@horizon.example,Hyderabad,HNI,E007,Reyansh Mehta,Operations,Mumbai,MARUTI,Maruti Suzuki India Ltd,NSE,SELL,200,1796.8,359360.0,INTRADAY,LIMIT,EXECUTED,2026-01-18 16:41:00
TRD000121,C009,Indus Prime,Karan Malhotra,karan.malhotra@indusprime.example,Kolkata,Retail,E006,Anaya Joshi,Derivatives,Bengaluru,ICICIBANK,ICICI Bank Ltd,NSE,SELL,25,460.39,11509.75,DELIVERY,LIMIT,EXECUTED,2026-01-16 22:12:00
TRD000122,C012,Lotus Financial,Meera Kulkarni,meera.kulkarni@lotus.example,Pune,Retail,E003,Kabir Singh,Derivatives,Pune,BAJFINANCE,Bajaj Finance Ltd,NSE,BUY,1000,4021.51,4021510.0,INTRADAY,MARKET,PARTIALLY_EXECUTED,2026-04-13 15:16:00
TRD000123,C012,Lotus Financial,Meera Kulkarni,meera.kulkarni@lotus.example,Pune,Retail,E007,Reyansh Mehta,Operations,Mumbai,RELIANCE,Reliance Industries Ltd,NSE,SELL,1000,1370.73,1370730.0,DELIVERY,MARKET,PARTIALLY_EXECUTED,2026-01-20 05:53:00
TRD000124,C008,Horizon Partners,Ananya Rao,ananya.rao@horizon.example,Hyderabad,HNI,E002,Diya Patel,Equities,Mumbai,SUNPHARMA,Sun Pharmaceutical Industries Ltd,NSE,SELL,25,3223.12,80578.0,INTRADAY,MARKET,EXECUTED,2026-02-11 13:21:00
TRD000125,C001,Apex Capital Advisors,Raj Mehta,raj.mehta@apexcapital.example,Mumbai,Institutional,E003,Kabir Singh,Derivatives,Pune,WIPRO,Wipro Ltd,NSE,SELL,150,1529.46,229419.0,DELIVERY,LIMIT,EXECUTED,2026-02-03 09:49:00
TRD000126,C005,Evergreen Holdings,Rohan Iyer,rohan.iyer@evergreen.example,Chennai,HNI,E001,Aarav Sharma,Equities,Mumbai,INFY,Infosys Ltd,NSE,BUY,200,1812.61,362522.0,DELIVERY,LIMIT,EXECUTED,2026-03-04 10:38:00
TRD000127,C011,Keystone Asset Mgmt,Arjun Bhat,arjun.bhat@keystone.example,Nashik,HNI,E010,Kiara Kapoor,Operations,Pune,ULTRACEMCO,UltraTech Cement Ltd,NSE,BUY,10,725.21,7252.1,DELIVERY,LIMIT,PARTIALLY_EXECUTED,2026-01-10 10:39:00
TRD000128,C014,Northstar Wealth,Tanya Sethi,tanya.sethi@northstar.example,Gurugram,HNI,E008,Myra Nair,Equities,Hyderabad,ULTRACEMCO,UltraTech Cement Ltd,NSE,SELL,200,1209.08,241816.0,DELIVERY,LIMIT,PARTIALLY_EXECUTED,2026-04-04 15:43:00
TRD000129,C004,Delta Securities,Priya Nair,priya.nair@delta.example,Bengaluru,Institutional,E005,Vihaan Shah,Operations,Mumbai,TCS,Tata Consultancy Services Ltd,NSE,SELL,500,2830.25,1415125.0,DELIVERY,LIMIT,EXECUTED,2026-01-09 15:40:00
TRD000130,C001,Apex Capital Advisors,Raj Mehta,raj.mehta@apexcapital.example,Mumbai,Institutional,E004,Ira Deshmukh,Equities,Delhi,AXISBANK,Axis Bank Ltd,NSE,BUY,50,3229.52,161476.0,INTRADAY,MARKET,EXECUTED,2026-02-23 01:51:00
TRD000131,C016,Pinnacle Finance,Sara Fernandes,sara.fernandes@pinnacle.example,Goa,HNI,E007,Reyansh Mehta,Operations,Mumbai,SBIN,State Bank of India,NSE,BUY,200,2276.58,455316.0,INTRADAY,MARKET,PARTIALLY_EXECUTED,2026-02-12 06:37:00
TRD000132,C002,BlueRock Investments,Neha Shah,neha.shah@bluerock.example,Pune,Institutional,E007,Reyansh Mehta,Operations,Mumbai,TATASTEEL,Tata Steel Ltd,NSE,SELL,25,3632.58,90814.5,INTRADAY,LIMIT,EXECUTED,2026-03-20 12:49:00
TRD000133,C004,Delta Securities,Priya Nair,priya.nair@delta.example,Bengaluru,Institutional,E007,Reyansh Mehta,Operations,Mumbai,TATASTEEL,Tata Steel Ltd,NSE,SELL,50,3382.44,169122.0,INTRADAY,MARKET,PARTIALLY_EXECUTED,2026-03-26 03:26:00
TRD000134,C004,Delta Securities,Priya Nair,priya.nair@delta.example,Bengaluru,Institutional,E004,Ira Deshmukh,Equities,Delhi,HCLTECH,HCL Technologies Ltd,NSE,SELL,500,408.63,204315.0,INTRADAY,MARKET,EXECUTED,2026-02-26 20:51:00
TRD000135,C006,Falcon Broking,Simran Kaur,simran.kaur@falcon.example,Ahmedabad,Retail,E002,Diya Patel,Equities,Mumbai,KOTAKBANK,Kotak Mahindra Bank Ltd,NSE,BUY,500,2183.45,1091725.0,INTRADAY,MARKET,EXECUTED,2026-03-05 23:41:00
TRD000136,C004,Delta Securities,Priya Nair,priya.nair@delta.example,Bengaluru,Institutional,E003,Kabir Singh,Derivatives,Pune,WIPRO,Wipro Ltd,NSE,BUY,50,2563.87,128193.5,DELIVERY,LIMIT,PARTIALLY_EXECUTED,2026-01-15 02:28:00
TRD000137,C019,Summit Investments,Yash Agarwal,yash.agarwal@summit.example,Indore,Retail,E010,Kiara Kapoor,Operations,Pune,ADANIENT,Adani Enterprises Ltd,NSE,SELL,150,706.19,105928.5,INTRADAY,LIMIT,EXECUTED,2026-01-13 19:35:00
TRD000138,C009,Indus Prime,Karan Malhotra,karan.malhotra@indusprime.example,Kolkata,Retail,E010,Kiara Kapoor,Operations,Pune,RELIANCE,Reliance Industries Ltd,NSE,SELL,500,390.29,195145.0,INTRADAY,MARKET,EXECUTED,2026-03-26 10:38:00
TRD000139,C012,Lotus Financial,Meera Kulkarni,meera.kulkarni@lotus.example,Pune,Retail,E005,Vihaan Shah,Operations,Mumbai,INFY,Infosys Ltd,NSE,BUY,1000,2529.64,2529640.0,INTRADAY,MARKET,PARTIALLY_EXECUTED,2026-03-12 09:04:00
TRD000140,C019,Summit Investments,Yash Agarwal,yash.agarwal@summit.example,Indore,Retail,E004,Ira Deshmukh,Equities,Delhi,MARUTI,Maruti Suzuki India Ltd,NSE,SELL,500,705.79,352895.0,INTRADAY,MARKET,EXECUTED,2026-01-12 15:34:00
TRD000141,C003,Crestline Wealth,Aman Kapoor,aman.kapoor@crestline.example,Delhi,HNI,E009,Arnav Rao,Risk,Mumbai,SBIN,State Bank of India,NSE,BUY,75,2996.86,224764.5,DELIVERY,LIMIT,EXECUTED,2026-03-22 09:06:00
TRD000142,C010,Jupiter Investments,Ishita Desai,ishita.desai@jupiter.example,Mumbai,Institutional,E007,Reyansh Mehta,Operations,Mumbai,HCLTECH,HCL Technologies Ltd,NSE,SELL,1000,300.48,300480.0,DELIVERY,LIMIT,EXECUTED,2026-03-03 07:21:00
TRD000143,C018,Riverstone Advisors,Pooja Menon,pooja.menon@riverstone.example,Kochi,HNI,E007,Reyansh Mehta,Operations,Mumbai,AXISBANK,Axis Bank Ltd,NSE,SELL,1000,3678.55,3678550.0,DELIVERY,MARKET,EXECUTED,2026-03-03 01:43:00
TRD000144,C010,Jupiter Investments,Ishita Desai,ishita.desai@jupiter.example,Mumbai,Institutional,E007,Reyansh Mehta,Operations,Mumbai,ICICIBANK,ICICI Bank Ltd,NSE,BUY,100,2384.96,238496.0,DELIVERY,MARKET,PARTIALLY_EXECUTED,2026-03-02 04:23:00
TRD000145,C017,Quantum Securities,Nikhil Verma,nikhil.verma@quantum.example,Noida,Institutional,E006,Anaya Joshi,Derivatives,Bengaluru,TATASTEEL,Tata Steel Ltd,NSE,SELL,100,826.78,82678.0,INTRADAY,LIMIT,EXECUTED,2026-02-09 09:04:00
TRD000146,C008,Horizon Partners,Ananya Rao,ananya.rao@horizon.example,Hyderabad,HNI,E003,Kabir Singh,Derivatives,Pune,ICICIBANK,ICICI Bank Ltd,NSE,BUY,100,3559.82,355982.0,DELIVERY,LIMIT,EXECUTED,2026-01-19 19:08:00
TRD000147,C020,Trident Capital,Riya Chawla,riya.chawla@trident.example,Chandigarh,Institutional,E007,Reyansh Mehta,Operations,Mumbai,ICICIBANK,ICICI Bank Ltd,NSE,BUY,50,3505.98,175299.0,INTRADAY,MARKET,PARTIALLY_EXECUTED,2026-01-31 12:30:00
TRD000148,C012,Lotus Financial,Meera Kulkarni,meera.kulkarni@lotus.example,Pune,Retail,E004,Ira Deshmukh,Equities,Delhi,ADANIENT,Adani Enterprises Ltd,NSE,SELL,250,1047.92,261980.0,INTRADAY,LIMIT,EXECUTED,2026-02-13 22:11:00
TRD000149,C012,Lotus Financial,Meera Kulkarni,meera.kulkarni@lotus.example,Pune,Retail,E010,Kiara Kapoor,Operations,Pune,ADANIENT,Adani Enterprises Ltd,NSE,SELL,100,3286.98,328698.0,INTRADAY,MARKET,EXECUTED,2026-04-02 22:28:00
TRD000150,C020,Trident Capital,Riya Chawla,riya.chawla@trident.example,Chandigarh,Institutional,E003,Kabir Singh,Derivatives,Pune,WIPRO,Wipro Ltd,NSE,BUY,250,3681.99,920497.5,DELIVERY,MARKET,EXECUTED,2026-04-12 08:04:00
TRD000151,C003,Crestline Wealth,Aman Kapoor,aman.kapoor@crestline.example,Delhi,HNI,E003,Kabir Singh,Derivatives,Pune,WIPRO,Wipro Ltd,NSE,SELL,500,691.34,345670.0,DELIVERY,MARKET,PARTIALLY_EXECUTED,2026-03-22 00:35:00
TRD000152,C012,Lotus Financial,Meera Kulkarni,meera.kulkarni@lotus.example,Pune,Retail,E001,Aarav Sharma,Equities,Mumbai,HCLTECH,HCL Technologies Ltd,NSE,BUY,200,2150.76,430152.0,INTRADAY,MARKET,EXECUTED,2026-02-13 07:22:00
TRD000153,C008,Horizon Partners,Ananya Rao,ananya.rao@horizon.example,Hyderabad,HNI,E001,Aarav Sharma,Equities,Mumbai,MARUTI,Maruti Suzuki India Ltd,NSE,BUY,150,3341.53,501229.5,DELIVERY,LIMIT,PARTIALLY_EXECUTED,2026-01-26 10:25:00
TRD000154,C005,Evergreen Holdings,Rohan Iyer,rohan.iyer@evergreen.example,Chennai,HNI,E008,Myra Nair,Equities,Hyderabad,ADANIENT,Adani Enterprises Ltd,NSE,BUY,25,163.2,4080.0,DELIVERY,LIMIT,EXECUTED,2026-02-09 15:27:00
TRD000155,C010,Jupiter Investments,Ishita Desai,ishita.desai@jupiter.example,Mumbai,Institutional,E004,Ira Deshmukh,Equities,Delhi,AXISBANK,Axis Bank Ltd,NSE,BUY,10,1066.18,10661.8,DELIVERY,MARKET,PARTIALLY_EXECUTED,2026-03-25 14:24:00
TRD000156,C020,Trident Capital,Riya Chawla,riya.chawla@trident.example,Chandigarh,Institutional,E009,Arnav Rao,Risk,Mumbai,TATASTEEL,Tata Steel Ltd,NSE,BUY,50,1283.58,64179.0,INTRADAY,MARKET,PARTIALLY_EXECUTED,2026-01-01 16:05:00
TRD000157,C006,Falcon Broking,Simran Kaur,simran.kaur@falcon.example,Ahmedabad,Retail,E002,Diya Patel,Equities,Mumbai,KOTAKBANK,Kotak Mahindra Bank Ltd,NSE,SELL,25,4008.26,100206.5,DELIVERY,LIMIT,PARTIALLY_EXECUTED,2026-04-10 10:22:00
TRD000158,C002,BlueRock Investments,Neha Shah,neha.shah@bluerock.example,Pune,Institutional,E007,Reyansh Mehta,Operations,Mumbai,SUNPHARMA,Sun Pharmaceutical Industries Ltd,NSE,SELL,10,1554.44,15544.4,INTRADAY,MARKET,EXECUTED,2026-01-13 16:25:00
TRD000159,C019,Summit Investments,Yash Agarwal,yash.agarwal@summit.example,Indore,Retail,E006,Anaya Joshi,Derivatives,Bengaluru,ICICIBANK,ICICI Bank Ltd,NSE,BUY,150,2331.85,349777.5,INTRADAY,LIMIT,EXECUTED,2026-02-02 06:13:00
TRD000160,C005,Evergreen Holdings,Rohan Iyer,rohan.iyer@evergreen.example,Chennai,HNI,E002,Diya Patel,Equities,Mumbai,ADANIENT,Adani Enterprises Ltd,NSE,BUY,100,914.55,91455.0,DELIVERY,LIMIT,EXECUTED,2026-02-06 16:44:00
TRD000161,C017,Quantum Securities,Nikhil Verma,nikhil.verma@quantum.example,Noida,Institutional,E007,Reyansh Mehta,Operations,Mumbai,BAJFINANCE,Bajaj Finance Ltd,NSE,SELL,100,235.69,23569.0,INTRADAY,LIMIT,EXECUTED,2026-02-05 04:11:00
TRD000162,C011,Keystone Asset Mgmt,Arjun Bhat,arjun.bhat@keystone.example,Nashik,HNI,E005,Vihaan Shah,Operations,Mumbai,HDFCBANK,HDFC Bank Ltd,NSE,SELL,200,3745.24,749048.0,INTRADAY,LIMIT,EXECUTED,2026-03-22 10:29:00
TRD000163,C016,Pinnacle Finance,Sara Fernandes,sara.fernandes@pinnacle.example,Goa,HNI,E008,Myra Nair,Equities,Hyderabad,SUNPHARMA,Sun Pharmaceutical Industries Ltd,NSE,SELL,25,3076.94,76923.5,INTRADAY,MARKET,EXECUTED,2026-01-15 18:05:00
TRD000164,C011,Keystone Asset Mgmt,Arjun Bhat,arjun.bhat@keystone.example,Nashik,HNI,E002,Diya Patel,Equities,Mumbai,INFY,Infosys Ltd,NSE,SELL,100,1346.23,134623.0,DELIVERY,LIMIT,EXECUTED,2026-03-19 22:58:00
TRD000165,C015,Orion Broking,Dev Patel,dev.patel@orion.example,Surat,Retail,E001,Aarav Sharma,Equities,Mumbai,SUNPHARMA,Sun Pharmaceutical Industries Ltd,NSE,SELL,100,2716.42,271642.0,DELIVERY,LIMIT,EXECUTED,2026-01-11 19:51:00
TRD000166,C017,Quantum Securities,Nikhil Verma,nikhil.verma@quantum.example,Noida,Institutional,E003,Kabir Singh,Derivatives,Pune,TATASTEEL,Tata Steel Ltd,NSE,BUY,1000,2875.34,2875340.0,DELIVERY,MARKET,EXECUTED,2026-03-22 03:39:00
TRD000167,C008,Horizon Partners,Ananya Rao,ananya.rao@horizon.example,Hyderabad,HNI,E006,Anaya Joshi,Derivatives,Bengaluru,SUNPHARMA,Sun Pharmaceutical Industries Ltd,NSE,SELL,1000,218.27,218270.0,INTRADAY,LIMIT,EXECUTED,2026-01-29 07:37:00
TRD000168,C015,Orion Broking,Dev Patel,dev.patel@orion.example,Surat,Retail,E002,Diya Patel,Equities,Mumbai,TCS,Tata Consultancy Services Ltd,NSE,BUY,500,1595.0,797500.0,INTRADAY,MARKET,EXECUTED,2026-02-27 14:49:00
TRD000169,C001,Apex Capital Advisors,Raj Mehta,raj.mehta@apexcapital.example,Mumbai,Institutional,E003,Kabir Singh,Derivatives,Pune,ASIANPAINT,Asian Paints Ltd,NSE,SELL,500,569.59,284795.0,INTRADAY,MARKET,EXECUTED,2026-02-17 18:28:00
TRD000170,C016,Pinnacle Finance,Sara Fernandes,sara.fernandes@pinnacle.example,Goa,HNI,E004,Ira Deshmukh,Equities,Delhi,HDFCBANK,HDFC Bank Ltd,NSE,BUY,25,1945.16,48629.0,DELIVERY,LIMIT,EXECUTED,2026-03-23 09:58:00
TRD000171,C003,Crestline Wealth,Aman Kapoor,aman.kapoor@crestline.example,Delhi,HNI,E009,Arnav Rao,Risk,Mumbai,BAJFINANCE,Bajaj Finance Ltd,NSE,SELL,100,3588.35,358835.0,INTRADAY,MARKET,EXECUTED,2026-02-02 01:51:00
TRD000172,C007,Gateway Financial,Vikram Joshi,vikram.joshi@gateway.example,Mumbai,Institutional,E003,Kabir Singh,Derivatives,Pune,LT,Larsen & Toubro Ltd,NSE,SELL,10,1570.09,15700.9,INTRADAY,MARKET,EXECUTED,2026-03-09 13:02:00
TRD000173,C003,Crestline Wealth,Aman Kapoor,aman.kapoor@crestline.example,Delhi,HNI,E005,Vihaan Shah,Operations,Mumbai,BHARTIARTL,Bharti Airtel Ltd,NSE,SELL,500,1775.42,887710.0,DELIVERY,MARKET,EXECUTED,2026-03-16 22:05:00
TRD000174,C003,Crestline Wealth,Aman Kapoor,aman.kapoor@crestline.example,Delhi,HNI,E008,Myra Nair,Equities,Hyderabad,ADANIENT,Adani Enterprises Ltd,NSE,SELL,50,3697.81,184890.5,DELIVERY,MARKET,PARTIALLY_EXECUTED,2026-04-11 17:55:00
TRD000175,C017,Quantum Securities,Nikhil Verma,nikhil.verma@quantum.example,Noida,Institutional,E001,Aarav Sharma,Equities,Mumbai,HDFCBANK,HDFC Bank Ltd,NSE,BUY,100,762.56,76256.0,DELIVERY,LIMIT,EXECUTED,2026-03-01 02:58:00
TRD000176,C003,Crestline Wealth,Aman Kapoor,aman.kapoor@crestline.example,Delhi,HNI,E005,Vihaan Shah,Operations,Mumbai,ITC,ITC Ltd,NSE,SELL,50,2656.97,132848.5,DELIVERY,MARKET,EXECUTED,2026-04-08 12:03:00
TRD000177,C006,Falcon Broking,Simran Kaur,simran.kaur@falcon.example,Ahmedabad,Retail,E010,Kiara Kapoor,Operations,Pune,ULTRACEMCO,UltraTech Cement Ltd,NSE,SELL,1000,254.51,254510.0,DELIVERY,MARKET,EXECUTED,2026-01-06 13:12:00
TRD000178,C007,Gateway Financial,Vikram Joshi,vikram.joshi@gateway.example,Mumbai,Institutional,E010,Kiara Kapoor,Operations,Pune,HCLTECH,HCL Technologies Ltd,NSE,BUY,250,3743.22,935805.0,INTRADAY,LIMIT,PARTIALLY_EXECUTED,2026-04-10 16:54:00
TRD000179,C008,Horizon Partners,Ananya Rao,ananya.rao@horizon.example,Hyderabad,HNI,E007,Reyansh Mehta,Operations,Mumbai,AXISBANK,Axis Bank Ltd,NSE,SELL,25,2918.64,72966.0,INTRADAY,LIMIT,PARTIALLY_EXECUTED,2026-01-30 03:54:00
TRD000180,C015,Orion Broking,Dev Patel,dev.patel@orion.example,Surat,Retail,E004,Ira Deshmukh,Equities,Delhi,MARUTI,Maruti Suzuki India Ltd,NSE,BUY,150,3630.01,544501.5,INTRADAY,LIMIT,EXECUTED,2026-02-28 12:21:00
TRD000181,C012,Lotus Financial,Meera Kulkarni,meera.kulkarni@lotus.example,Pune,Retail,E009,Arnav Rao,Risk,Mumbai,BAJFINANCE,Bajaj Finance Ltd,NSE,BUY,150,1079.75,161962.5,INTRADAY,LIMIT,EXECUTED,2026-01-23 16:33:00
TRD000182,C005,Evergreen Holdings,Rohan Iyer,rohan.iyer@evergreen.example,Chennai,HNI,E002,Diya Patel,Equities,Mumbai,RELIANCE,Reliance Industries Ltd,NSE,SELL,200,3641.03,728206.0,DELIVERY,MARKET,EXECUTED,2026-03-18 12:06:00
TRD000183,C019,Summit Investments,Yash Agarwal,yash.agarwal@summit.example,Indore,Retail,E006,Anaya Joshi,Derivatives,Bengaluru,ITC,ITC Ltd,NSE,BUY,250,4183.41,1045852.5,INTRADAY,LIMIT,PARTIALLY_EXECUTED,2026-03-27 08:47:00
TRD000184,C001,Apex Capital Advisors,Raj Mehta,raj.mehta@apexcapital.example,Mumbai,Institutional,E002,Diya Patel,Equities,Mumbai,BHARTIARTL,Bharti Airtel Ltd,NSE,SELL,75,970.32,72774.0,DELIVERY,MARKET,EXECUTED,2026-03-06 15:04:00
TRD000185,C016,Pinnacle Finance,Sara Fernandes,sara.fernandes@pinnacle.example,Goa,HNI,E010,Kiara Kapoor,Operations,Pune,ASIANPAINT,Asian Paints Ltd,NSE,SELL,500,118.65,59325.0,INTRADAY,MARKET,EXECUTED,2026-01-20 22:54:00
TRD000186,C012,Lotus Financial,Meera Kulkarni,meera.kulkarni@lotus.example,Pune,Retail,E007,Reyansh Mehta,Operations,Mumbai,SUNPHARMA,Sun Pharmaceutical Industries Ltd,NSE,BUY,200,295.51,59102.0,DELIVERY,LIMIT,EXECUTED,2026-04-13 15:51:00
TRD000187,C003,Crestline Wealth,Aman Kapoor,aman.kapoor@crestline.example,Delhi,HNI,E007,Reyansh Mehta,Operations,Mumbai,KOTAKBANK,Kotak Mahindra Bank Ltd,NSE,SELL,500,1236.05,618025.0,DELIVERY,MARKET,PARTIALLY_EXECUTED,2026-01-23 00:20:00
TRD000188,C012,Lotus Financial,Meera Kulkarni,meera.kulkarni@lotus.example,Pune,Retail,E006,Anaya Joshi,Derivatives,Bengaluru,BAJFINANCE,Bajaj Finance Ltd,NSE,SELL,50,904.12,45206.0,INTRADAY,MARKET,EXECUTED,2026-04-04 01:38:00
TRD000189,C002,BlueRock Investments,Neha Shah,neha.shah@bluerock.example,Pune,Institutional,E003,Kabir Singh,Derivatives,Pune,MARUTI,Maruti Suzuki India Ltd,NSE,SELL,500,1965.51,982755.0,DELIVERY,LIMIT,EXECUTED,2026-04-05 05:31:00
TRD000190,C006,Falcon Broking,Simran Kaur,simran.kaur@falcon.example,Ahmedabad,Retail,E007,Reyansh Mehta,Operations,Mumbai,ULTRACEMCO,UltraTech Cement Ltd,NSE,SELL,1000,1469.18,1469180.0,INTRADAY,LIMIT,PARTIALLY_EXECUTED,2026-04-04 04:13:00
TRD000191,C001,Apex Capital Advisors,Raj Mehta,raj.mehta@apexcapital.example,Mumbai,Institutional,E006,Anaya Joshi,Derivatives,Bengaluru,MARUTI,Maruti Suzuki India Ltd,NSE,BUY,200,2486.93,497386.0,INTRADAY,LIMIT,EXECUTED,2026-01-06 05:40:00
TRD000192,C002,BlueRock Investments,Neha Shah,neha.shah@bluerock.example,Pune,Institutional,E010,Kiara Kapoor,Operations,Pune,ASIANPAINT,Asian Paints Ltd,NSE,BUY,500,2673.44,1336720.0,DELIVERY,MARKET,EXECUTED,2026-03-11 14:19:00
TRD000193,C019,Summit Investments,Yash Agarwal,yash.agarwal@summit.example,Indore,Retail,E002,Diya Patel,Equities,Mumbai,ITC,ITC Ltd,NSE,BUY,250,1375.84,343960.0,INTRADAY,MARKET,PARTIALLY_EXECUTED,2026-01-28 22:51:00
TRD000194,C017,Quantum Securities,Nikhil Verma,nikhil.verma@quantum.example,Noida,Institutional,E010,Kiara Kapoor,Operations,Pune,ASIANPAINT,Asian Paints Ltd,NSE,BUY,50,2219.38,110969.0,INTRADAY,LIMIT,PARTIALLY_EXECUTED,2026-04-13 11:48:00
TRD000195,C011,Keystone Asset Mgmt,Arjun Bhat,arjun.bhat@keystone.example,Nashik,HNI,E003,Kabir Singh,Derivatives,Pune,ADANIENT,Adani Enterprises Ltd,NSE,SELL,500,1542.89,771445.0,INTRADAY,MARKET,EXECUTED,2026-02-18 12:15:00
TRD000196,C009,Indus Prime,Karan Malhotra,karan.malhotra@indusprime.example,Kolkata,Retail,E009,Arnav Rao,Risk,Mumbai,AXISBANK,Axis Bank Ltd,NSE,BUY,100,3258.38,325838.0,INTRADAY,LIMIT,PARTIALLY_EXECUTED,2026-02-08 02:51:00
TRD000197,C012,Lotus Financial,Meera Kulkarni,meera.kulkarni@lotus.example,Pune,Retail,E009,Arnav Rao,Risk,Mumbai,WIPRO,Wipro Ltd,NSE,SELL,25,2444.86,61121.5,INTRADAY,LIMIT,EXECUTED,2026-04-10 06:29:00
TRD000198,C005,Evergreen Holdings,Rohan Iyer,rohan.iyer@evergreen.example,Chennai,HNI,E005,Vihaan Shah,Operations,Mumbai,RELIANCE,Reliance Industries Ltd,NSE,SELL,25,1510.29,37757.25,INTRADAY,LIMIT,EXECUTED,2026-03-22 22:01:00
TRD000199,C007,Gateway Financial,Vikram Joshi,vikram.joshi@gateway.example,Mumbai,Institutional,E009,Arnav Rao,Risk,Mumbai,WIPRO,Wipro Ltd,NSE,SELL,50,534.47,26723.5,DELIVERY,MARKET,EXECUTED,2026-02-13 22:41:00
TRD000200,C008,Horizon Partners,Ananya Rao,ananya.rao@horizon.example,Hyderabad,HNI,E001,Aarav Sharma,Equities,Mumbai,HDFCBANK,HDFC Bank Ltd,NSE,SELL,150,3036.93,455539.5,DELIVERY,MARKET,EXECUTED,2026-01-19 16:32:00
TRD000201,C014,Northstar Wealth,Tanya Sethi,tanya.sethi@northstar.example,Gurugram,HNI,E008,Myra Nair,Equities,Hyderabad,ASIANPAINT,Asian Paints Ltd,NSE,BUY,100,1406.61,140661.0,DELIVERY,MARKET,EXECUTED,2026-01-12 03:44:00
TRD000202,C006,Falcon Broking,Simran Kaur,simran.kaur@falcon.example,Ahmedabad,Retail,E007,Reyansh Mehta,Operations,Mumbai,SBIN,State Bank of India,NSE,BUY,200,3327.46,665492.0,INTRADAY,MARKET,EXECUTED,2026-02-04 07:15:00
TRD000203,C010,Jupiter Investments,Ishita Desai,ishita.desai@jupiter.example,Mumbai,Institutional,E010,Kiara Kapoor,Operations,Pune,ULTRACEMCO,UltraTech Cement Ltd,NSE,BUY,150,1255.97,188395.5,INTRADAY,MARKET,PARTIALLY_EXECUTED,2026-04-10 06:57:00
TRD000204,C009,Indus Prime,Karan Malhotra,karan.malhotra@indusprime.example,Kolkata,Retail,E004,Ira Deshmukh,Equities,Delhi,HDFCBANK,HDFC Bank Ltd,NSE,SELL,50,3093.56,154678.0,DELIVERY,MARKET,EXECUTED,2026-02-17 05:15:00
TRD000205,C010,Jupiter Investments,Ishita Desai,ishita.desai@jupiter.example,Mumbai,Institutional,E010,Kiara Kapoor,Operations,Pune,ITC,ITC Ltd,NSE,BUY,1000,3608.04,3608040.0,INTRADAY,LIMIT,EXECUTED,2026-03-16 04:51:00
TRD000206,C013,Meridian Capital,Aditya Jain,aditya.jain@meridian.example,Jaipur,Institutional,E002,Diya Patel,Equities,Mumbai,SBIN,State Bank of India,NSE,BUY,250,1416.62,354155.0,DELIVERY,LIMIT,PARTIALLY_EXECUTED,2026-02-15 12:59:00
TRD000207,C008,Horizon Partners,Ananya Rao,ananya.rao@horizon.example,Hyderabad,HNI,E008,Myra Nair,Equities,Hyderabad,WIPRO,Wipro Ltd,NSE,SELL,100,2481.83,248183.0,INTRADAY,LIMIT,EXECUTED,2026-01-03 11:12:00
TRD000208,C002,BlueRock Investments,Neha Shah,neha.shah@bluerock.example,Pune,Institutional,E002,Diya Patel,Equities,Mumbai,ADANIENT,Adani Enterprises Ltd,NSE,SELL,50,1753.29,87664.5,INTRADAY,MARKET,EXECUTED,2026-04-02 20:47:00
TRD000209,C012,Lotus Financial,Meera Kulkarni,meera.kulkarni@lotus.example,Pune,Retail,E010,Kiara Kapoor,Operations,Pune,LT,Larsen & Toubro Ltd,NSE,BUY,50,2052.72,102636.0,INTRADAY,LIMIT,PARTIALLY_EXECUTED,2026-03-25 05:04:00
TRD000210,C018,Riverstone Advisors,Pooja Menon,pooja.menon@riverstone.example,Kochi,HNI,E004,Ira Deshmukh,Equities,Delhi,LT,Larsen & Toubro Ltd,NSE,BUY,500,1923.37,961685.0,DELIVERY,MARKET,EXECUTED,2026-03-08 05:54:00
TRD000211,C018,Riverstone Advisors,Pooja Menon,pooja.menon@riverstone.example,Kochi,HNI,E009,Arnav Rao,Risk,Mumbai,ITC,ITC Ltd,NSE,BUY,50,1435.2,71760.0,INTRADAY,MARKET,EXECUTED,2026-04-06 02:39:00
TRD000212,C019,Summit Investments,Yash Agarwal,yash.agarwal@summit.example,Indore,Retail,E008,Myra Nair,Equities,Hyderabad,INFY,Infosys Ltd,NSE,SELL,10,1950.87,19508.7,INTRADAY,LIMIT,EXECUTED,2026-04-04 19:39:00
TRD000213,C018,Riverstone Advisors,Pooja Menon,pooja.menon@riverstone.example,Kochi,HNI,E008,Myra Nair,Equities,Hyderabad,AXISBANK,Axis Bank Ltd,NSE,BUY,200,1132.09,226418.0,DELIVERY,MARKET,EXECUTED,2026-01-01 22:25:00
TRD000214,C014,Northstar Wealth,Tanya Sethi,tanya.sethi@northstar.example,Gurugram,HNI,E006,Anaya Joshi,Derivatives,Bengaluru,INFY,Infosys Ltd,NSE,BUY,25,4142.95,103573.75,DELIVERY,LIMIT,PARTIALLY_EXECUTED,2026-03-28 07:45:00
TRD000215,C006,Falcon Broking,Simran Kaur,simran.kaur@falcon.example,Ahmedabad,Retail,E003,Kabir Singh,Derivatives,Pune,HCLTECH,HCL Technologies Ltd,NSE,SELL,200,1930.73,386146.0,INTRADAY,MARKET,EXECUTED,2026-03-11 02:33:00
TRD000216,C012,Lotus Financial,Meera Kulkarni,meera.kulkarni@lotus.example,Pune,Retail,E002,Diya Patel,Equities,Mumbai,SBIN,State Bank of India,NSE,SELL,500,609.03,304515.0,DELIVERY,MARKET,EXECUTED,2026-02-10 22:11:00
TRD000217,C015,Orion Broking,Dev Patel,dev.patel@orion.example,Surat,Retail,E009,Arnav Rao,Risk,Mumbai,HCLTECH,HCL Technologies Ltd,NSE,SELL,75,1103.51,82763.25,DELIVERY,LIMIT,EXECUTED,2026-03-05 09:38:00
TRD000218,C004,Delta Securities,Priya Nair,priya.nair@delta.example,Bengaluru,Institutional,E001,Aarav Sharma,Equities,Mumbai,HCLTECH,HCL Technologies Ltd,NSE,BUY,75,933.03,69977.25,DELIVERY,LIMIT,EXECUTED,2026-01-19 18:04:00
TRD000219,C008,Horizon Partners,Ananya Rao,ananya.rao@horizon.example,Hyderabad,HNI,E001,Aarav Sharma,Equities,Mumbai,BHARTIARTL,Bharti Airtel Ltd,NSE,SELL,75,2306.11,172958.25,DELIVERY,LIMIT,EXECUTED,2026-01-11 15:51:00
TRD000220,C019,Summit Investments,Yash Agarwal,yash.agarwal@summit.example,Indore,Retail,E006,Anaya Joshi,Derivatives,Bengaluru,TCS,Tata Consultancy Services Ltd,NSE,SELL,75,1326.76,99507.0,DELIVERY,LIMIT,EXECUTED,2026-01-27 11:09:00
TRD000221,C009,Indus Prime,Karan Malhotra,karan.malhotra@indusprime.example,Kolkata,Retail,E001,Aarav Sharma,Equities,Mumbai,BAJFINANCE,Bajaj Finance Ltd,NSE,BUY,200,2372.33,474466.0,INTRADAY,LIMIT,EXECUTED,2026-01-09 22:05:00
TRD000222,C014,Northstar Wealth,Tanya Sethi,tanya.sethi@northstar.example,Gurugram,HNI,E007,Reyansh Mehta,Operations,Mumbai,ICICIBANK,ICICI Bank Ltd,NSE,SELL,200,841.66,168332.0,INTRADAY,MARKET,EXECUTED,2026-04-09 07:29:00
TRD000223,C010,Jupiter Investments,Ishita Desai,ishita.desai@jupiter.example,Mumbai,Institutional,E003,Kabir Singh,Derivatives,Pune,ADANIENT,Adani Enterprises Ltd,NSE,BUY,500,1783.17,891585.0,DELIVERY,LIMIT,EXECUTED,2026-03-18 05:00:00
TRD000224,C009,Indus Prime,Karan Malhotra,karan.malhotra@indusprime.example,Kolkata,Retail,E004,Ira Deshmukh,Equities,Delhi,MARUTI,Maruti Suzuki India Ltd,NSE,BUY,250,3570.95,892737.5,DELIVERY,MARKET,EXECUTED,2026-01-18 05:13:00
TRD000225,C013,Meridian Capital,Aditya Jain,aditya.jain@meridian.example,Jaipur,Institutional,E010,Kiara Kapoor,Operations,Pune,ULTRACEMCO,UltraTech Cement Ltd,NSE,BUY,25,859.29,21482.25,DELIVERY,LIMIT,EXECUTED,2026-04-13 02:54:00
TRD000226,C011,Keystone Asset Mgmt,Arjun Bhat,arjun.bhat@keystone.example,Nashik,HNI,E005,Vihaan Shah,Operations,Mumbai,TATASTEEL,Tata Steel Ltd,NSE,BUY,75,4043.95,303296.25,INTRADAY,MARKET,EXECUTED,2026-01-22 17:48:00
TRD000227,C013,Meridian Capital,Aditya Jain,aditya.jain@meridian.example,Jaipur,Institutional,E004,Ira Deshmukh,Equities,Delhi,BAJFINANCE,Bajaj Finance Ltd,NSE,SELL,100,1651.42,165142.0,INTRADAY,LIMIT,EXECUTED,2026-04-08 12:48:00
TRD000228,C012,Lotus Financial,Meera Kulkarni,meera.kulkarni@lotus.example,Pune,Retail,E009,Arnav Rao,Risk,Mumbai,ASIANPAINT,Asian Paints Ltd,NSE,SELL,25,3388.59,84714.75,INTRADAY,MARKET,EXECUTED,2026-03-27 20:29:00
TRD000229,C011,Keystone Asset Mgmt,Arjun Bhat,arjun.bhat@keystone.example,Nashik,HNI,E007,Reyansh Mehta,Operations,Mumbai,RELIANCE,Reliance Industries Ltd,NSE,BUY,50,151.74,7587.0,INTRADAY,LIMIT,EXECUTED,2026-04-12 02:42:00
TRD000230,C007,Gateway Financial,Vikram Joshi,vikram.joshi@gateway.example,Mumbai,Institutional,E006,Anaya Joshi,Derivatives,Bengaluru,LT,Larsen & Toubro Ltd,NSE,SELL,1000,3514.29,3514290.0,INTRADAY,LIMIT,PARTIALLY_EXECUTED,2026-04-02 06:43:00
TRD000231,C016,Pinnacle Finance,Sara Fernandes,sara.fernandes@pinnacle.example,Goa,HNI,E008,Myra Nair,Equities,Hyderabad,SBIN,State Bank of India,NSE,SELL,50,660.93,33046.5,INTRADAY,MARKET,EXECUTED,2026-04-10 21:08:00
TRD000232,C017,Quantum Securities,Nikhil Verma,nikhil.verma@quantum.example,Noida,Institutional,E001,Aarav Sharma,Equities,Mumbai,INFY,Infosys Ltd,NSE,BUY,10,1781.99,17819.9,DELIVERY,MARKET,EXECUTED,2026-02-12 12:23:00
TRD000233,C007,Gateway Financial,Vikram Joshi,vikram.joshi@gateway.example,Mumbai,Institutional,E009,Arnav Rao,Risk,Mumbai,ADANIENT,Adani Enterprises Ltd,NSE,SELL,10,2627.39,26273.9,INTRADAY,MARKET,EXECUTED,2026-03-30 08:24:00
TRD000234,C018,Riverstone Advisors,Pooja Menon,pooja.menon@riverstone.example,Kochi,HNI,E009,Arnav Rao,Risk,Mumbai,HCLTECH,HCL Technologies Ltd,NSE,BUY,10,2263.55,22635.5,INTRADAY,MARKET,PARTIALLY_EXECUTED,2026-02-20 09:36:00
TRD000235,C006,Falcon Broking,Simran Kaur,simran.kaur@falcon.example,Ahmedabad,Retail,E002,Diya Patel,Equities,Mumbai,HDFCBANK,HDFC Bank Ltd,NSE,BUY,75,874.8,65610.0,INTRADAY,LIMIT,EXECUTED,2026-04-07 05:22:00
TRD000236,C013,Meridian Capital,Aditya Jain,aditya.jain@meridian.example,Jaipur,Institutional,E002,Diya Patel,Equities,Mumbai,SUNPHARMA,Sun Pharmaceutical Industries Ltd,NSE,SELL,250,2409.98,602495.0,INTRADAY,MARKET,EXECUTED,2026-02-11 12:02:00
TRD000237,C003,Crestline Wealth,Aman Kapoor,aman.kapoor@crestline.example,Delhi,HNI,E007,Reyansh Mehta,Operations,Mumbai,BHARTIARTL,Bharti Airtel Ltd,NSE,SELL,500,2043.76,1021880.0,DELIVERY,MARKET,PARTIALLY_EXECUTED,2026-01-03 02:32:00
TRD000238,C014,Northstar Wealth,Tanya Sethi,tanya.sethi@northstar.example,Gurugram,HNI,E006,Anaya Joshi,Derivatives,Bengaluru,TCS,Tata Consultancy Services Ltd,NSE,BUY,500,3867.31,1933655.0,DELIVERY,LIMIT,EXECUTED,2026-02-12 05:06:00
TRD000239,C002,BlueRock Investments,Neha Shah,neha.shah@bluerock.example,Pune,Institutional,E002,Diya Patel,Equities,Mumbai,WIPRO,Wipro Ltd,NSE,BUY,50,3906.87,195343.5,DELIVERY,MARKET,EXECUTED,2026-02-27 15:15:00
TRD000240,C013,Meridian Capital,Aditya Jain,aditya.jain@meridian.example,Jaipur,Institutional,E002,Diya Patel,Equities,Mumbai,AXISBANK,Axis Bank Ltd,NSE,BUY,1000,1074.54,1074540.0,INTRADAY,LIMIT,EXECUTED,2026-03-13 05:30:00
TRD000241,C003,Crestline Wealth,Aman Kapoor,aman.kapoor@crestline.example,Delhi,HNI,E009,Arnav Rao,Risk,Mumbai,SUNPHARMA,Sun Pharmaceutical Industries Ltd,NSE,BUY,25,1883.62,47090.5,INTRADAY,LIMIT,EXECUTED,2026-01-15 05:22:00
TRD000242,C001,Apex Capital Advisors,Raj Mehta,raj.mehta@apexcapital.example,Mumbai,Institutional,E005,Vihaan Shah,Operations,Mumbai,ADANIENT,Adani Enterprises Ltd,NSE,SELL,75,1549.16,116187.0,INTRADAY,MARKET,PARTIALLY_EXECUTED,2026-03-10 17:30:00
TRD000243,C003,Crestline Wealth,Aman Kapoor,aman.kapoor@crestline.example,Delhi,HNI,E010,Kiara Kapoor,Operations,Pune,AXISBANK,Axis Bank Ltd,NSE,BUY,25,422.59,10564.75,INTRADAY,MARKET,PARTIALLY_EXECUTED,2026-01-29 11:03:00
TRD000244,C011,Keystone Asset Mgmt,Arjun Bhat,arjun.bhat@keystone.example,Nashik,HNI,E006,Anaya Joshi,Derivatives,Bengaluru,HDFCBANK,HDFC Bank Ltd,NSE,BUY,10,3965.28,39652.8,INTRADAY,LIMIT,EXECUTED,2026-03-23 08:19:00
TRD000245,C005,Evergreen Holdings,Rohan Iyer,rohan.iyer@evergreen.example,Chennai,HNI,E002,Diya Patel,Equities,Mumbai,SBIN,State Bank of India,NSE,SELL,250,2376.99,594247.5,INTRADAY,MARKET,EXECUTED,2026-04-04 16:08:00
TRD000246,C003,Crestline Wealth,Aman Kapoor,aman.kapoor@crestline.example,Delhi,HNI,E006,Anaya Joshi,Derivatives,Bengaluru,BAJFINANCE,Bajaj Finance Ltd,NSE,BUY,1000,2545.95,2545950.0,INTRADAY,MARKET,EXECUTED,2026-03-01 10:42:00
TRD000247,C014,Northstar Wealth,Tanya Sethi,tanya.sethi@northstar.example,Gurugram,HNI,E007,Reyansh Mehta,Operations,Mumbai,INFY,Infosys Ltd,NSE,BUY,1000,2229.35,2229350.0,DELIVERY,MARKET,EXECUTED,2026-03-11 16:41:00
TRD000248,C010,Jupiter Investments,Ishita Desai,ishita.desai@jupiter.example,Mumbai,Institutional,E005,Vihaan Shah,Operations,Mumbai,ASIANPAINT,Asian Paints Ltd,NSE,BUY,25,773.06,19326.5,INTRADAY,LIMIT,PARTIALLY_EXECUTED,2026-02-20 14:56:00
TRD000249,C003,Crestline Wealth,Aman Kapoor,aman.kapoor@crestline.example,Delhi,HNI,E006,Anaya Joshi,Derivatives,Bengaluru,WIPRO,Wipro Ltd,NSE,BUY,250,2528.51,632127.5,INTRADAY,MARKET,EXECUTED,2026-02-05 23:36:00
TRD000250,C010,Jupiter Investments,Ishita Desai,ishita.desai@jupiter.example,Mumbai,Institutional,E001,Aarav Sharma,Equities,Mumbai,BHARTIARTL,Bharti Airtel Ltd,NSE,SELL,1000,1648.25,1648250.0,INTRADAY,LIMIT,PARTIALLY_EXECUTED,2026-03-02 09:02:00
TRD000251,C020,Trident Capital,Riya Chawla,riya.chawla@trident.example,Chandigarh,Institutional,E003,Kabir Singh,Derivatives,Pune,AXISBANK,Axis Bank Ltd,NSE,SELL,1000,3983.05,3983050.0,INTRADAY,LIMIT,EXECUTED,2026-02-06 22:47:00
TRD000252,C013,Meridian Capital,Aditya Jain,aditya.jain@meridian.example,Jaipur,Institutional,E006,Anaya Joshi,Derivatives,Bengaluru,AXISBANK,Axis Bank Ltd,NSE,SELL,1000,3302.82,3302820.0,INTRADAY,LIMIT,PARTIALLY_EXECUTED,2026-03-01 17:04:00
TRD000253,C012,Lotus Financial,Meera Kulkarni,meera.kulkarni@lotus.example,Pune,Retail,E002,Diya Patel,Equities,Mumbai,TCS,Tata Consultancy Services Ltd,NSE,BUY,1000,4188.75,4188750.0,DELIVERY,LIMIT,EXECUTED,2026-02-03 03:21:00
TRD000254,C015,Orion Broking,Dev Patel,dev.patel@orion.example,Surat,Retail,E005,Vihaan Shah,Operations,Mumbai,INFY,Infosys Ltd,NSE,SELL,250,657.72,164430.0,DELIVERY,LIMIT,EXECUTED,2026-02-25 12:20:00
TRD000255,C014,Northstar Wealth,Tanya Sethi,tanya.sethi@northstar.example,Gurugram,HNI,E007,Reyansh Mehta,Operations,Mumbai,INFY,Infosys Ltd,NSE,SELL,1000,2057.05,2057050.0,INTRADAY,MARKET,EXECUTED,2026-03-15 08:23:00
TRD000256,C018,Riverstone Advisors,Pooja Menon,pooja.menon@riverstone.example,Kochi,HNI,E010,Kiara Kapoor,Operations,Pune,INFY,Infosys Ltd,NSE,BUY,75,2791.03,209327.25,DELIVERY,MARKET,PARTIALLY_EXECUTED,2026-03-07 00:18:00
TRD000257,C011,Keystone Asset Mgmt,Arjun Bhat,arjun.bhat@keystone.example,Nashik,HNI,E007,Reyansh Mehta,Operations,Mumbai,HDFCBANK,HDFC Bank Ltd,NSE,BUY,25,1149.71,28742.75,DELIVERY,LIMIT,EXECUTED,2026-04-04 08:25:00
TRD000258,C013,Meridian Capital,Aditya Jain,aditya.jain@meridian.example,Jaipur,Institutional,E008,Myra Nair,Equities,Hyderabad,TCS,Tata Consultancy Services Ltd,NSE,BUY,150,4190.55,628582.5,DELIVERY,LIMIT,PARTIALLY_EXECUTED,2026-03-30 06:30:00
TRD000259,C003,Crestline Wealth,Aman Kapoor,aman.kapoor@crestline.example,Delhi,HNI,E002,Diya Patel,Equities,Mumbai,ICICIBANK,ICICI Bank Ltd,NSE,SELL,100,1496.72,149672.0,INTRADAY,LIMIT,PARTIALLY_EXECUTED,2026-02-08 01:04:00
TRD000260,C004,Delta Securities,Priya Nair,priya.nair@delta.example,Bengaluru,Institutional,E008,Myra Nair,Equities,Hyderabad,ADANIENT,Adani Enterprises Ltd,NSE,SELL,25,1320.59,33014.75,DELIVERY,LIMIT,EXECUTED,2026-01-22 08:03:00
TRD000261,C006,Falcon Broking,Simran Kaur,simran.kaur@falcon.example,Ahmedabad,Retail,E004,Ira Deshmukh,Equities,Delhi,KOTAKBANK,Kotak Mahindra Bank Ltd,NSE,BUY,500,743.96,371980.0,INTRADAY,LIMIT,EXECUTED,2026-04-13 07:16:00
TRD000262,C013,Meridian Capital,Aditya Jain,aditya.jain@meridian.example,Jaipur,Institutional,E003,Kabir Singh,Derivatives,Pune,SBIN,State Bank of India,NSE,SELL,200,205.13,41026.0,INTRADAY,LIMIT,PARTIALLY_EXECUTED,2026-02-06 07:22:00
TRD000263,C001,Apex Capital Advisors,Raj Mehta,raj.mehta@apexcapital.example,Mumbai,Institutional,E004,Ira Deshmukh,Equities,Delhi,ITC,ITC Ltd,NSE,SELL,25,2460.79,61519.75,DELIVERY,LIMIT,EXECUTED,2026-04-09 02:57:00
TRD000264,C007,Gateway Financial,Vikram Joshi,vikram.joshi@gateway.example,Mumbai,Institutional,E008,Myra Nair,Equities,Hyderabad,HDFCBANK,HDFC Bank Ltd,NSE,SELL,250,2256.55,564137.5,INTRADAY,LIMIT,EXECUTED,2026-02-27 10:32:00
TRD000265,C012,Lotus Financial,Meera Kulkarni,meera.kulkarni@lotus.example,Pune,Retail,E006,Anaya Joshi,Derivatives,Bengaluru,ADANIENT,Adani Enterprises Ltd,NSE,BUY,100,3865.38,386538.0,DELIVERY,LIMIT,EXECUTED,2026-01-16 19:32:00
TRD000266,C008,Horizon Partners,Ananya Rao,ananya.rao@horizon.example,Hyderabad,HNI,E005,Vihaan Shah,Operations,Mumbai,HDFCBANK,HDFC Bank Ltd,NSE,BUY,150,2938.49,440773.5,INTRADAY,LIMIT,EXECUTED,2026-04-04 09:04:00
TRD000267,C019,Summit Investments,Yash Agarwal,yash.agarwal@summit.example,Indore,Retail,E007,Reyansh Mehta,Operations,Mumbai,HCLTECH,HCL Technologies Ltd,NSE,BUY,250,2700.09,675022.5,DELIVERY,LIMIT,EXECUTED,2026-02-01 22:07:00
TRD000268,C005,Evergreen Holdings,Rohan Iyer,rohan.iyer@evergreen.example,Chennai,HNI,E003,Kabir Singh,Derivatives,Pune,MARUTI,Maruti Suzuki India Ltd,NSE,SELL,1000,305.61,305610.0,DELIVERY,LIMIT,EXECUTED,2026-03-07 17:54:00
TRD000269,C007,Gateway Financial,Vikram Joshi,vikram.joshi@gateway.example,Mumbai,Institutional,E007,Reyansh Mehta,Operations,Mumbai,BAJFINANCE,Bajaj Finance Ltd,NSE,SELL,200,2902.53,580506.0,INTRADAY,LIMIT,EXECUTED,2026-03-18 01:10:00
TRD000270,C003,Crestline Wealth,Aman Kapoor,aman.kapoor@crestline.example,Delhi,HNI,E010,Kiara Kapoor,Operations,Pune,TATASTEEL,Tata Steel Ltd,NSE,BUY,100,219.54,21954.0,INTRADAY,MARKET,PARTIALLY_EXECUTED,2026-02-11 07:36:00
TRD000271,C019,Summit Investments,Yash Agarwal,yash.agarwal@summit.example,Indore,Retail,E008,Myra Nair,Equities,Hyderabad,BAJFINANCE,Bajaj Finance Ltd,NSE,BUY,1000,554.96,554960.0,INTRADAY,MARKET,PARTIALLY_EXECUTED,2026-04-10 06:07:00
TRD000272,C018,Riverstone Advisors,Pooja Menon,pooja.menon@riverstone.example,Kochi,HNI,E004,Ira Deshmukh,Equities,Delhi,HCLTECH,HCL Technologies Ltd,NSE,BUY,75,1310.07,98255.25,INTRADAY,LIMIT,EXECUTED,2026-01-07 06:04:00
TRD000273,C003,Crestline Wealth,Aman Kapoor,aman.kapoor@crestline.example,Delhi,HNI,E008,Myra Nair,Equities,Hyderabad,HDFCBANK,HDFC Bank Ltd,NSE,BUY,75,3421.04,256578.0,INTRADAY,MARKET,EXECUTED,2026-03-06 05:10:00
TRD000274,C007,Gateway Financial,Vikram Joshi,vikram.joshi@gateway.example,Mumbai,Institutional,E004,Ira Deshmukh,Equities,Delhi,RELIANCE,Reliance Industries Ltd,NSE,SELL,500,1241.66,620830.0,DELIVERY,LIMIT,EXECUTED,2026-04-09 11:09:00
TRD000275,C010,Jupiter Investments,Ishita Desai,ishita.desai@jupiter.example,Mumbai,Institutional,E010,Kiara Kapoor,Operations,Pune,WIPRO,Wipro Ltd,NSE,BUY,50,4046.81,202340.5,DELIVERY,LIMIT,EXECUTED,2026-03-17 07:32:00
TRD000276,C005,Evergreen Holdings,Rohan Iyer,rohan.iyer@evergreen.example,Chennai,HNI,E004,Ira Deshmukh,Equities,Delhi,ICICIBANK,ICICI Bank Ltd,NSE,SELL,75,3218.46,241384.5,INTRADAY,MARKET,EXECUTED,2026-03-13 20:59:00
TRD000277,C014,Northstar Wealth,Tanya Sethi,tanya.sethi@northstar.example,Gurugram,HNI,E007,Reyansh Mehta,Operations,Mumbai,ADANIENT,Adani Enterprises Ltd,NSE,BUY,25,1742.73,43568.25,INTRADAY,LIMIT,PARTIALLY_EXECUTED,2026-02-21 00:50:00
TRD000278,C011,Keystone Asset Mgmt,Arjun Bhat,arjun.bhat@keystone.example,Nashik,HNI,E010,Kiara Kapoor,Operations,Pune,TATASTEEL,Tata Steel Ltd,NSE,BUY,250,2697.37,674342.5,DELIVERY,LIMIT,EXECUTED,2026-03-07 14:20:00
TRD000279,C014,Northstar Wealth,Tanya Sethi,tanya.sethi@northstar.example,Gurugram,HNI,E004,Ira Deshmukh,Equities,Delhi,ASIANPAINT,Asian Paints Ltd,NSE,SELL,150,3493.63,524044.5,DELIVERY,LIMIT,EXECUTED,2026-03-03 20:55:00
TRD000280,C002,BlueRock Investments,Neha Shah,neha.shah@bluerock.example,Pune,Institutional,E001,Aarav Sharma,Equities,Mumbai,HDFCBANK,HDFC Bank Ltd,NSE,SELL,10,596.24,5962.4,INTRADAY,LIMIT,EXECUTED,2026-01-30 03:29:00
TRD000281,C014,Northstar Wealth,Tanya Sethi,tanya.sethi@northstar.example,Gurugram,HNI,E004,Ira Deshmukh,Equities,Delhi,ICICIBANK,ICICI Bank Ltd,NSE,SELL,50,3683.25,184162.5,DELIVERY,LIMIT,EXECUTED,2026-02-20 06:27:00
TRD000282,C003,Crestline Wealth,Aman Kapoor,aman.kapoor@crestline.example,Delhi,HNI,E006,Anaya Joshi,Derivatives,Bengaluru,SBIN,State Bank of India,NSE,BUY,200,2659.36,531872.0,INTRADAY,MARKET,EXECUTED,2026-02-13 00:14:00
TRD000283,C001,Apex Capital Advisors,Raj Mehta,raj.mehta@apexcapital.example,Mumbai,Institutional,E004,Ira Deshmukh,Equities,Delhi,ASIANPAINT,Asian Paints Ltd,NSE,BUY,50,2527.99,126399.5,INTRADAY,MARKET,EXECUTED,2026-04-05 22:44:00
TRD000284,C011,Keystone Asset Mgmt,Arjun Bhat,arjun.bhat@keystone.example,Nashik,HNI,E002,Diya Patel,Equities,Mumbai,HCLTECH,HCL Technologies Ltd,NSE,BUY,250,376.46,94115.0,DELIVERY,MARKET,EXECUTED,2026-03-12 02:54:00
TRD000285,C011,Keystone Asset Mgmt,Arjun Bhat,arjun.bhat@keystone.example,Nashik,HNI,E006,Anaya Joshi,Derivatives,Bengaluru,AXISBANK,Axis Bank Ltd,NSE,BUY,200,3267.79,653558.0,DELIVERY,MARKET,EXECUTED,2026-01-25 14:58:00
TRD000286,C020,Trident Capital,Riya Chawla,riya.chawla@trident.example,Chandigarh,Institutional,E003,Kabir Singh,Derivatives,Pune,ADANIENT,Adani Enterprises Ltd,NSE,SELL,75,2669.55,200216.25,INTRADAY,LIMIT,EXECUTED,2026-01-28 22:36:00
TRD000287,C003,Crestline Wealth,Aman Kapoor,aman.kapoor@crestline.example,Delhi,HNI,E002,Diya Patel,Equities,Mumbai,ICICIBANK,ICICI Bank Ltd,NSE,BUY,1000,3088.99,3088990.0,INTRADAY,LIMIT,EXECUTED,2026-03-06 09:07:00
TRD000288,C008,Horizon Partners,Ananya Rao,ananya.rao@horizon.example,Hyderabad,HNI,E005,Vihaan Shah,Operations,Mumbai,INFY,Infosys Ltd,NSE,BUY,500,2558.11,1279055.0,DELIVERY,LIMIT,EXECUTED,2026-02-22 06:05:00
TRD000289,C017,Quantum Securities,Nikhil Verma,nikhil.verma@quantum.example,Noida,Institutional,E010,Kiara Kapoor,Operations,Pune,KOTAKBANK,Kotak Mahindra Bank Ltd,NSE,BUY,200,1301.16,260232.0,DELIVERY,LIMIT,PARTIALLY_EXECUTED,2026-01-11 07:39:00
TRD000290,C004,Delta Securities,Priya Nair,priya.nair@delta.example,Bengaluru,Institutional,E004,Ira Deshmukh,Equities,Delhi,ASIANPAINT,Asian Paints Ltd,NSE,BUY,500,3742.1,1871050.0,INTRADAY,LIMIT,EXECUTED,2026-01-03 13:58:00
TRD000291,C013,Meridian Capital,Aditya Jain,aditya.jain@meridian.example,Jaipur,Institutional,E010,Kiara Kapoor,Operations,Pune,HCLTECH,HCL Technologies Ltd,NSE,SELL,500,2895.31,1447655.0,DELIVERY,MARKET,EXECUTED,2026-03-28 03:08:00
TRD000292,C001,Apex Capital Advisors,Raj Mehta,raj.mehta@apexcapital.example,Mumbai,Institutional,E005,Vihaan Shah,Operations,Mumbai,ITC,ITC Ltd,NSE,BUY,10,3988.82,39888.2,INTRADAY,LIMIT,PARTIALLY_EXECUTED,2026-03-14 20:01:00
TRD000293,C013,Meridian Capital,Aditya Jain,aditya.jain@meridian.example,Jaipur,Institutional,E002,Diya Patel,Equities,Mumbai,BAJFINANCE,Bajaj Finance Ltd,NSE,BUY,100,429.0,42900.0,DELIVERY,MARKET,EXECUTED,2026-01-15 18:30:00
TRD000294,C013,Meridian Capital,Aditya Jain,aditya.jain@meridian.example,Jaipur,Institutional,E010,Kiara Kapoor,Operations,Pune,INFY,Infosys Ltd,NSE,SELL,200,3088.78,617756.0,DELIVERY,MARKET,EXECUTED,2026-02-13 19:52:00
TRD000295,C014,Northstar Wealth,Tanya Sethi,tanya.sethi@northstar.example,Gurugram,HNI,E002,Diya Patel,Equities,Mumbai,ADANIENT,Adani Enterprises Ltd,NSE,BUY,100,2825.92,282592.0,DELIVERY,MARKET,EXECUTED,2026-02-02 08:39:00
TRD000296,C001,Apex Capital Advisors,Raj Mehta,raj.mehta@apexcapital.example,Mumbai,Institutional,E003,Kabir Singh,Derivatives,Pune,ASIANPAINT,Asian Paints Ltd,NSE,SELL,500,2213.37,1106685.0,DELIVERY,LIMIT,EXECUTED,2026-02-17 13:55:00
TRD000297,C009,Indus Prime,Karan Malhotra,karan.malhotra@indusprime.example,Kolkata,Retail,E002,Diya Patel,Equities,Mumbai,TATASTEEL,Tata Steel Ltd,NSE,SELL,200,1204.2,240840.0,INTRADAY,MARKET,PARTIALLY_EXECUTED,2026-01-13 00:18:00
TRD000298,C015,Orion Broking,Dev Patel,dev.patel@orion.example,Surat,Retail,E009,Arnav Rao,Risk,Mumbai,SUNPHARMA,Sun Pharmaceutical Industries Ltd,NSE,BUY,250,3621.27,905317.5,INTRADAY,MARKET,EXECUTED,2026-01-31 18:21:00
TRD000299,C004,Delta Securities,Priya Nair,priya.nair@delta.example,Bengaluru,Institutional,E010,Kiara Kapoor,Operations,Pune,HDFCBANK,HDFC Bank Ltd,NSE,BUY,500,95.57,47785.0,DELIVERY,MARKET,PARTIALLY_EXECUTED,2026-01-03 14:56:00
TRD000300,C012,Lotus Financial,Meera Kulkarni,meera.kulkarni@lotus.example,Pune,Retail,E007,Reyansh Mehta,Operations,Mumbai,ICICIBANK,ICICI Bank Ltd,NSE,BUY,10,2360.04,23600.4,DELIVERY,LIMIT,EXECUTED,2026-03-18 17:30:00
TRD000301,C014,Northstar Wealth,Tanya Sethi,tanya.sethi@northstar.example,Gurugram,HNI,E006,Anaya Joshi,Derivatives,Bengaluru,WIPRO,Wipro Ltd,NSE,BUY,1000,1619.11,1619110.0,DELIVERY,MARKET,EXECUTED,2026-04-02 18:42:00
TRD000302,C017,Quantum Securities,Nikhil Verma,nikhil.verma@quantum.example,Noida,Institutional,E001,Aarav Sharma,Equities,Mumbai,BHARTIARTL,Bharti Airtel Ltd,NSE,BUY,250,3648.72,912180.0,INTRADAY,MARKET,PARTIALLY_EXECUTED,2026-02-26 22:42:00
TRD000303,C001,Apex Capital Advisors,Raj Mehta,raj.mehta@apexcapital.example,Mumbai,Institutional,E006,Anaya Joshi,Derivatives,Bengaluru,ITC,ITC Ltd,NSE,SELL,1000,3313.25,3313250.0,INTRADAY,LIMIT,PARTIALLY_EXECUTED,2026-02-14 13:06:00
TRD000304,C007,Gateway Financial,Vikram Joshi,vikram.joshi@gateway.example,Mumbai,Institutional,E009,Arnav Rao,Risk,Mumbai,LT,Larsen & Toubro Ltd,NSE,BUY,10,3921.82,39218.2,DELIVERY,LIMIT,EXECUTED,2026-01-05 17:42:00
TRD000305,C011,Keystone Asset Mgmt,Arjun Bhat,arjun.bhat@keystone.example,Nashik,HNI,E001,Aarav Sharma,Equities,Mumbai,BHARTIARTL,Bharti Airtel Ltd,NSE,SELL,25,929.37,23234.25,INTRADAY,LIMIT,EXECUTED,2026-02-13 17:49:00
TRD000306,C005,Evergreen Holdings,Rohan Iyer,rohan.iyer@evergreen.example,Chennai,HNI,E005,Vihaan Shah,Operations,Mumbai,INFY,Infosys Ltd,NSE,BUY,75,3777.34,283300.5,INTRADAY,LIMIT,PARTIALLY_EXECUTED,2026-04-06 00:06:00
TRD000307,C003,Crestline Wealth,Aman Kapoor,aman.kapoor@crestline.example,Delhi,HNI,E010,Kiara Kapoor,Operations,Pune,HDFCBANK,HDFC Bank Ltd,NSE,BUY,200,392.93,78586.0,DELIVERY,LIMIT,EXECUTED,2026-04-14 18:05:00
TRD000308,C008,Horizon Partners,Ananya Rao,ananya.rao@horizon.example,Hyderabad,HNI,E005,Vihaan Shah,Operations,Mumbai,WIPRO,Wipro Ltd,NSE,SELL,200,2968.49,593698.0,INTRADAY,LIMIT,EXECUTED,2026-03-01 18:39:00
TRD000309,C008,Horizon Partners,Ananya Rao,ananya.rao@horizon.example,Hyderabad,HNI,E002,Diya Patel,Equities,Mumbai,ITC,ITC Ltd,NSE,BUY,1000,533.42,533420.0,DELIVERY,LIMIT,PARTIALLY_EXECUTED,2026-01-20 14:52:00
TRD000310,C011,Keystone Asset Mgmt,Arjun Bhat,arjun.bhat@keystone.example,Nashik,HNI,E007,Reyansh Mehta,Operations,Mumbai,HDFCBANK,HDFC Bank Ltd,NSE,SELL,75,1944.64,145848.0,INTRADAY,MARKET,EXECUTED,2026-03-26 17:38:00
TRD000311,C006,Falcon Broking,Simran Kaur,simran.kaur@falcon.example,Ahmedabad,Retail,E005,Vihaan Shah,Operations,Mumbai,ULTRACEMCO,UltraTech Cement Ltd,NSE,BUY,75,3524.83,264362.25,DELIVERY,MARKET,EXECUTED,2026-03-02 01:24:00
TRD000312,C012,Lotus Financial,Meera Kulkarni,meera.kulkarni@lotus.example,Pune,Retail,E007,Reyansh Mehta,Operations,Mumbai,KOTAKBANK,Kotak Mahindra Bank Ltd,NSE,BUY,100,1155.59,115559.0,DELIVERY,LIMIT,PARTIALLY_EXECUTED,2026-02-02 00:53:00
TRD000313,C018,Riverstone Advisors,Pooja Menon,pooja.menon@riverstone.example,Kochi,HNI,E009,Arnav Rao,Risk,Mumbai,LT,Larsen & Toubro Ltd,NSE,BUY,250,504.35,126087.5,DELIVERY,MARKET,EXECUTED,2026-01-26 20:00:00
TRD000314,C008,Horizon Partners,Ananya Rao,ananya.rao@horizon.example,Hyderabad,HNI,E003,Kabir Singh,Derivatives,Pune,ITC,ITC Ltd,NSE,SELL,150,2909.06,436359.0,INTRADAY,MARKET,EXECUTED,2026-01-16 16:25:00
TRD000315,C003,Crestline Wealth,Aman Kapoor,aman.kapoor@crestline.example,Delhi,HNI,E004,Ira Deshmukh,Equities,Delhi,ADANIENT,Adani Enterprises Ltd,NSE,BUY,25,3809.4,95235.0,DELIVERY,MARKET,PARTIALLY_EXECUTED,2026-03-02 17:48:00
TRD000316,C002,BlueRock Investments,Neha Shah,neha.shah@bluerock.example,Pune,Institutional,E003,Kabir Singh,Derivatives,Pune,TCS,Tata Consultancy Services Ltd,NSE,SELL,200,2126.56,425312.0,INTRADAY,MARKET,EXECUTED,2026-03-12 01:25:00
TRD000317,C007,Gateway Financial,Vikram Joshi,vikram.joshi@gateway.example,Mumbai,Institutional,E003,Kabir Singh,Derivatives,Pune,WIPRO,Wipro Ltd,NSE,SELL,250,3720.29,930072.5,DELIVERY,LIMIT,PARTIALLY_EXECUTED,2026-01-07 16:38:00
TRD000318,C014,Northstar Wealth,Tanya Sethi,tanya.sethi@northstar.example,Gurugram,HNI,E009,Arnav Rao,Risk,Mumbai,ASIANPAINT,Asian Paints Ltd,NSE,BUY,25,1236.28,30907.0,INTRADAY,MARKET,EXECUTED,2026-01-26 08:50:00
TRD000319,C018,Riverstone Advisors,Pooja Menon,pooja.menon@riverstone.example,Kochi,HNI,E001,Aarav Sharma,Equities,Mumbai,BHARTIARTL,Bharti Airtel Ltd,NSE,SELL,250,2325.69,581422.5,INTRADAY,LIMIT,PARTIALLY_EXECUTED,2026-03-30 14:50:00
TRD000320,C009,Indus Prime,Karan Malhotra,karan.malhotra@indusprime.example,Kolkata,Retail,E003,Kabir Singh,Derivatives,Pune,TATASTEEL,Tata Steel Ltd,NSE,SELL,1000,986.27,986270.0,DELIVERY,LIMIT,EXECUTED,2026-02-21 12:39:00
TRD000321,C019,Summit Investments,Yash Agarwal,yash.agarwal@summit.example,Indore,Retail,E004,Ira Deshmukh,Equities,Delhi,SBIN,State Bank of India,NSE,BUY,75,2788.0,209100.0,DELIVERY,MARKET,PARTIALLY_EXECUTED,2026-02-18 21:43:00
TRD000322,C012,Lotus Financial,Meera Kulkarni,meera.kulkarni@lotus.example,Pune,Retail,E003,Kabir Singh,Derivatives,Pune,SBIN,State Bank of India,NSE,BUY,1000,1393.59,1393590.0,DELIVERY,LIMIT,EXECUTED,2026-03-07 16:47:00
TRD000323,C019,Summit Investments,Yash Agarwal,yash.agarwal@summit.example,Indore,Retail,E004,Ira Deshmukh,Equities,Delhi,ASIANPAINT,Asian Paints Ltd,NSE,SELL,50,2103.15,105157.5,DELIVERY,MARKET,EXECUTED,2026-01-17 19:35:00
TRD000324,C001,Apex Capital Advisors,Raj Mehta,raj.mehta@apexcapital.example,Mumbai,Institutional,E009,Arnav Rao,Risk,Mumbai,ASIANPAINT,Asian Paints Ltd,NSE,BUY,150,3862.14,579321.0,DELIVERY,LIMIT,EXECUTED,2026-02-07 01:27:00
TRD000325,C011,Keystone Asset Mgmt,Arjun Bhat,arjun.bhat@keystone.example,Nashik,HNI,E001,Aarav Sharma,Equities,Mumbai,TATASTEEL,Tata Steel Ltd,NSE,BUY,1000,2984.83,2984830.0,DELIVERY,LIMIT,EXECUTED,2026-01-27 04:08:00
TRD000326,C012,Lotus Financial,Meera Kulkarni,meera.kulkarni@lotus.example,Pune,Retail,E007,Reyansh Mehta,Operations,Mumbai,TCS,Tata Consultancy Services Ltd,NSE,BUY,150,1326.76,199014.0,DELIVERY,LIMIT,PARTIALLY_EXECUTED,2026-01-26 05:24:00
TRD000327,C011,Keystone Asset Mgmt,Arjun Bhat,arjun.bhat@keystone.example,Nashik,HNI,E003,Kabir Singh,Derivatives,Pune,BAJFINANCE,Bajaj Finance Ltd,NSE,SELL,75,2823.66,211774.5,INTRADAY,LIMIT,EXECUTED,2026-02-02 07:22:00
TRD000328,C005,Evergreen Holdings,Rohan Iyer,rohan.iyer@evergreen.example,Chennai,HNI,E003,Kabir Singh,Derivatives,Pune,TATASTEEL,Tata Steel Ltd,NSE,SELL,1000,218.25,218250.0,DELIVERY,MARKET,PARTIALLY_EXECUTED,2026-02-28 07:33:00
TRD000329,C005,Evergreen Holdings,Rohan Iyer,rohan.iyer@evergreen.example,Chennai,HNI,E006,Anaya Joshi,Derivatives,Bengaluru,INFY,Infosys Ltd,NSE,BUY,150,4127.49,619123.5,DELIVERY,LIMIT,PARTIALLY_EXECUTED,2026-01-31 22:45:00
TRD000330,C001,Apex Capital Advisors,Raj Mehta,raj.mehta@apexcapital.example,Mumbai,Institutional,E005,Vihaan Shah,Operations,Mumbai,ITC,ITC Ltd,NSE,BUY,25,1527.23,38180.75,DELIVERY,MARKET,PARTIALLY_EXECUTED,2026-01-21 01:15:00
TRD000331,C015,Orion Broking,Dev Patel,dev.patel@orion.example,Surat,Retail,E007,Reyansh Mehta,Operations,Mumbai,SBIN,State Bank of India,NSE,SELL,250,3713.49,928372.5,INTRADAY,MARKET,PARTIALLY_EXECUTED,2026-03-06 07:48:00
TRD000332,C019,Summit Investments,Yash Agarwal,yash.agarwal@summit.example,Indore,Retail,E004,Ira Deshmukh,Equities,Delhi,SBIN,State Bank of India,NSE,SELL,25,3373.69,84342.25,INTRADAY,MARKET,EXECUTED,2026-01-07 11:13:00
TRD000333,C009,Indus Prime,Karan Malhotra,karan.malhotra@indusprime.example,Kolkata,Retail,E002,Diya Patel,Equities,Mumbai,INFY,Infosys Ltd,NSE,SELL,50,3738.84,186942.0,DELIVERY,MARKET,EXECUTED,2026-01-30 16:15:00
TRD000334,C020,Trident Capital,Riya Chawla,riya.chawla@trident.example,Chandigarh,Institutional,E010,Kiara Kapoor,Operations,Pune,ASIANPAINT,Asian Paints Ltd,NSE,BUY,200,3963.15,792630.0,INTRADAY,MARKET,EXECUTED,2026-01-31 10:08:00
TRD000335,C004,Delta Securities,Priya Nair,priya.nair@delta.example,Bengaluru,Institutional,E006,Anaya Joshi,Derivatives,Bengaluru,ITC,ITC Ltd,NSE,BUY,200,2953.96,590792.0,INTRADAY,LIMIT,EXECUTED,2026-04-09 17:05:00
TRD000336,C008,Horizon Partners,Ananya Rao,ananya.rao@horizon.example,Hyderabad,HNI,E002,Diya Patel,Equities,Mumbai,RELIANCE,Reliance Industries Ltd,NSE,SELL,1000,2346.86,2346860.0,DELIVERY,MARKET,EXECUTED,2026-03-31 18:14:00
TRD000337,C001,Apex Capital Advisors,Raj Mehta,raj.mehta@apexcapital.example,Mumbai,Institutional,E007,Reyansh Mehta,Operations,Mumbai,INFY,Infosys Ltd,NSE,SELL,1000,2061.55,2061550.0,DELIVERY,MARKET,EXECUTED,2026-01-19 00:59:00
TRD000338,C010,Jupiter Investments,Ishita Desai,ishita.desai@jupiter.example,Mumbai,Institutional,E002,Diya Patel,Equities,Mumbai,ASIANPAINT,Asian Paints Ltd,NSE,BUY,100,3314.77,331477.0,INTRADAY,LIMIT,EXECUTED,2026-03-28 02:50:00
TRD000339,C018,Riverstone Advisors,Pooja Menon,pooja.menon@riverstone.example,Kochi,HNI,E007,Reyansh Mehta,Operations,Mumbai,SBIN,State Bank of India,NSE,SELL,200,1605.09,321018.0,DELIVERY,LIMIT,PARTIALLY_EXECUTED,2026-03-23 12:52:00
TRD000340,C015,Orion Broking,Dev Patel,dev.patel@orion.example,Surat,Retail,E005,Vihaan Shah,Operations,Mumbai,LT,Larsen & Toubro Ltd,NSE,SELL,1000,338.65,338650.0,DELIVERY,LIMIT,PARTIALLY_EXECUTED,2026-01-18 23:45:00
TRD000341,C019,Summit Investments,Yash Agarwal,yash.agarwal@summit.example,Indore,Retail,E004,Ira Deshmukh,Equities,Delhi,BAJFINANCE,Bajaj Finance Ltd,NSE,BUY,200,3452.74,690548.0,INTRADAY,MARKET,PARTIALLY_EXECUTED,2026-03-18 14:16:00
TRD000342,C010,Jupiter Investments,Ishita Desai,ishita.desai@jupiter.example,Mumbai,Institutional,E002,Diya Patel,Equities,Mumbai,BHARTIARTL,Bharti Airtel Ltd,NSE,BUY,500,2435.57,1217785.0,DELIVERY,MARKET,PARTIALLY_EXECUTED,2026-04-05 11:15:00
TRD000343,C006,Falcon Broking,Simran Kaur,simran.kaur@falcon.example,Ahmedabad,Retail,E003,Kabir Singh,Derivatives,Pune,ITC,ITC Ltd,NSE,BUY,50,260.61,13030.5,INTRADAY,MARKET,EXECUTED,2026-01-15 15:38:00
TRD000344,C020,Trident Capital,Riya Chawla,riya.chawla@trident.example,Chandigarh,Institutional,E005,Vihaan Shah,Operations,Mumbai,MARUTI,Maruti Suzuki India Ltd,NSE,BUY,25,1682.03,42050.75,INTRADAY,LIMIT,PARTIALLY_EXECUTED,2026-03-14 17:19:00
TRD000345,C001,Apex Capital Advisors,Raj Mehta,raj.mehta@apexcapital.example,Mumbai,Institutional,E010,Kiara Kapoor,Operations,Pune,TCS,Tata Consultancy Services Ltd,NSE,SELL,25,1790.43,44760.75,DELIVERY,MARKET,EXECUTED,2026-01-28 08:44:00
TRD000346,C010,Jupiter Investments,Ishita Desai,ishita.desai@jupiter.example,Mumbai,Institutional,E009,Arnav Rao,Risk,Mumbai,SUNPHARMA,Sun Pharmaceutical Industries Ltd,NSE,SELL,100,1661.22,166122.0,INTRADAY,MARKET,EXECUTED,2026-03-30 18:48:00
TRD000347,C009,Indus Prime,Karan Malhotra,karan.malhotra@indusprime.example,Kolkata,Retail,E007,Reyansh Mehta,Operations,Mumbai,ICICIBANK,ICICI Bank Ltd,NSE,SELL,10,1713.69,17136.9,DELIVERY,MARKET,PARTIALLY_EXECUTED,2026-03-02 17:34:00
TRD000348,C009,Indus Prime,Karan Malhotra,karan.malhotra@indusprime.example,Kolkata,Retail,E006,Anaya Joshi,Derivatives,Bengaluru,TATASTEEL,Tata Steel Ltd,NSE,SELL,100,1364.56,136456.0,DELIVERY,MARKET,EXECUTED,2026-03-31 21:10:00
TRD000349,C010,Jupiter Investments,Ishita Desai,ishita.desai@jupiter.example,Mumbai,Institutional,E008,Myra Nair,Equities,Hyderabad,MARUTI,Maruti Suzuki India Ltd,NSE,SELL,200,2574.49,514898.0,DELIVERY,LIMIT,EXECUTED,2026-01-17 15:21:00
TRD000350,C014,Northstar Wealth,Tanya Sethi,tanya.sethi@northstar.example,Gurugram,HNI,E008,Myra Nair,Equities,Hyderabad,KOTAKBANK,Kotak Mahindra Bank Ltd,NSE,SELL,10,2205.33,22053.3,DELIVERY,LIMIT,PARTIALLY_EXECUTED,2026-01-30 07:48:00
TRD000351,C005,Evergreen Holdings,Rohan Iyer,rohan.iyer@evergreen.example,Chennai,HNI,E009,Arnav Rao,Risk,Mumbai,TCS,Tata Consultancy Services Ltd,NSE,BUY,50,878.22,43911.0,DELIVERY,MARKET,EXECUTED,2026-02-06 22:14:00
TRD000352,C015,Orion Broking,Dev Patel,dev.patel@orion.example,Surat,Retail,E001,Aarav Sharma,Equities,Mumbai,SUNPHARMA,Sun Pharmaceutical Industries Ltd,NSE,BUY,100,1600.77,160077.0,INTRADAY,MARKET,EXECUTED,2026-03-26 21:27:00
TRD000353,C008,Horizon Partners,Ananya Rao,ananya.rao@horizon.example,Hyderabad,HNI,E006,Anaya Joshi,Derivatives,Bengaluru,ASIANPAINT,Asian Paints Ltd,NSE,SELL,50,4037.54,201877.0,INTRADAY,LIMIT,EXECUTED,2026-03-28 18:43:00
TRD000354,C009,Indus Prime,Karan Malhotra,karan.malhotra@indusprime.example,Kolkata,Retail,E002,Diya Patel,Equities,Mumbai,AXISBANK,Axis Bank Ltd,NSE,BUY,200,289.31,57862.0,DELIVERY,MARKET,EXECUTED,2026-02-09 09:37:00
TRD000355,C009,Indus Prime,Karan Malhotra,karan.malhotra@indusprime.example,Kolkata,Retail,E007,Reyansh Mehta,Operations,Mumbai,KOTAKBANK,Kotak Mahindra Bank Ltd,NSE,BUY,10,2035.91,20359.1,DELIVERY,MARKET,EXECUTED,2026-01-25 11:20:00
TRD000356,C009,Indus Prime,Karan Malhotra,karan.malhotra@indusprime.example,Kolkata,Retail,E010,Kiara Kapoor,Operations,Pune,AXISBANK,Axis Bank Ltd,NSE,SELL,200,3769.91,753982.0,INTRADAY,LIMIT,EXECUTED,2026-03-05 20:47:00
TRD000357,C015,Orion Broking,Dev Patel,dev.patel@orion.example,Surat,Retail,E005,Vihaan Shah,Operations,Mumbai,KOTAKBANK,Kotak Mahindra Bank Ltd,NSE,SELL,1000,506.01,506010.0,INTRADAY,LIMIT,EXECUTED,2026-04-04 12:05:00
TRD000358,C004,Delta Securities,Priya Nair,priya.nair@delta.example,Bengaluru,Institutional,E008,Myra Nair,Equities,Hyderabad,INFY,Infosys Ltd,NSE,SELL,100,2721.05,272105.0,INTRADAY,LIMIT,EXECUTED,2026-02-20 18:58:00
TRD000359,C005,Evergreen Holdings,Rohan Iyer,rohan.iyer@evergreen.example,Chennai,HNI,E009,Arnav Rao,Risk,Mumbai,LT,Larsen & Toubro Ltd,NSE,BUY,1000,1747.87,1747870.0,DELIVERY,MARKET,PARTIALLY_EXECUTED,2026-02-28 13:32:00
TRD000360,C010,Jupiter Investments,Ishita Desai,ishita.desai@jupiter.example,Mumbai,Institutional,E005,Vihaan Shah,Operations,Mumbai,HCLTECH,HCL Technologies Ltd,NSE,SELL,200,3116.65,623330.0,DELIVERY,LIMIT,EXECUTED,2026-04-15 12:32:00
TRD000361,C018,Riverstone Advisors,Pooja Menon,pooja.menon@riverstone.example,Kochi,HNI,E008,Myra Nair,Equities,Hyderabad,SUNPHARMA,Sun Pharmaceutical Industries Ltd,NSE,SELL,50,3544.23,177211.5,DELIVERY,LIMIT,EXECUTED,2026-04-13 00:16:00
TRD000362,C016,Pinnacle Finance,Sara Fernandes,sara.fernandes@pinnacle.example,Goa,HNI,E003,Kabir Singh,Derivatives,Pune,WIPRO,Wipro Ltd,NSE,BUY,150,2778.0,416700.0,INTRADAY,MARKET,EXECUTED,2026-02-10 20:17:00
TRD000363,C014,Northstar Wealth,Tanya Sethi,tanya.sethi@northstar.example,Gurugram,HNI,E006,Anaya Joshi,Derivatives,Bengaluru,SUNPHARMA,Sun Pharmaceutical Industries Ltd,NSE,SELL,1000,1295.02,1295020.0,INTRADAY,MARKET,EXECUTED,2026-01-22 19:50:00
TRD000364,C016,Pinnacle Finance,Sara Fernandes,sara.fernandes@pinnacle.example,Goa,HNI,E004,Ira Deshmukh,Equities,Delhi,KOTAKBANK,Kotak Mahindra Bank Ltd,NSE,BUY,200,2265.29,453058.0,DELIVERY,MARKET,EXECUTED,2026-03-17 14:08:00
TRD000365,C007,Gateway Financial,Vikram Joshi,vikram.joshi@gateway.example,Mumbai,Institutional,E006,Anaya Joshi,Derivatives,Bengaluru,HCLTECH,HCL Technologies Ltd,NSE,SELL,50,1386.92,69346.0,DELIVERY,LIMIT,EXECUTED,2026-02-03 05:14:00
TRD000366,C006,Falcon Broking,Simran Kaur,simran.kaur@falcon.example,Ahmedabad,Retail,E006,Anaya Joshi,Derivatives,Bengaluru,RELIANCE,Reliance Industries Ltd,NSE,BUY,250,1210.57,302642.5,DELIVERY,LIMIT,EXECUTED,2026-02-01 01:53:00
TRD000367,C005,Evergreen Holdings,Rohan Iyer,rohan.iyer@evergreen.example,Chennai,HNI,E010,Kiara Kapoor,Operations,Pune,HCLTECH,HCL Technologies Ltd,NSE,SELL,200,1850.44,370088.0,INTRADAY,MARKET,EXECUTED,2026-03-29 07:02:00
TRD000368,C018,Riverstone Advisors,Pooja Menon,pooja.menon@riverstone.example,Kochi,HNI,E004,Ira Deshmukh,Equities,Delhi,SUNPHARMA,Sun Pharmaceutical Industries Ltd,NSE,BUY,150,3199.43,479914.5,DELIVERY,MARKET,EXECUTED,2026-04-08 01:22:00
TRD000369,C008,Horizon Partners,Ananya Rao,ananya.rao@horizon.example,Hyderabad,HNI,E004,Ira Deshmukh,Equities,Delhi,SUNPHARMA,Sun Pharmaceutical Industries Ltd,NSE,SELL,50,507.64,25382.0,INTRADAY,MARKET,EXECUTED,2026-04-03 00:21:00
TRD000370,C002,BlueRock Investments,Neha Shah,neha.shah@bluerock.example,Pune,Institutional,E005,Vihaan Shah,Operations,Mumbai,AXISBANK,Axis Bank Ltd,NSE,SELL,500,2539.06,1269530.0,INTRADAY,MARKET,EXECUTED,2026-03-03 21:16:00
TRD000371,C016,Pinnacle Finance,Sara Fernandes,sara.fernandes@pinnacle.example,Goa,HNI,E006,Anaya Joshi,Derivatives,Bengaluru,ITC,ITC Ltd,NSE,BUY,200,163.7,32740.0,DELIVERY,MARKET,EXECUTED,2026-02-11 05:19:00
TRD000372,C019,Summit Investments,Yash Agarwal,yash.agarwal@summit.example,Indore,Retail,E009,Arnav Rao,Risk,Mumbai,SBIN,State Bank of India,NSE,BUY,150,3011.22,451683.0,INTRADAY,LIMIT,EXECUTED,2026-01-08 04:29:00
TRD000373,C020,Trident Capital,Riya Chawla,riya.chawla@trident.example,Chandigarh,Institutional,E001,Aarav Sharma,Equities,Mumbai,HDFCBANK,HDFC Bank Ltd,NSE,BUY,10,2923.32,29233.2,INTRADAY,LIMIT,EXECUTED,2026-03-18 06:10:00
TRD000374,C018,Riverstone Advisors,Pooja Menon,pooja.menon@riverstone.example,Kochi,HNI,E005,Vihaan Shah,Operations,Mumbai,ASIANPAINT,Asian Paints Ltd,NSE,BUY,75,2945.72,220929.0,INTRADAY,LIMIT,EXECUTED,2026-01-03 01:54:00
TRD000375,C017,Quantum Securities,Nikhil Verma,nikhil.verma@quantum.example,Noida,Institutional,E005,Vihaan Shah,Operations,Mumbai,ULTRACEMCO,UltraTech Cement Ltd,NSE,BUY,200,3503.14,700628.0,DELIVERY,LIMIT,EXECUTED,2026-01-20 11:37:00
TRD000376,C004,Delta Securities,Priya Nair,priya.nair@delta.example,Bengaluru,Institutional,E008,Myra Nair,Equities,Hyderabad,ITC,ITC Ltd,NSE,BUY,100,3506.62,350662.0,INTRADAY,LIMIT,EXECUTED,2026-02-07 02:22:00
TRD000377,C006,Falcon Broking,Simran Kaur,simran.kaur@falcon.example,Ahmedabad,Retail,E001,Aarav Sharma,Equities,Mumbai,BAJFINANCE,Bajaj Finance Ltd,NSE,SELL,75,2916.96,218772.0,INTRADAY,MARKET,EXECUTED,2026-03-29 21:18:00
TRD000378,C001,Apex Capital Advisors,Raj Mehta,raj.mehta@apexcapital.example,Mumbai,Institutional,E002,Diya Patel,Equities,Mumbai,HDFCBANK,HDFC Bank Ltd,NSE,SELL,50,3991.97,199598.5,DELIVERY,MARKET,EXECUTED,2026-04-04 12:55:00
TRD000379,C008,Horizon Partners,Ananya Rao,ananya.rao@horizon.example,Hyderabad,HNI,E008,Myra Nair,Equities,Hyderabad,AXISBANK,Axis Bank Ltd,NSE,SELL,250,291.08,72770.0,DELIVERY,LIMIT,EXECUTED,2026-02-02 04:32:00
TRD000380,C011,Keystone Asset Mgmt,Arjun Bhat,arjun.bhat@keystone.example,Nashik,HNI,E007,Reyansh Mehta,Operations,Mumbai,HDFCBANK,HDFC Bank Ltd,NSE,BUY,10,124.8,1248.0,DELIVERY,LIMIT,EXECUTED,2026-01-26 13:54:00
TRD000381,C015,Orion Broking,Dev Patel,dev.patel@orion.example,Surat,Retail,E010,Kiara Kapoor,Operations,Pune,WIPRO,Wipro Ltd,NSE,BUY,150,3438.58,515787.0,DELIVERY,LIMIT,PARTIALLY_EXECUTED,2026-02-03 16:13:00
TRD000382,C015,Orion Broking,Dev Patel,dev.patel@orion.example,Surat,Retail,E005,Vihaan Shah,Operations,Mumbai,BHARTIARTL,Bharti Airtel Ltd,NSE,SELL,200,2755.0,551000.0,DELIVERY,MARKET,EXECUTED,2026-01-31 17:55:00
TRD000383,C006,Falcon Broking,Simran Kaur,simran.kaur@falcon.example,Ahmedabad,Retail,E002,Diya Patel,Equities,Mumbai,HCLTECH,HCL Technologies Ltd,NSE,SELL,1000,2876.59,2876590.0,INTRADAY,LIMIT,EXECUTED,2026-02-03 09:11:00
TRD000384,C005,Evergreen Holdings,Rohan Iyer,rohan.iyer@evergreen.example,Chennai,HNI,E008,Myra Nair,Equities,Hyderabad,ASIANPAINT,Asian Paints Ltd,NSE,BUY,200,1898.43,379686.0,INTRADAY,LIMIT,EXECUTED,2026-01-12 21:58:00
TRD000385,C017,Quantum Securities,Nikhil Verma,nikhil.verma@quantum.example,Noida,Institutional,E010,Kiara Kapoor,Operations,Pune,TCS,Tata Consultancy Services Ltd,NSE,BUY,150,2221.1,333165.0,INTRADAY,MARKET,PARTIALLY_EXECUTED,2026-01-18 17:22:00
TRD000386,C012,Lotus Financial,Meera Kulkarni,meera.kulkarni@lotus.example,Pune,Retail,E007,Reyansh Mehta,Operations,Mumbai,ICICIBANK,ICICI Bank Ltd,NSE,BUY,10,2732.59,27325.9,INTRADAY,LIMIT,EXECUTED,2026-01-29 22:52:00
TRD000387,C003,Crestline Wealth,Aman Kapoor,aman.kapoor@crestline.example,Delhi,HNI,E008,Myra Nair,Equities,Hyderabad,MARUTI,Maruti Suzuki India Ltd,NSE,BUY,150,4077.15,611572.5,DELIVERY,LIMIT,PARTIALLY_EXECUTED,2026-01-10 13:14:00
TRD000388,C008,Horizon Partners,Ananya Rao,ananya.rao@horizon.example,Hyderabad,HNI,E002,Diya Patel,Equities,Mumbai,ADANIENT,Adani Enterprises Ltd,NSE,SELL,1000,1928.93,1928930.0,INTRADAY,LIMIT,EXECUTED,2026-04-02 03:02:00
TRD000389,C016,Pinnacle Finance,Sara Fernandes,sara.fernandes@pinnacle.example,Goa,HNI,E001,Aarav Sharma,Equities,Mumbai,HDFCBANK,HDFC Bank Ltd,NSE,SELL,200,232.45,46490.0,DELIVERY,MARKET,EXECUTED,2026-04-11 08:17:00
TRD000390,C017,Quantum Securities,Nikhil Verma,nikhil.verma@quantum.example,Noida,Institutional,E009,Arnav Rao,Risk,Mumbai,ITC,ITC Ltd,NSE,SELL,150,1580.15,237022.5,DELIVERY,LIMIT,EXECUTED,2026-01-11 06:22:00
TRD000391,C018,Riverstone Advisors,Pooja Menon,pooja.menon@riverstone.example,Kochi,HNI,E010,Kiara Kapoor,Operations,Pune,ULTRACEMCO,UltraTech Cement Ltd,NSE,SELL,150,3030.98,454647.0,DELIVERY,MARKET,EXECUTED,2026-01-22 03:25:00
TRD000392,C011,Keystone Asset Mgmt,Arjun Bhat,arjun.bhat@keystone.example,Nashik,HNI,E006,Anaya Joshi,Derivatives,Bengaluru,AXISBANK,Axis Bank Ltd,NSE,SELL,25,273.38,6834.5,INTRADAY,MARKET,PARTIALLY_EXECUTED,2026-01-31 06:27:00
TRD000393,C004,Delta Securities,Priya Nair,priya.nair@delta.example,Bengaluru,Institutional,E005,Vihaan Shah,Operations,Mumbai,ULTRACEMCO,UltraTech Cement Ltd,NSE,BUY,75,581.87,43640.25,DELIVERY,LIMIT,EXECUTED,2026-03-13 21:50:00
TRD000394,C011,Keystone Asset Mgmt,Arjun Bhat,arjun.bhat@keystone.example,Nashik,HNI,E002,Diya Patel,Equities,Mumbai,HCLTECH,HCL Technologies Ltd,NSE,BUY,1000,592.05,592050.0,INTRADAY,MARKET,PARTIALLY_EXECUTED,2026-03-24 09:32:00
TRD000395,C001,Apex Capital Advisors,Raj Mehta,raj.mehta@apexcapital.example,Mumbai,Institutional,E009,Arnav Rao,Risk,Mumbai,RELIANCE,Reliance Industries Ltd,NSE,SELL,1000,2072.27,2072270.0,DELIVERY,MARKET,EXECUTED,2026-04-03 22:11:00
TRD000396,C004,Delta Securities,Priya Nair,priya.nair@delta.example,Bengaluru,Institutional,E007,Reyansh Mehta,Operations,Mumbai,ULTRACEMCO,UltraTech Cement Ltd,NSE,SELL,500,3711.92,1855960.0,DELIVERY,LIMIT,PARTIALLY_EXECUTED,2026-03-18 14:25:00
TRD000397,C011,Keystone Asset Mgmt,Arjun Bhat,arjun.bhat@keystone.example,Nashik,HNI,E005,Vihaan Shah,Operations,Mumbai,ADANIENT,Adani Enterprises Ltd,NSE,BUY,50,1783.45,89172.5,INTRADAY,LIMIT,EXECUTED,2026-04-04 15:29:00
TRD000398,C007,Gateway Financial,Vikram Joshi,vikram.joshi@gateway.example,Mumbai,Institutional,E004,Ira Deshmukh,Equities,Delhi,ULTRACEMCO,UltraTech Cement Ltd,NSE,SELL,150,3875.7,581355.0,DELIVERY,LIMIT,EXECUTED,2026-01-25 12:54:00
TRD000399,C012,Lotus Financial,Meera Kulkarni,meera.kulkarni@lotus.example,Pune,Retail,E009,Arnav Rao,Risk,Mumbai,ASIANPAINT,Asian Paints Ltd,NSE,SELL,500,1261.59,630795.0,DELIVERY,MARKET,EXECUTED,2026-03-19 06:41:00
TRD000400,C013,Meridian Capital,Aditya Jain,aditya.jain@meridian.example,Jaipur,Institutional,E003,Kabir Singh,Derivatives,Pune,RELIANCE,Reliance Industries Ltd,NSE,BUY,75,1183.62,88771.5,INTRADAY,LIMIT,EXECUTED,2026-01-30 16:23:00
TRD000401,C002,BlueRock Investments,Neha Shah,neha.shah@bluerock.example,Pune,Institutional,E005,Vihaan Shah,Operations,Mumbai,ITC,ITC Ltd,NSE,BUY,150,3434.72,515208.0,DELIVERY,LIMIT,EXECUTED,2026-01-20 00:59:00
TRD000402,C017,Quantum Securities,Nikhil Verma,nikhil.verma@quantum.example,Noida,Institutional,E005,Vihaan Shah,Operations,Mumbai,RELIANCE,Reliance Industries Ltd,NSE,SELL,200,1799.17,359834.0,DELIVERY,MARKET,EXECUTED,2026-02-27 07:15:00
TRD000403,C007,Gateway Financial,Vikram Joshi,vikram.joshi@gateway.example,Mumbai,Institutional,E010,Kiara Kapoor,Operations,Pune,ADANIENT,Adani Enterprises Ltd,NSE,BUY,150,3192.27,478840.5,DELIVERY,MARKET,EXECUTED,2026-04-10 21:26:00
TRD000404,C015,Orion Broking,Dev Patel,dev.patel@orion.example,Surat,Retail,E003,Kabir Singh,Derivatives,Pune,INFY,Infosys Ltd,NSE,BUY,50,3109.85,155492.5,INTRADAY,MARKET,PARTIALLY_EXECUTED,2026-01-23 02:42:00
TRD000405,C009,Indus Prime,Karan Malhotra,karan.malhotra@indusprime.example,Kolkata,Retail,E009,Arnav Rao,Risk,Mumbai,WIPRO,Wipro Ltd,NSE,BUY,50,2488.1,124405.0,DELIVERY,LIMIT,PARTIALLY_EXECUTED,2026-02-16 19:25:00
TRD000406,C005,Evergreen Holdings,Rohan Iyer,rohan.iyer@evergreen.example,Chennai,HNI,E001,Aarav Sharma,Equities,Mumbai,ICICIBANK,ICICI Bank Ltd,NSE,SELL,1000,294.27,294270.0,INTRADAY,LIMIT,EXECUTED,2026-02-25 05:00:00
TRD000407,C011,Keystone Asset Mgmt,Arjun Bhat,arjun.bhat@keystone.example,Nashik,HNI,E009,Arnav Rao,Risk,Mumbai,LT,Larsen & Toubro Ltd,NSE,BUY,500,365.55,182775.0,DELIVERY,LIMIT,PARTIALLY_EXECUTED,2026-04-03 08:14:00
TRD000408,C003,Crestline Wealth,Aman Kapoor,aman.kapoor@crestline.example,Delhi,HNI,E006,Anaya Joshi,Derivatives,Bengaluru,LT,Larsen & Toubro Ltd,NSE,BUY,150,1447.34,217101.0,DELIVERY,LIMIT,EXECUTED,2026-02-23 19:53:00
TRD000409,C004,Delta Securities,Priya Nair,priya.nair@delta.example,Bengaluru,Institutional,E006,Anaya Joshi,Derivatives,Bengaluru,ADANIENT,Adani Enterprises Ltd,NSE,BUY,1000,3865.07,3865070.0,DELIVERY,LIMIT,PARTIALLY_EXECUTED,2026-02-14 18:32:00
TRD000410,C004,Delta Securities,Priya Nair,priya.nair@delta.example,Bengaluru,Institutional,E007,Reyansh Mehta,Operations,Mumbai,WIPRO,Wipro Ltd,NSE,SELL,10,3835.15,38351.5,INTRADAY,LIMIT,EXECUTED,2026-03-10 15:28:00
TRD000411,C010,Jupiter Investments,Ishita Desai,ishita.desai@jupiter.example,Mumbai,Institutional,E004,Ira Deshmukh,Equities,Delhi,MARUTI,Maruti Suzuki India Ltd,NSE,BUY,25,773.83,19345.75,DELIVERY,MARKET,EXECUTED,2026-04-09 07:41:00
TRD000412,C007,Gateway Financial,Vikram Joshi,vikram.joshi@gateway.example,Mumbai,Institutional,E007,Reyansh Mehta,Operations,Mumbai,HDFCBANK,HDFC Bank Ltd,NSE,BUY,500,3495.3,1747650.0,DELIVERY,MARKET,EXECUTED,2026-03-21 14:49:00
TRD000413,C015,Orion Broking,Dev Patel,dev.patel@orion.example,Surat,Retail,E006,Anaya Joshi,Derivatives,Bengaluru,RELIANCE,Reliance Industries Ltd,NSE,BUY,25,308.31,7707.75,DELIVERY,MARKET,EXECUTED,2026-02-16 05:51:00
TRD000414,C014,Northstar Wealth,Tanya Sethi,tanya.sethi@northstar.example,Gurugram,HNI,E007,Reyansh Mehta,Operations,Mumbai,ADANIENT,Adani Enterprises Ltd,NSE,SELL,200,1387.0,277400.0,DELIVERY,MARKET,EXECUTED,2026-03-13 07:00:00
TRD000415,C019,Summit Investments,Yash Agarwal,yash.agarwal@summit.example,Indore,Retail,E001,Aarav Sharma,Equities,Mumbai,INFY,Infosys Ltd,NSE,SELL,500,521.75,260875.0,DELIVERY,LIMIT,PARTIALLY_EXECUTED,2026-02-25 05:52:00
TRD000416,C013,Meridian Capital,Aditya Jain,aditya.jain@meridian.example,Jaipur,Institutional,E007,Reyansh Mehta,Operations,Mumbai,TATASTEEL,Tata Steel Ltd,NSE,SELL,50,2280.22,114011.0,INTRADAY,LIMIT,EXECUTED,2026-01-26 05:06:00
TRD000417,C010,Jupiter Investments,Ishita Desai,ishita.desai@jupiter.example,Mumbai,Institutional,E006,Anaya Joshi,Derivatives,Bengaluru,TATASTEEL,Tata Steel Ltd,NSE,BUY,25,256.9,6422.5,DELIVERY,LIMIT,EXECUTED,2026-03-14 03:01:00
TRD000418,C012,Lotus Financial,Meera Kulkarni,meera.kulkarni@lotus.example,Pune,Retail,E004,Ira Deshmukh,Equities,Delhi,HCLTECH,HCL Technologies Ltd,NSE,BUY,50,842.13,42106.5,DELIVERY,MARKET,EXECUTED,2026-02-16 09:29:00
TRD000419,C019,Summit Investments,Yash Agarwal,yash.agarwal@summit.example,Indore,Retail,E001,Aarav Sharma,Equities,Mumbai,BAJFINANCE,Bajaj Finance Ltd,NSE,SELL,500,385.99,192995.0,INTRADAY,MARKET,EXECUTED,2026-01-13 15:33:00
TRD000420,C019,Summit Investments,Yash Agarwal,yash.agarwal@summit.example,Indore,Retail,E008,Myra Nair,Equities,Hyderabad,MARUTI,Maruti Suzuki India Ltd,NSE,SELL,50,2847.38,142369.0,DELIVERY,LIMIT,EXECUTED,2026-02-13 01:56:00
TRD000421,C007,Gateway Financial,Vikram Joshi,vikram.joshi@gateway.example,Mumbai,Institutional,E006,Anaya Joshi,Derivatives,Bengaluru,ASIANPAINT,Asian Paints Ltd,NSE,SELL,150,2621.25,393187.5,DELIVERY,LIMIT,EXECUTED,2026-02-26 00:45:00
TRD000422,C014,Northstar Wealth,Tanya Sethi,tanya.sethi@northstar.example,Gurugram,HNI,E003,Kabir Singh,Derivatives,Pune,TATASTEEL,Tata Steel Ltd,NSE,SELL,75,3317.99,248849.25,INTRADAY,LIMIT,EXECUTED,2026-03-21 18:42:00
TRD000423,C011,Keystone Asset Mgmt,Arjun Bhat,arjun.bhat@keystone.example,Nashik,HNI,E008,Myra Nair,Equities,Hyderabad,ADANIENT,Adani Enterprises Ltd,NSE,SELL,150,3273.17,490975.5,DELIVERY,MARKET,EXECUTED,2026-03-31 00:51:00
TRD000424,C009,Indus Prime,Karan Malhotra,karan.malhotra@indusprime.example,Kolkata,Retail,E003,Kabir Singh,Derivatives,Pune,BAJFINANCE,Bajaj Finance Ltd,NSE,BUY,100,3103.54,310354.0,DELIVERY,MARKET,EXECUTED,2026-01-15 07:19:00
TRD000425,C019,Summit Investments,Yash Agarwal,yash.agarwal@summit.example,Indore,Retail,E010,Kiara Kapoor,Operations,Pune,BHARTIARTL,Bharti Airtel Ltd,NSE,BUY,10,2354.81,23548.1,INTRADAY,MARKET,EXECUTED,2026-04-10 07:42:00
TRD000426,C013,Meridian Capital,Aditya Jain,aditya.jain@meridian.example,Jaipur,Institutional,E004,Ira Deshmukh,Equities,Delhi,TCS,Tata Consultancy Services Ltd,NSE,SELL,50,1997.25,99862.5,DELIVERY,LIMIT,EXECUTED,2026-04-04 07:16:00
TRD000427,C017,Quantum Securities,Nikhil Verma,nikhil.verma@quantum.example,Noida,Institutional,E001,Aarav Sharma,Equities,Mumbai,LT,Larsen & Toubro Ltd,NSE,BUY,500,662.63,331315.0,DELIVERY,MARKET,PARTIALLY_EXECUTED,2026-01-30 08:54:00
TRD000428,C012,Lotus Financial,Meera Kulkarni,meera.kulkarni@lotus.example,Pune,Retail,E001,Aarav Sharma,Equities,Mumbai,LT,Larsen & Toubro Ltd,NSE,SELL,75,343.67,25775.25,DELIVERY,MARKET,EXECUTED,2026-03-09 15:20:00
TRD000429,C017,Quantum Securities,Nikhil Verma,nikhil.verma@quantum.example,Noida,Institutional,E006,Anaya Joshi,Derivatives,Bengaluru,BHARTIARTL,Bharti Airtel Ltd,NSE,SELL,250,3712.59,928147.5,INTRADAY,MARKET,EXECUTED,2026-01-08 15:35:00
TRD000430,C009,Indus Prime,Karan Malhotra,karan.malhotra@indusprime.example,Kolkata,Retail,E010,Kiara Kapoor,Operations,Pune,BAJFINANCE,Bajaj Finance Ltd,NSE,BUY,200,2774.87,554974.0,DELIVERY,LIMIT,PARTIALLY_EXECUTED,2026-03-08 21:15:00
TRD000431,C008,Horizon Partners,Ananya Rao,ananya.rao@horizon.example,Hyderabad,HNI,E009,Arnav Rao,Risk,Mumbai,BHARTIARTL,Bharti Airtel Ltd,NSE,SELL,150,2088.44,313266.0,DELIVERY,MARKET,PARTIALLY_EXECUTED,2026-03-30 03:37:00
TRD000432,C006,Falcon Broking,Simran Kaur,simran.kaur@falcon.example,Ahmedabad,Retail,E004,Ira Deshmukh,Equities,Delhi,INFY,Infosys Ltd,NSE,SELL,75,703.24,52743.0,INTRADAY,MARKET,EXECUTED,2026-01-30 00:45:00
TRD000433,C014,Northstar Wealth,Tanya Sethi,tanya.sethi@northstar.example,Gurugram,HNI,E006,Anaya Joshi,Derivatives,Bengaluru,HDFCBANK,HDFC Bank Ltd,NSE,SELL,250,2056.17,514042.5,INTRADAY,MARKET,EXECUTED,2026-01-30 17:44:00
TRD000434,C002,BlueRock Investments,Neha Shah,neha.shah@bluerock.example,Pune,Institutional,E003,Kabir Singh,Derivatives,Pune,TCS,Tata Consultancy Services Ltd,NSE,BUY,50,2675.56,133778.0,DELIVERY,MARKET,EXECUTED,2026-01-08 12:28:00
TRD000435,C009,Indus Prime,Karan Malhotra,karan.malhotra@indusprime.example,Kolkata,Retail,E003,Kabir Singh,Derivatives,Pune,KOTAKBANK,Kotak Mahindra Bank Ltd,NSE,SELL,1000,4073.44,4073440.0,INTRADAY,MARKET,EXECUTED,2026-01-04 18:36:00
TRD000436,C015,Orion Broking,Dev Patel,dev.patel@orion.example,Surat,Retail,E010,Kiara Kapoor,Operations,Pune,ASIANPAINT,Asian Paints Ltd,NSE,SELL,50,987.68,49384.0,DELIVERY,MARKET,EXECUTED,2026-03-17 03:55:00
TRD000437,C006,Falcon Broking,Simran Kaur,simran.kaur@falcon.example,Ahmedabad,Retail,E006,Anaya Joshi,Derivatives,Bengaluru,ADANIENT,Adani Enterprises Ltd,NSE,BUY,75,1641.34,123100.5,DELIVERY,MARKET,EXECUTED,2026-01-25 10:53:00
TRD000438,C017,Quantum Securities,Nikhil Verma,nikhil.verma@quantum.example,Noida,Institutional,E009,Arnav Rao,Risk,Mumbai,HCLTECH,HCL Technologies Ltd,NSE,BUY,1000,481.27,481270.0,DELIVERY,MARKET,EXECUTED,2026-03-29 00:21:00
TRD000439,C016,Pinnacle Finance,Sara Fernandes,sara.fernandes@pinnacle.example,Goa,HNI,E003,Kabir Singh,Derivatives,Pune,ULTRACEMCO,UltraTech Cement Ltd,NSE,BUY,200,2233.21,446642.0,DELIVERY,LIMIT,EXECUTED,2026-03-09 19:27:00
TRD000440,C016,Pinnacle Finance,Sara Fernandes,sara.fernandes@pinnacle.example,Goa,HNI,E007,Reyansh Mehta,Operations,Mumbai,SUNPHARMA,Sun Pharmaceutical Industries Ltd,NSE,BUY,200,635.93,127186.0,DELIVERY,MARKET,EXECUTED,2026-03-29 05:54:00
TRD000441,C020,Trident Capital,Riya Chawla,riya.chawla@trident.example,Chandigarh,Institutional,E009,Arnav Rao,Risk,Mumbai,HCLTECH,HCL Technologies Ltd,NSE,SELL,75,107.51,8063.25,DELIVERY,MARKET,PARTIALLY_EXECUTED,2026-01-02 16:19:00
TRD000442,C007,Gateway Financial,Vikram Joshi,vikram.joshi@gateway.example,Mumbai,Institutional,E006,Anaya Joshi,Derivatives,Bengaluru,HCLTECH,HCL Technologies Ltd,NSE,SELL,25,721.91,18047.75,INTRADAY,LIMIT,EXECUTED,2026-02-16 13:23:00
TRD000443,C020,Trident Capital,Riya Chawla,riya.chawla@trident.example,Chandigarh,Institutional,E005,Vihaan Shah,Operations,Mumbai,BHARTIARTL,Bharti Airtel Ltd,NSE,BUY,200,2356.91,471382.0,INTRADAY,MARKET,EXECUTED,2026-04-12 21:16:00
TRD000444,C018,Riverstone Advisors,Pooja Menon,pooja.menon@riverstone.example,Kochi,HNI,E009,Arnav Rao,Risk,Mumbai,ASIANPAINT,Asian Paints Ltd,NSE,SELL,100,2462.03,246203.0,DELIVERY,MARKET,EXECUTED,2026-03-14 20:42:00
TRD000445,C015,Orion Broking,Dev Patel,dev.patel@orion.example,Surat,Retail,E003,Kabir Singh,Derivatives,Pune,HDFCBANK,HDFC Bank Ltd,NSE,BUY,500,1733.31,866655.0,DELIVERY,MARKET,PARTIALLY_EXECUTED,2026-03-03 23:54:00
TRD000446,C001,Apex Capital Advisors,Raj Mehta,raj.mehta@apexcapital.example,Mumbai,Institutional,E002,Diya Patel,Equities,Mumbai,ICICIBANK,ICICI Bank Ltd,NSE,SELL,1000,1876.58,1876580.0,INTRADAY,MARKET,EXECUTED,2026-01-13 01:13:00
TRD000447,C003,Crestline Wealth,Aman Kapoor,aman.kapoor@crestline.example,Delhi,HNI,E010,Kiara Kapoor,Operations,Pune,RELIANCE,Reliance Industries Ltd,NSE,SELL,200,2611.47,522294.0,INTRADAY,MARKET,EXECUTED,2026-04-06 05:33:00
TRD000448,C016,Pinnacle Finance,Sara Fernandes,sara.fernandes@pinnacle.example,Goa,HNI,E008,Myra Nair,Equities,Hyderabad,TATASTEEL,Tata Steel Ltd,NSE,BUY,500,1261.92,630960.0,DELIVERY,MARKET,EXECUTED,2026-01-07 12:05:00
TRD000449,C012,Lotus Financial,Meera Kulkarni,meera.kulkarni@lotus.example,Pune,Retail,E004,Ira Deshmukh,Equities,Delhi,TATASTEEL,Tata Steel Ltd,NSE,BUY,25,4186.9,104672.5,INTRADAY,LIMIT,PARTIALLY_EXECUTED,2026-03-15 02:24:00
TRD000450,C019,Summit Investments,Yash Agarwal,yash.agarwal@summit.example,Indore,Retail,E004,Ira Deshmukh,Equities,Delhi,KOTAKBANK,Kotak Mahindra Bank Ltd,NSE,BUY,25,3867.42,96685.5,INTRADAY,LIMIT,EXECUTED,2026-04-11 10:27:00
TRD000451,C009,Indus Prime,Karan Malhotra,karan.malhotra@indusprime.example,Kolkata,Retail,E004,Ira Deshmukh,Equities,Delhi,ULTRACEMCO,UltraTech Cement Ltd,NSE,BUY,250,3910.77,977692.5,INTRADAY,MARKET,PARTIALLY_EXECUTED,2026-01-02 05:34:00
TRD000452,C017,Quantum Securities,Nikhil Verma,nikhil.verma@quantum.example,Noida,Institutional,E002,Diya Patel,Equities,Mumbai,BAJFINANCE,Bajaj Finance Ltd,NSE,BUY,500,1295.85,647925.0,INTRADAY,LIMIT,PARTIALLY_EXECUTED,2026-01-22 16:28:00
TRD000453,C013,Meridian Capital,Aditya Jain,aditya.jain@meridian.example,Jaipur,Institutional,E010,Kiara Kapoor,Operations,Pune,ASIANPAINT,Asian Paints Ltd,NSE,BUY,150,4040.5,606075.0,INTRADAY,MARKET,PARTIALLY_EXECUTED,2026-03-25 21:59:00
TRD000454,C004,Delta Securities,Priya Nair,priya.nair@delta.example,Bengaluru,Institutional,E005,Vihaan Shah,Operations,Mumbai,INFY,Infosys Ltd,NSE,SELL,75,2870.5,215287.5,INTRADAY,LIMIT,EXECUTED,2026-02-12 05:49:00
TRD000455,C017,Quantum Securities,Nikhil Verma,nikhil.verma@quantum.example,Noida,Institutional,E009,Arnav Rao,Risk,Mumbai,TATASTEEL,Tata Steel Ltd,NSE,SELL,75,1267.2,95040.0,INTRADAY,MARKET,EXECUTED,2026-03-15 00:12:00
TRD000456,C016,Pinnacle Finance,Sara Fernandes,sara.fernandes@pinnacle.example,Goa,HNI,E006,Anaya Joshi,Derivatives,Bengaluru,SUNPHARMA,Sun Pharmaceutical Industries Ltd,NSE,BUY,1000,1192.25,1192250.0,INTRADAY,MARKET,EXECUTED,2026-02-05 00:06:00
TRD000457,C008,Horizon Partners,Ananya Rao,ananya.rao@horizon.example,Hyderabad,HNI,E005,Vihaan Shah,Operations,Mumbai,ITC,ITC Ltd,NSE,BUY,75,3520.78,264058.5,DELIVERY,MARKET,EXECUTED,2026-03-07 04:45:00
TRD000458,C003,Crestline Wealth,Aman Kapoor,aman.kapoor@crestline.example,Delhi,HNI,E008,Myra Nair,Equities,Hyderabad,ULTRACEMCO,UltraTech Cement Ltd,NSE,BUY,500,4027.14,2013570.0,INTRADAY,LIMIT,PARTIALLY_EXECUTED,2026-03-30 04:24:00
TRD000459,C019,Summit Investments,Yash Agarwal,yash.agarwal@summit.example,Indore,Retail,E005,Vihaan Shah,Operations,Mumbai,ASIANPAINT,Asian Paints Ltd,NSE,BUY,500,1238.3,619150.0,DELIVERY,MARKET,PARTIALLY_EXECUTED,2026-02-10 19:35:00
TRD000460,C016,Pinnacle Finance,Sara Fernandes,sara.fernandes@pinnacle.example,Goa,HNI,E009,Arnav Rao,Risk,Mumbai,RELIANCE,Reliance Industries Ltd,NSE,SELL,200,3625.55,725110.0,INTRADAY,MARKET,PARTIALLY_EXECUTED,2026-02-02 04:57:00
TRD000461,C011,Keystone Asset Mgmt,Arjun Bhat,arjun.bhat@keystone.example,Nashik,HNI,E001,Aarav Sharma,Equities,Mumbai,TATASTEEL,Tata Steel Ltd,NSE,BUY,200,2475.85,495170.0,INTRADAY,LIMIT,EXECUTED,2026-03-01 15:06:00
TRD000462,C018,Riverstone Advisors,Pooja Menon,pooja.menon@riverstone.example,Kochi,HNI,E005,Vihaan Shah,Operations,Mumbai,LT,Larsen & Toubro Ltd,NSE,SELL,250,4029.34,1007335.0,INTRADAY,MARKET,PARTIALLY_EXECUTED,2026-03-04 20:15:00
TRD000463,C014,Northstar Wealth,Tanya Sethi,tanya.sethi@northstar.example,Gurugram,HNI,E004,Ira Deshmukh,Equities,Delhi,HCLTECH,HCL Technologies Ltd,NSE,SELL,150,3600.55,540082.5,INTRADAY,MARKET,EXECUTED,2026-02-21 06:58:00
TRD000464,C019,Summit Investments,Yash Agarwal,yash.agarwal@summit.example,Indore,Retail,E004,Ira Deshmukh,Equities,Delhi,HDFCBANK,HDFC Bank Ltd,NSE,SELL,75,2370.22,177766.5,DELIVERY,MARKET,EXECUTED,2026-03-11 17:21:00
TRD000465,C016,Pinnacle Finance,Sara Fernandes,sara.fernandes@pinnacle.example,Goa,HNI,E001,Aarav Sharma,Equities,Mumbai,SBIN,State Bank of India,NSE,SELL,250,638.35,159587.5,INTRADAY,LIMIT,EXECUTED,2026-04-05 12:05:00
TRD000466,C009,Indus Prime,Karan Malhotra,karan.malhotra@indusprime.example,Kolkata,Retail,E009,Arnav Rao,Risk,Mumbai,TCS,Tata Consultancy Services Ltd,NSE,BUY,200,492.28,98456.0,DELIVERY,MARKET,EXECUTED,2026-01-31 02:54:00
TRD000467,C016,Pinnacle Finance,Sara Fernandes,sara.fernandes@pinnacle.example,Goa,HNI,E002,Diya Patel,Equities,Mumbai,ADANIENT,Adani Enterprises Ltd,NSE,SELL,100,1570.36,157036.0,INTRADAY,LIMIT,EXECUTED,2026-04-13 09:27:00
TRD000468,C014,Northstar Wealth,Tanya Sethi,tanya.sethi@northstar.example,Gurugram,HNI,E002,Diya Patel,Equities,Mumbai,SUNPHARMA,Sun Pharmaceutical Industries Ltd,NSE,BUY,1000,2454.81,2454810.0,DELIVERY,LIMIT,EXECUTED,2026-04-09 09:43:00
TRD000469,C011,Keystone Asset Mgmt,Arjun Bhat,arjun.bhat@keystone.example,Nashik,HNI,E009,Arnav Rao,Risk,Mumbai,ASIANPAINT,Asian Paints Ltd,NSE,SELL,25,1653.11,41327.75,INTRADAY,MARKET,EXECUTED,2026-02-22 13:05:00
TRD000470,C011,Keystone Asset Mgmt,Arjun Bhat,arjun.bhat@keystone.example,Nashik,HNI,E007,Reyansh Mehta,Operations,Mumbai,ULTRACEMCO,UltraTech Cement Ltd,NSE,SELL,25,410.55,10263.75,DELIVERY,LIMIT,EXECUTED,2026-03-04 22:34:00
TRD000471,C010,Jupiter Investments,Ishita Desai,ishita.desai@jupiter.example,Mumbai,Institutional,E005,Vihaan Shah,Operations,Mumbai,ULTRACEMCO,UltraTech Cement Ltd,NSE,SELL,100,3737.85,373785.0,INTRADAY,LIMIT,EXECUTED,2026-03-08 11:56:00
TRD000472,C006,Falcon Broking,Simran Kaur,simran.kaur@falcon.example,Ahmedabad,Retail,E001,Aarav Sharma,Equities,Mumbai,ICICIBANK,ICICI Bank Ltd,NSE,BUY,100,3954.9,395490.0,DELIVERY,MARKET,PARTIALLY_EXECUTED,2026-01-15 23:03:00
TRD000473,C004,Delta Securities,Priya Nair,priya.nair@delta.example,Bengaluru,Institutional,E002,Diya Patel,Equities,Mumbai,INFY,Infosys Ltd,NSE,SELL,500,306.49,153245.0,DELIVERY,MARKET,EXECUTED,2026-03-14 15:49:00
TRD000474,C020,Trident Capital,Riya Chawla,riya.chawla@trident.example,Chandigarh,Institutional,E003,Kabir Singh,Derivatives,Pune,INFY,Infosys Ltd,NSE,SELL,100,1028.8,102880.0,INTRADAY,MARKET,EXECUTED,2026-02-22 02:49:00
TRD000475,C017,Quantum Securities,Nikhil Verma,nikhil.verma@quantum.example,Noida,Institutional,E003,Kabir Singh,Derivatives,Pune,TATASTEEL,Tata Steel Ltd,NSE,BUY,150,3625.42,543813.0,INTRADAY,LIMIT,EXECUTED,2026-03-01 14:04:00
TRD000476,C018,Riverstone Advisors,Pooja Menon,pooja.menon@riverstone.example,Kochi,HNI,E008,Myra Nair,Equities,Hyderabad,ICICIBANK,ICICI Bank Ltd,NSE,BUY,1000,2544.06,2544060.0,INTRADAY,LIMIT,EXECUTED,2026-04-14 01:20:00
TRD000477,C016,Pinnacle Finance,Sara Fernandes,sara.fernandes@pinnacle.example,Goa,HNI,E009,Arnav Rao,Risk,Mumbai,LT,Larsen & Toubro Ltd,NSE,BUY,250,1351.88,337970.0,INTRADAY,MARKET,EXECUTED,2026-03-17 10:11:00
TRD000478,C001,Apex Capital Advisors,Raj Mehta,raj.mehta@apexcapital.example,Mumbai,Institutional,E001,Aarav Sharma,Equities,Mumbai,KOTAKBANK,Kotak Mahindra Bank Ltd,NSE,BUY,150,1265.03,189754.5,DELIVERY,LIMIT,PARTIALLY_EXECUTED,2026-04-08 19:07:00
TRD000479,C010,Jupiter Investments,Ishita Desai,ishita.desai@jupiter.example,Mumbai,Institutional,E001,Aarav Sharma,Equities,Mumbai,HCLTECH,HCL Technologies Ltd,NSE,SELL,1000,1036.45,1036450.0,INTRADAY,MARKET,PARTIALLY_EXECUTED,2026-01-02 16:47:00
TRD000480,C018,Riverstone Advisors,Pooja Menon,pooja.menon@riverstone.example,Kochi,HNI,E007,Reyansh Mehta,Operations,Mumbai,BHARTIARTL,Bharti Airtel Ltd,NSE,BUY,50,3026.97,151348.5,INTRADAY,MARKET,EXECUTED,2026-03-13 07:58:00
TRD000481,C003,Crestline Wealth,Aman Kapoor,aman.kapoor@crestline.example,Delhi,HNI,E007,Reyansh Mehta,Operations,Mumbai,LT,Larsen & Toubro Ltd,NSE,SELL,100,2753.4,275340.0,INTRADAY,LIMIT,EXECUTED,2026-04-08 05:20:00
TRD000482,C003,Crestline Wealth,Aman Kapoor,aman.kapoor@crestline.example,Delhi,HNI,E003,Kabir Singh,Derivatives,Pune,ICICIBANK,ICICI Bank Ltd,NSE,SELL,25,2705.81,67645.25,INTRADAY,LIMIT,EXECUTED,2026-03-24 19:25:00
TRD000483,C011,Keystone Asset Mgmt,Arjun Bhat,arjun.bhat@keystone.example,Nashik,HNI,E001,Aarav Sharma,Equities,Mumbai,ICICIBANK,ICICI Bank Ltd,NSE,BUY,500,176.07,88035.0,INTRADAY,LIMIT,EXECUTED,2026-01-20 00:05:00
TRD000484,C015,Orion Broking,Dev Patel,dev.patel@orion.example,Surat,Retail,E001,Aarav Sharma,Equities,Mumbai,LT,Larsen & Toubro Ltd,NSE,BUY,50,145.59,7279.5,INTRADAY,LIMIT,EXECUTED,2026-02-09 22:09:00
TRD000485,C016,Pinnacle Finance,Sara Fernandes,sara.fernandes@pinnacle.example,Goa,HNI,E006,Anaya Joshi,Derivatives,Bengaluru,ADANIENT,Adani Enterprises Ltd,NSE,BUY,150,415.12,62268.0,DELIVERY,LIMIT,PARTIALLY_EXECUTED,2026-01-27 23:31:00
TRD000486,C003,Crestline Wealth,Aman Kapoor,aman.kapoor@crestline.example,Delhi,HNI,E009,Arnav Rao,Risk,Mumbai,ASIANPAINT,Asian Paints Ltd,NSE,BUY,75,3770.8,282810.0,INTRADAY,MARKET,EXECUTED,2026-02-15 21:51:00
TRD000487,C008,Horizon Partners,Ananya Rao,ananya.rao@horizon.example,Hyderabad,HNI,E007,Reyansh Mehta,Operations,Mumbai,ADANIENT,Adani Enterprises Ltd,NSE,BUY,10,904.63,9046.3,DELIVERY,LIMIT,PARTIALLY_EXECUTED,2026-01-18 11:46:00
TRD000488,C010,Jupiter Investments,Ishita Desai,ishita.desai@jupiter.example,Mumbai,Institutional,E006,Anaya Joshi,Derivatives,Bengaluru,SBIN,State Bank of India,NSE,BUY,500,2228.61,1114305.0,INTRADAY,LIMIT,EXECUTED,2026-02-16 11:59:00
TRD000489,C012,Lotus Financial,Meera Kulkarni,meera.kulkarni@lotus.example,Pune,Retail,E001,Aarav Sharma,Equities,Mumbai,ITC,ITC Ltd,NSE,BUY,75,2689.42,201706.5,DELIVERY,MARKET,EXECUTED,2026-03-01 11:04:00
TRD000490,C019,Summit Investments,Yash Agarwal,yash.agarwal@summit.example,Indore,Retail,E002,Diya Patel,Equities,Mumbai,BHARTIARTL,Bharti Airtel Ltd,NSE,BUY,10,4071.76,40717.6,DELIVERY,LIMIT,EXECUTED,2026-03-28 21:44:00
TRD000491,C008,Horizon Partners,Ananya Rao,ananya.rao@horizon.example,Hyderabad,HNI,E003,Kabir Singh,Derivatives,Pune,ASIANPAINT,Asian Paints Ltd,NSE,BUY,1000,1477.61,1477610.0,DELIVERY,LIMIT,EXECUTED,2026-01-12 07:37:00
TRD000492,C018,Riverstone Advisors,Pooja Menon,pooja.menon@riverstone.example,Kochi,HNI,E002,Diya Patel,Equities,Mumbai,ICICIBANK,ICICI Bank Ltd,NSE,SELL,75,1388.38,104128.5,INTRADAY,LIMIT,EXECUTED,2026-04-13 00:43:00
TRD000493,C001,Apex Capital Advisors,Raj Mehta,raj.mehta@apexcapital.example,Mumbai,Institutional,E007,Reyansh Mehta,Operations,Mumbai,SUNPHARMA,Sun Pharmaceutical Industries Ltd,NSE,BUY,100,3783.0,378300.0,INTRADAY,LIMIT,PARTIALLY_EXECUTED,2026-03-30 17:34:00
TRD000494,C007,Gateway Financial,Vikram Joshi,vikram.joshi@gateway.example,Mumbai,Institutional,E010,Kiara Kapoor,Operations,Pune,SBIN,State Bank of India,NSE,SELL,150,3098.84,464826.0,DELIVERY,MARKET,EXECUTED,2026-02-20 12:09:00
TRD000495,C015,Orion Broking,Dev Patel,dev.patel@orion.example,Surat,Retail,E005,Vihaan Shah,Operations,Mumbai,WIPRO,Wipro Ltd,NSE,SELL,250,87.96,21990.0,INTRADAY,MARKET,EXECUTED,2026-04-03 11:48:00
TRD000496,C020,Trident Capital,Riya Chawla,riya.chawla@trident.example,Chandigarh,Institutional,E006,Anaya Joshi,Derivatives,Bengaluru,ULTRACEMCO,UltraTech Cement Ltd,NSE,BUY,150,3051.93,457789.5,INTRADAY,MARKET,PARTIALLY_EXECUTED,2026-04-09 11:59:00
TRD000497,C018,Riverstone Advisors,Pooja Menon,pooja.menon@riverstone.example,Kochi,HNI,E003,Kabir Singh,Derivatives,Pune,ULTRACEMCO,UltraTech Cement Ltd,NSE,SELL,150,1771.35,265702.5,DELIVERY,MARKET,EXECUTED,2026-03-01 00:11:00
TRD000498,C002,BlueRock Investments,Neha Shah,neha.shah@bluerock.example,Pune,Institutional,E003,Kabir Singh,Derivatives,Pune,SBIN,State Bank of India,NSE,BUY,75,525.53,39414.75,DELIVERY,MARKET,PARTIALLY_EXECUTED,2026-02-05 06:26:00
TRD000499,C016,Pinnacle Finance,Sara Fernandes,sara.fernandes@pinnacle.example,Goa,HNI,E009,Arnav Rao,Risk,Mumbai,ULTRACEMCO,UltraTech Cement Ltd,NSE,SELL,10,1592.55,15925.5,DELIVERY,MARKET,PARTIALLY_EXECUTED,2026-01-14 06:54:00
TRD000500,C003,Crestline Wealth,Aman Kapoor,aman.kapoor@crestline.example,Delhi,HNI,E008,Myra Nair,Equities,Hyderabad,RELIANCE,Reliance Industries Ltd,NSE,SELL,500,3144.41,1572205.0,INTRADAY,MARKET,EXECUTED,2026-03-18 02:34:00
TRD000501,C017,Quantum Securities,Nikhil Verma,nikhil.verma@quantum.example,Noida,Institutional,E001,Aarav Sharma,Equities,Mumbai,INFY,Infosys Ltd,NSE,SELL,25,3972.04,99301.0,DELIVERY,MARKET,EXECUTED,2026-04-05 22:54:00
TRD000502,C018,Riverstone Advisors,Pooja Menon,pooja.menon@riverstone.example,Kochi,HNI,E007,Reyansh Mehta,Operations,Mumbai,ITC,ITC Ltd,NSE,BUY,500,2788.05,1394025.0,DELIVERY,LIMIT,EXECUTED,2026-04-15 03:44:00
TRD000503,C019,Summit Investments,Yash Agarwal,yash.agarwal@summit.example,Indore,Retail,E006,Anaya Joshi,Derivatives,Bengaluru,ADANIENT,Adani Enterprises Ltd,NSE,SELL,25,771.42,19285.5,INTRADAY,LIMIT,EXECUTED,2026-02-03 05:24:00
TRD000504,C018,Riverstone Advisors,Pooja Menon,pooja.menon@riverstone.example,Kochi,HNI,E010,Kiara Kapoor,Operations,Pune,ADANIENT,Adani Enterprises Ltd,NSE,SELL,150,2348.58,352287.0,INTRADAY,LIMIT,PARTIALLY_EXECUTED,2026-03-01 11:41:00
TRD000505,C011,Keystone Asset Mgmt,Arjun Bhat,arjun.bhat@keystone.example,Nashik,HNI,E010,Kiara Kapoor,Operations,Pune,LT,Larsen & Toubro Ltd,NSE,BUY,200,3235.89,647178.0,INTRADAY,LIMIT,PARTIALLY_EXECUTED,2026-02-16 15:22:00
TRD000506,C013,Meridian Capital,Aditya Jain,aditya.jain@meridian.example,Jaipur,Institutional,E001,Aarav Sharma,Equities,Mumbai,RELIANCE,Reliance Industries Ltd,NSE,SELL,1000,152.08,152080.0,INTRADAY,MARKET,EXECUTED,2026-01-25 23:26:00
TRD000507,C008,Horizon Partners,Ananya Rao,ananya.rao@horizon.example,Hyderabad,HNI,E004,Ira Deshmukh,Equities,Delhi,MARUTI,Maruti Suzuki India Ltd,NSE,BUY,100,3867.15,386715.0,DELIVERY,MARKET,EXECUTED,2026-04-04 11:01:00
TRD000508,C015,Orion Broking,Dev Patel,dev.patel@orion.example,Surat,Retail,E006,Anaya Joshi,Derivatives,Bengaluru,ICICIBANK,ICICI Bank Ltd,NSE,BUY,100,1595.55,159555.0,DELIVERY,LIMIT,EXECUTED,2026-02-15 20:53:00
TRD000509,C003,Crestline Wealth,Aman Kapoor,aman.kapoor@crestline.example,Delhi,HNI,E010,Kiara Kapoor,Operations,Pune,BHARTIARTL,Bharti Airtel Ltd,NSE,BUY,25,3062.53,76563.25,DELIVERY,LIMIT,EXECUTED,2026-03-30 05:28:00
TRD000510,C020,Trident Capital,Riya Chawla,riya.chawla@trident.example,Chandigarh,Institutional,E005,Vihaan Shah,Operations,Mumbai,RELIANCE,Reliance Industries Ltd,NSE,SELL,25,3295.2,82380.0,INTRADAY,LIMIT,PARTIALLY_EXECUTED,2026-03-03 06:13:00
TRD000511,C004,Delta Securities,Priya Nair,priya.nair@delta.example,Bengaluru,Institutional,E004,Ira Deshmukh,Equities,Delhi,ULTRACEMCO,UltraTech Cement Ltd,NSE,BUY,200,307.74,61548.0,DELIVERY,LIMIT,EXECUTED,2026-04-06 20:18:00
TRD000512,C011,Keystone Asset Mgmt,Arjun Bhat,arjun.bhat@keystone.example,Nashik,HNI,E009,Arnav Rao,Risk,Mumbai,LT,Larsen & Toubro Ltd,NSE,BUY,10,2857.01,28570.1,INTRADAY,MARKET,EXECUTED,2026-03-13 21:46:00
TRD000513,C014,Northstar Wealth,Tanya Sethi,tanya.sethi@northstar.example,Gurugram,HNI,E005,Vihaan Shah,Operations,Mumbai,BHARTIARTL,Bharti Airtel Ltd,NSE,BUY,50,1468.33,73416.5,DELIVERY,LIMIT,EXECUTED,2026-03-29 00:17:00
TRD000514,C003,Crestline Wealth,Aman Kapoor,aman.kapoor@crestline.example,Delhi,HNI,E007,Reyansh Mehta,Operations,Mumbai,KOTAKBANK,Kotak Mahindra Bank Ltd,NSE,SELL,50,3220.77,161038.5,DELIVERY,LIMIT,PARTIALLY_EXECUTED,2026-03-29 22:25:00
TRD000515,C019,Summit Investments,Yash Agarwal,yash.agarwal@summit.example,Indore,Retail,E004,Ira Deshmukh,Equities,Delhi,BAJFINANCE,Bajaj Finance Ltd,NSE,BUY,75,379.81,28485.75,INTRADAY,MARKET,EXECUTED,2026-03-20 16:14:00
TRD000516,C014,Northstar Wealth,Tanya Sethi,tanya.sethi@northstar.example,Gurugram,HNI,E007,Reyansh Mehta,Operations,Mumbai,SUNPHARMA,Sun Pharmaceutical Industries Ltd,NSE,SELL,75,1404.84,105363.0,INTRADAY,MARKET,EXECUTED,2026-01-05 19:00:00
TRD000517,C020,Trident Capital,Riya Chawla,riya.chawla@trident.example,Chandigarh,Institutional,E008,Myra Nair,Equities,Hyderabad,ULTRACEMCO,UltraTech Cement Ltd,NSE,BUY,250,269.67,67417.5,DELIVERY,LIMIT,EXECUTED,2026-02-12 21:22:00
TRD000518,C003,Crestline Wealth,Aman Kapoor,aman.kapoor@crestline.example,Delhi,HNI,E002,Diya Patel,Equities,Mumbai,RELIANCE,Reliance Industries Ltd,NSE,BUY,1000,3898.49,3898490.0,DELIVERY,LIMIT,EXECUTED,2026-02-22 18:09:00
TRD000519,C010,Jupiter Investments,Ishita Desai,ishita.desai@jupiter.example,Mumbai,Institutional,E008,Myra Nair,Equities,Hyderabad,ASIANPAINT,Asian Paints Ltd,NSE,BUY,150,945.07,141760.5,DELIVERY,MARKET,EXECUTED,2026-04-09 07:49:00
TRD000520,C018,Riverstone Advisors,Pooja Menon,pooja.menon@riverstone.example,Kochi,HNI,E008,Myra Nair,Equities,Hyderabad,ULTRACEMCO,UltraTech Cement Ltd,NSE,BUY,10,1634.74,16347.4,DELIVERY,LIMIT,EXECUTED,2026-04-07 06:52:00
TRD000521,C002,BlueRock Investments,Neha Shah,neha.shah@bluerock.example,Pune,Institutional,E005,Vihaan Shah,Operations,Mumbai,ITC,ITC Ltd,NSE,SELL,10,1998.31,19983.1,DELIVERY,LIMIT,EXECUTED,2026-01-02 21:39:00
TRD000522,C012,Lotus Financial,Meera Kulkarni,meera.kulkarni@lotus.example,Pune,Retail,E002,Diya Patel,Equities,Mumbai,TATASTEEL,Tata Steel Ltd,NSE,SELL,200,1036.26,207252.0,DELIVERY,LIMIT,PARTIALLY_EXECUTED,2026-03-11 16:33:00
TRD000523,C020,Trident Capital,Riya Chawla,riya.chawla@trident.example,Chandigarh,Institutional,E009,Arnav Rao,Risk,Mumbai,INFY,Infosys Ltd,NSE,BUY,75,2145.18,160888.5,DELIVERY,MARKET,EXECUTED,2026-03-25 18:13:00
TRD000524,C017,Quantum Securities,Nikhil Verma,nikhil.verma@quantum.example,Noida,Institutional,E005,Vihaan Shah,Operations,Mumbai,MARUTI,Maruti Suzuki India Ltd,NSE,SELL,200,3148.17,629634.0,INTRADAY,LIMIT,EXECUTED,2026-01-04 17:31:00
TRD000525,C010,Jupiter Investments,Ishita Desai,ishita.desai@jupiter.example,Mumbai,Institutional,E004,Ira Deshmukh,Equities,Delhi,KOTAKBANK,Kotak Mahindra Bank Ltd,NSE,SELL,10,2660.14,26601.4,DELIVERY,LIMIT,EXECUTED,2026-03-12 20:49:00
TRD000526,C005,Evergreen Holdings,Rohan Iyer,rohan.iyer@evergreen.example,Chennai,HNI,E006,Anaya Joshi,Derivatives,Bengaluru,BHARTIARTL,Bharti Airtel Ltd,NSE,BUY,25,3088.5,77212.5,DELIVERY,LIMIT,EXECUTED,2026-04-06 04:18:00
TRD000527,C019,Summit Investments,Yash Agarwal,yash.agarwal@summit.example,Indore,Retail,E003,Kabir Singh,Derivatives,Pune,HCLTECH,HCL Technologies Ltd,NSE,SELL,1000,1440.01,1440010.0,DELIVERY,MARKET,EXECUTED,2026-04-10 02:18:00
TRD000528,C019,Summit Investments,Yash Agarwal,yash.agarwal@summit.example,Indore,Retail,E009,Arnav Rao,Risk,Mumbai,ITC,ITC Ltd,NSE,BUY,100,2918.31,291831.0,DELIVERY,LIMIT,EXECUTED,2026-04-06 17:47:00
TRD000529,C019,Summit Investments,Yash Agarwal,yash.agarwal@summit.example,Indore,Retail,E003,Kabir Singh,Derivatives,Pune,MARUTI,Maruti Suzuki India Ltd,NSE,BUY,500,2278.14,1139070.0,DELIVERY,LIMIT,EXECUTED,2026-01-22 22:29:00
TRD000530,C001,Apex Capital Advisors,Raj Mehta,raj.mehta@apexcapital.example,Mumbai,Institutional,E006,Anaya Joshi,Derivatives,Bengaluru,HCLTECH,HCL Technologies Ltd,NSE,SELL,100,1907.96,190796.0,DELIVERY,MARKET,EXECUTED,2026-02-20 05:29:00
TRD000531,C005,Evergreen Holdings,Rohan Iyer,rohan.iyer@evergreen.example,Chennai,HNI,E003,Kabir Singh,Derivatives,Pune,TATASTEEL,Tata Steel Ltd,NSE,SELL,1000,2418.38,2418380.0,DELIVERY,MARKET,EXECUTED,2026-02-12 10:07:00
TRD000532,C012,Lotus Financial,Meera Kulkarni,meera.kulkarni@lotus.example,Pune,Retail,E002,Diya Patel,Equities,Mumbai,ASIANPAINT,Asian Paints Ltd,NSE,BUY,500,3566.86,1783430.0,INTRADAY,MARKET,PARTIALLY_EXECUTED,2026-03-27 17:18:00
TRD000533,C016,Pinnacle Finance,Sara Fernandes,sara.fernandes@pinnacle.example,Goa,HNI,E008,Myra Nair,Equities,Hyderabad,ICICIBANK,ICICI Bank Ltd,NSE,BUY,75,1016.11,76208.25,DELIVERY,LIMIT,PARTIALLY_EXECUTED,2026-03-16 18:24:00
TRD000534,C008,Horizon Partners,Ananya Rao,ananya.rao@horizon.example,Hyderabad,HNI,E004,Ira Deshmukh,Equities,Delhi,ITC,ITC Ltd,NSE,BUY,50,3900.03,195001.5,INTRADAY,LIMIT,PARTIALLY_EXECUTED,2026-03-22 08:30:00
TRD000535,C008,Horizon Partners,Ananya Rao,ananya.rao@horizon.example,Hyderabad,HNI,E007,Reyansh Mehta,Operations,Mumbai,BHARTIARTL,Bharti Airtel Ltd,NSE,BUY,1000,3110.89,3110890.0,INTRADAY,LIMIT,EXECUTED,2026-03-11 15:07:00
TRD000536,C017,Quantum Securities,Nikhil Verma,nikhil.verma@quantum.example,Noida,Institutional,E002,Diya Patel,Equities,Mumbai,ADANIENT,Adani Enterprises Ltd,NSE,SELL,10,3697.06,36970.6,INTRADAY,MARKET,PARTIALLY_EXECUTED,2026-02-15 02:49:00
TRD000537,C017,Quantum Securities,Nikhil Verma,nikhil.verma@quantum.example,Noida,Institutional,E001,Aarav Sharma,Equities,Mumbai,ITC,ITC Ltd,NSE,SELL,250,1722.93,430732.5,INTRADAY,LIMIT,EXECUTED,2026-02-25 19:52:00
TRD000538,C014,Northstar Wealth,Tanya Sethi,tanya.sethi@northstar.example,Gurugram,HNI,E005,Vihaan Shah,Operations,Mumbai,ULTRACEMCO,UltraTech Cement Ltd,NSE,BUY,500,3803.63,1901815.0,INTRADAY,MARKET,EXECUTED,2026-03-26 18:39:00
TRD000539,C006,Falcon Broking,Simran Kaur,simran.kaur@falcon.example,Ahmedabad,Retail,E010,Kiara Kapoor,Operations,Pune,BAJFINANCE,Bajaj Finance Ltd,NSE,BUY,200,1786.8,357360.0,DELIVERY,MARKET,PARTIALLY_EXECUTED,2026-03-24 11:12:00
TRD000540,C019,Summit Investments,Yash Agarwal,yash.agarwal@summit.example,Indore,Retail,E004,Ira Deshmukh,Equities,Delhi,ADANIENT,Adani Enterprises Ltd,NSE,BUY,100,1418.57,141857.0,DELIVERY,MARKET,EXECUTED,2026-01-31 05:45:00
TRD000541,C015,Orion Broking,Dev Patel,dev.patel@orion.example,Surat,Retail,E006,Anaya Joshi,Derivatives,Bengaluru,INFY,Infosys Ltd,NSE,SELL,500,2603.68,1301840.0,INTRADAY,LIMIT,EXECUTED,2026-01-30 11:51:00
TRD000542,C006,Falcon Broking,Simran Kaur,simran.kaur@falcon.example,Ahmedabad,Retail,E006,Anaya Joshi,Derivatives,Bengaluru,TCS,Tata Consultancy Services Ltd,NSE,BUY,50,3660.19,183009.5,DELIVERY,LIMIT,EXECUTED,2026-02-02 22:43:00
TRD000543,C010,Jupiter Investments,Ishita Desai,ishita.desai@jupiter.example,Mumbai,Institutional,E008,Myra Nair,Equities,Hyderabad,AXISBANK,Axis Bank Ltd,NSE,BUY,25,3782.5,94562.5,DELIVERY,LIMIT,EXECUTED,2026-02-07 07:31:00
TRD000544,C015,Orion Broking,Dev Patel,dev.patel@orion.example,Surat,Retail,E008,Myra Nair,Equities,Hyderabad,ASIANPAINT,Asian Paints Ltd,NSE,BUY,1000,3717.32,3717320.0,DELIVERY,LIMIT,PARTIALLY_EXECUTED,2026-02-13 16:33:00
TRD000545,C014,Northstar Wealth,Tanya Sethi,tanya.sethi@northstar.example,Gurugram,HNI,E008,Myra Nair,Equities,Hyderabad,INFY,Infosys Ltd,NSE,BUY,75,3715.12,278634.0,DELIVERY,MARKET,EXECUTED,2026-02-21 00:20:00
TRD000546,C005,Evergreen Holdings,Rohan Iyer,rohan.iyer@evergreen.example,Chennai,HNI,E001,Aarav Sharma,Equities,Mumbai,SUNPHARMA,Sun Pharmaceutical Industries Ltd,NSE,BUY,50,3598.51,179925.5,INTRADAY,MARKET,EXECUTED,2026-02-24 17:09:00
TRD000547,C004,Delta Securities,Priya Nair,priya.nair@delta.example,Bengaluru,Institutional,E007,Reyansh Mehta,Operations,Mumbai,SBIN,State Bank of India,NSE,BUY,100,2599.63,259963.0,DELIVERY,LIMIT,EXECUTED,2026-04-13 17:26:00
TRD000548,C002,BlueRock Investments,Neha Shah,neha.shah@bluerock.example,Pune,Institutional,E002,Diya Patel,Equities,Mumbai,AXISBANK,Axis Bank Ltd,NSE,SELL,150,3778.34,566751.0,INTRADAY,MARKET,EXECUTED,2026-01-13 16:53:00
TRD000549,C016,Pinnacle Finance,Sara Fernandes,sara.fernandes@pinnacle.example,Goa,HNI,E003,Kabir Singh,Derivatives,Pune,HDFCBANK,HDFC Bank Ltd,NSE,SELL,150,2253.82,338073.0,DELIVERY,MARKET,EXECUTED,2026-04-06 21:27:00
TRD000550,C004,Delta Securities,Priya Nair,priya.nair@delta.example,Bengaluru,Institutional,E010,Kiara Kapoor,Operations,Pune,KOTAKBANK,Kotak Mahindra Bank Ltd,NSE,BUY,250,3064.57,766142.5,INTRADAY,LIMIT,EXECUTED,2026-02-22 15:59:00
TRD000551,C017,Quantum Securities,Nikhil Verma,nikhil.verma@quantum.example,Noida,Institutional,E010,Kiara Kapoor,Operations,Pune,ULTRACEMCO,UltraTech Cement Ltd,NSE,SELL,50,2612.8,130640.0,INTRADAY,LIMIT,EXECUTED,2026-04-01 18:02:00
TRD000552,C020,Trident Capital,Riya Chawla,riya.chawla@trident.example,Chandigarh,Institutional,E004,Ira Deshmukh,Equities,Delhi,AXISBANK,Axis Bank Ltd,NSE,BUY,10,571.42,5714.2,DELIVERY,MARKET,PARTIALLY_EXECUTED,2026-03-27 00:21:00
TRD000553,C014,Northstar Wealth,Tanya Sethi,tanya.sethi@northstar.example,Gurugram,HNI,E001,Aarav Sharma,Equities,Mumbai,MARUTI,Maruti Suzuki India Ltd,NSE,SELL,500,3401.87,1700935.0,DELIVERY,MARKET,EXECUTED,2026-02-09 00:58:00
TRD000554,C009,Indus Prime,Karan Malhotra,karan.malhotra@indusprime.example,Kolkata,Retail,E002,Diya Patel,Equities,Mumbai,AXISBANK,Axis Bank Ltd,NSE,SELL,500,2348.22,1174110.0,DELIVERY,LIMIT,EXECUTED,2026-01-02 12:02:00
TRD000555,C013,Meridian Capital,Aditya Jain,aditya.jain@meridian.example,Jaipur,Institutional,E010,Kiara Kapoor,Operations,Pune,ULTRACEMCO,UltraTech Cement Ltd,NSE,BUY,50,883.37,44168.5,INTRADAY,LIMIT,EXECUTED,2026-03-03 21:43:00
TRD000556,C005,Evergreen Holdings,Rohan Iyer,rohan.iyer@evergreen.example,Chennai,HNI,E008,Myra Nair,Equities,Hyderabad,ICICIBANK,ICICI Bank Ltd,NSE,SELL,500,3771.75,1885875.0,INTRADAY,MARKET,EXECUTED,2026-03-26 13:48:00
TRD000557,C019,Summit Investments,Yash Agarwal,yash.agarwal@summit.example,Indore,Retail,E006,Anaya Joshi,Derivatives,Bengaluru,BAJFINANCE,Bajaj Finance Ltd,NSE,BUY,75,2460.99,184574.25,INTRADAY,MARKET,EXECUTED,2026-03-02 18:33:00
TRD000558,C009,Indus Prime,Karan Malhotra,karan.malhotra@indusprime.example,Kolkata,Retail,E001,Aarav Sharma,Equities,Mumbai,MARUTI,Maruti Suzuki India Ltd,NSE,SELL,500,3551.5,1775750.0,INTRADAY,MARKET,EXECUTED,2026-04-15 07:54:00
TRD000559,C010,Jupiter Investments,Ishita Desai,ishita.desai@jupiter.example,Mumbai,Institutional,E006,Anaya Joshi,Derivatives,Bengaluru,RELIANCE,Reliance Industries Ltd,NSE,SELL,200,442.17,88434.0,INTRADAY,LIMIT,EXECUTED,2026-02-13 15:31:00
TRD000560,C007,Gateway Financial,Vikram Joshi,vikram.joshi@gateway.example,Mumbai,Institutional,E009,Arnav Rao,Risk,Mumbai,AXISBANK,Axis Bank Ltd,NSE,BUY,25,1624.9,40622.5,DELIVERY,MARKET,PARTIALLY_EXECUTED,2026-01-08 04:37:00
TRD000561,C017,Quantum Securities,Nikhil Verma,nikhil.verma@quantum.example,Noida,Institutional,E001,Aarav Sharma,Equities,Mumbai,ASIANPAINT,Asian Paints Ltd,NSE,BUY,75,1484.58,111343.5,INTRADAY,LIMIT,EXECUTED,2026-03-30 09:34:00
TRD000562,C004,Delta Securities,Priya Nair,priya.nair@delta.example,Bengaluru,Institutional,E009,Arnav Rao,Risk,Mumbai,ICICIBANK,ICICI Bank Ltd,NSE,BUY,10,1975.3,19753.0,DELIVERY,MARKET,EXECUTED,2026-04-06 11:24:00
TRD000563,C002,BlueRock Investments,Neha Shah,neha.shah@bluerock.example,Pune,Institutional,E010,Kiara Kapoor,Operations,Pune,INFY,Infosys Ltd,NSE,SELL,250,3744.0,936000.0,INTRADAY,MARKET,EXECUTED,2026-01-20 03:42:00
TRD000564,C007,Gateway Financial,Vikram Joshi,vikram.joshi@gateway.example,Mumbai,Institutional,E006,Anaya Joshi,Derivatives,Bengaluru,ITC,ITC Ltd,NSE,BUY,100,1223.41,122341.0,INTRADAY,MARKET,EXECUTED,2026-02-28 11:38:00
TRD000565,C005,Evergreen Holdings,Rohan Iyer,rohan.iyer@evergreen.example,Chennai,HNI,E003,Kabir Singh,Derivatives,Pune,WIPRO,Wipro Ltd,NSE,BUY,10,4028.4,40284.0,DELIVERY,MARKET,EXECUTED,2026-04-13 06:17:00
TRD000566,C018,Riverstone Advisors,Pooja Menon,pooja.menon@riverstone.example,Kochi,HNI,E006,Anaya Joshi,Derivatives,Bengaluru,WIPRO,Wipro Ltd,NSE,BUY,100,2447.35,244735.0,DELIVERY,LIMIT,EXECUTED,2026-02-01 13:33:00
TRD000567,C018,Riverstone Advisors,Pooja Menon,pooja.menon@riverstone.example,Kochi,HNI,E008,Myra Nair,Equities,Hyderabad,RELIANCE,Reliance Industries Ltd,NSE,BUY,10,2022.08,20220.8,DELIVERY,LIMIT,EXECUTED,2026-01-10 13:41:00
TRD000568,C003,Crestline Wealth,Aman Kapoor,aman.kapoor@crestline.example,Delhi,HNI,E007,Reyansh Mehta,Operations,Mumbai,BHARTIARTL,Bharti Airtel Ltd,NSE,BUY,1000,3752.6,3752600.0,INTRADAY,LIMIT,EXECUTED,2026-03-23 13:08:00
TRD000569,C007,Gateway Financial,Vikram Joshi,vikram.joshi@gateway.example,Mumbai,Institutional,E009,Arnav Rao,Risk,Mumbai,INFY,Infosys Ltd,NSE,SELL,1000,627.34,627340.0,DELIVERY,LIMIT,EXECUTED,2026-03-27 15:10:00
TRD000570,C015,Orion Broking,Dev Patel,dev.patel@orion.example,Surat,Retail,E008,Myra Nair,Equities,Hyderabad,LT,Larsen & Toubro Ltd,NSE,BUY,50,3628.41,181420.5,INTRADAY,LIMIT,EXECUTED,2026-02-17 08:41:00
TRD000571,C011,Keystone Asset Mgmt,Arjun Bhat,arjun.bhat@keystone.example,Nashik,HNI,E006,Anaya Joshi,Derivatives,Bengaluru,ADANIENT,Adani Enterprises Ltd,NSE,SELL,10,353.98,3539.8,INTRADAY,LIMIT,PARTIALLY_EXECUTED,2026-01-21 22:27:00
TRD000572,C006,Falcon Broking,Simran Kaur,simran.kaur@falcon.example,Ahmedabad,Retail,E005,Vihaan Shah,Operations,Mumbai,SUNPHARMA,Sun Pharmaceutical Industries Ltd,NSE,BUY,500,508.57,254285.0,INTRADAY,MARKET,EXECUTED,2026-01-20 20:39:00
TRD000573,C018,Riverstone Advisors,Pooja Menon,pooja.menon@riverstone.example,Kochi,HNI,E008,Myra Nair,Equities,Hyderabad,BHARTIARTL,Bharti Airtel Ltd,NSE,SELL,75,2639.9,197992.5,DELIVERY,LIMIT,PARTIALLY_EXECUTED,2026-04-11 03:16:00
TRD000574,C003,Crestline Wealth,Aman Kapoor,aman.kapoor@crestline.example,Delhi,HNI,E006,Anaya Joshi,Derivatives,Bengaluru,ITC,ITC Ltd,NSE,SELL,200,2419.07,483814.0,DELIVERY,MARKET,EXECUTED,2026-03-04 16:20:00
TRD000575,C019,Summit Investments,Yash Agarwal,yash.agarwal@summit.example,Indore,Retail,E008,Myra Nair,Equities,Hyderabad,HDFCBANK,HDFC Bank Ltd,NSE,SELL,150,2369.19,355378.5,DELIVERY,LIMIT,PARTIALLY_EXECUTED,2026-03-23 10:25:00
TRD000576,C003,Crestline Wealth,Aman Kapoor,aman.kapoor@crestline.example,Delhi,HNI,E010,Kiara Kapoor,Operations,Pune,HDFCBANK,HDFC Bank Ltd,NSE,SELL,150,2119.02,317853.0,DELIVERY,MARKET,EXECUTED,2026-01-12 13:52:00
TRD000577,C019,Summit Investments,Yash Agarwal,yash.agarwal@summit.example,Indore,Retail,E001,Aarav Sharma,Equities,Mumbai,ICICIBANK,ICICI Bank Ltd,NSE,BUY,250,2271.12,567780.0,INTRADAY,MARKET,EXECUTED,2026-03-13 09:06:00
TRD000578,C011,Keystone Asset Mgmt,Arjun Bhat,arjun.bhat@keystone.example,Nashik,HNI,E005,Vihaan Shah,Operations,Mumbai,TCS,Tata Consultancy Services Ltd,NSE,SELL,200,3038.71,607742.0,DELIVERY,MARKET,PARTIALLY_EXECUTED,2026-03-05 01:21:00
TRD000579,C005,Evergreen Holdings,Rohan Iyer,rohan.iyer@evergreen.example,Chennai,HNI,E005,Vihaan Shah,Operations,Mumbai,RELIANCE,Reliance Industries Ltd,NSE,SELL,500,4067.91,2033955.0,INTRADAY,MARKET,EXECUTED,2026-01-01 12:56:00
TRD000580,C001,Apex Capital Advisors,Raj Mehta,raj.mehta@apexcapital.example,Mumbai,Institutional,E004,Ira Deshmukh,Equities,Delhi,HCLTECH,HCL Technologies Ltd,NSE,SELL,150,3013.95,452092.5,INTRADAY,LIMIT,EXECUTED,2026-03-16 07:14:00
TRD000581,C006,Falcon Broking,Simran Kaur,simran.kaur@falcon.example,Ahmedabad,Retail,E008,Myra Nair,Equities,Hyderabad,ICICIBANK,ICICI Bank Ltd,NSE,BUY,500,1667.61,833805.0,INTRADAY,MARKET,EXECUTED,2026-03-07 23:22:00
TRD000582,C005,Evergreen Holdings,Rohan Iyer,rohan.iyer@evergreen.example,Chennai,HNI,E003,Kabir Singh,Derivatives,Pune,TATASTEEL,Tata Steel Ltd,NSE,BUY,10,677.54,6775.4,INTRADAY,MARKET,EXECUTED,2026-03-30 23:40:00
TRD000583,C005,Evergreen Holdings,Rohan Iyer,rohan.iyer@evergreen.example,Chennai,HNI,E007,Reyansh Mehta,Operations,Mumbai,ADANIENT,Adani Enterprises Ltd,NSE,SELL,1000,824.87,824870.0,INTRADAY,LIMIT,PARTIALLY_EXECUTED,2026-04-04 02:55:00
TRD000584,C012,Lotus Financial,Meera Kulkarni,meera.kulkarni@lotus.example,Pune,Retail,E004,Ira Deshmukh,Equities,Delhi,SBIN,State Bank of India,NSE,SELL,1000,115.57,115570.0,DELIVERY,LIMIT,PARTIALLY_EXECUTED,2026-04-02 01:43:00
TRD000585,C018,Riverstone Advisors,Pooja Menon,pooja.menon@riverstone.example,Kochi,HNI,E010,Kiara Kapoor,Operations,Pune,SUNPHARMA,Sun Pharmaceutical Industries Ltd,NSE,BUY,10,2422.94,24229.4,DELIVERY,LIMIT,EXECUTED,2026-03-09 11:35:00
TRD000586,C005,Evergreen Holdings,Rohan Iyer,rohan.iyer@evergreen.example,Chennai,HNI,E009,Arnav Rao,Risk,Mumbai,WIPRO,Wipro Ltd,NSE,SELL,500,406.94,203470.0,DELIVERY,LIMIT,EXECUTED,2026-01-17 11:40:00
TRD000587,C018,Riverstone Advisors,Pooja Menon,pooja.menon@riverstone.example,Kochi,HNI,E010,Kiara Kapoor,Operations,Pune,AXISBANK,Axis Bank Ltd,NSE,BUY,150,2286.66,342999.0,INTRADAY,LIMIT,PARTIALLY_EXECUTED,2026-01-03 08:21:00
TRD000588,C019,Summit Investments,Yash Agarwal,yash.agarwal@summit.example,Indore,Retail,E006,Anaya Joshi,Derivatives,Bengaluru,HCLTECH,HCL Technologies Ltd,NSE,SELL,100,1275.09,127509.0,INTRADAY,LIMIT,EXECUTED,2026-01-07 19:35:00
TRD000589,C016,Pinnacle Finance,Sara Fernandes,sara.fernandes@pinnacle.example,Goa,HNI,E010,Kiara Kapoor,Operations,Pune,SBIN,State Bank of India,NSE,BUY,100,3413.61,341361.0,INTRADAY,LIMIT,EXECUTED,2026-01-06 08:31:00
TRD000590,C005,Evergreen Holdings,Rohan Iyer,rohan.iyer@evergreen.example,Chennai,HNI,E009,Arnav Rao,Risk,Mumbai,INFY,Infosys Ltd,NSE,SELL,100,630.4,63040.0,INTRADAY,LIMIT,EXECUTED,2026-02-21 12:50:00
TRD000591,C004,Delta Securities,Priya Nair,priya.nair@delta.example,Bengaluru,Institutional,E010,Kiara Kapoor,Operations,Pune,SBIN,State Bank of India,NSE,BUY,250,1606.59,401647.5,INTRADAY,MARKET,PARTIALLY_EXECUTED,2026-02-02 07:34:00
TRD000592,C006,Falcon Broking,Simran Kaur,simran.kaur@falcon.example,Ahmedabad,Retail,E009,Arnav Rao,Risk,Mumbai,RELIANCE,Reliance Industries Ltd,NSE,SELL,25,4065.63,101640.75,INTRADAY,LIMIT,PARTIALLY_EXECUTED,2026-01-29 10:44:00
TRD000593,C008,Horizon Partners,Ananya Rao,ananya.rao@horizon.example,Hyderabad,HNI,E008,Myra Nair,Equities,Hyderabad,SBIN,State Bank of India,NSE,BUY,1000,3106.9,3106900.0,DELIVERY,LIMIT,EXECUTED,2026-03-05 04:54:00
TRD000594,C002,BlueRock Investments,Neha Shah,neha.shah@bluerock.example,Pune,Institutional,E003,Kabir Singh,Derivatives,Pune,ADANIENT,Adani Enterprises Ltd,NSE,SELL,250,1325.13,331282.5,DELIVERY,LIMIT,PARTIALLY_EXECUTED,2026-04-08 07:52:00
TRD000595,C016,Pinnacle Finance,Sara Fernandes,sara.fernandes@pinnacle.example,Goa,HNI,E005,Vihaan Shah,Operations,Mumbai,ICICIBANK,ICICI Bank Ltd,NSE,SELL,10,1273.38,12733.8,INTRADAY,LIMIT,EXECUTED,2026-03-24 02:10:00
TRD000596,C004,Delta Securities,Priya Nair,priya.nair@delta.example,Bengaluru,Institutional,E009,Arnav Rao,Risk,Mumbai,SUNPHARMA,Sun Pharmaceutical Industries Ltd,NSE,SELL,1000,3862.74,3862740.0,INTRADAY,LIMIT,EXECUTED,2026-02-20 00:12:00
TRD000597,C004,Delta Securities,Priya Nair,priya.nair@delta.example,Bengaluru,Institutional,E005,Vihaan Shah,Operations,Mumbai,TCS,Tata Consultancy Services Ltd,NSE,SELL,250,3266.52,816630.0,DELIVERY,LIMIT,EXECUTED,2026-02-14 09:40:00
TRD000598,C011,Keystone Asset Mgmt,Arjun Bhat,arjun.bhat@keystone.example,Nashik,HNI,E009,Arnav Rao,Risk,Mumbai,TATASTEEL,Tata Steel Ltd,NSE,BUY,25,134.22,3355.5,DELIVERY,LIMIT,EXECUTED,2026-01-19 04:06:00
TRD000599,C008,Horizon Partners,Ananya Rao,ananya.rao@horizon.example,Hyderabad,HNI,E005,Vihaan Shah,Operations,Mumbai,WIPRO,Wipro Ltd,NSE,BUY,10,182.53,1825.3,DELIVERY,MARKET,EXECUTED,2026-01-18 02:56:00
TRD000600,C004,Delta Securities,Priya Nair,priya.nair@delta.example,Bengaluru,Institutional,E002,Diya Patel,Equities,Mumbai,ULTRACEMCO,UltraTech Cement Ltd,NSE,BUY,200,2786.06,557212.0,DELIVERY,MARKET,EXECUTED,2026-04-14 10:26:00
TRD000601,C009,Indus Prime,Karan Malhotra,karan.malhotra@indusprime.example,Kolkata,Retail,E005,Vihaan Shah,Operations,Mumbai,ADANIENT,Adani Enterprises Ltd,NSE,BUY,250,3881.89,970472.5,INTRADAY,LIMIT,EXECUTED,2026-02-20 16:47:00
TRD000602,C006,Falcon Broking,Simran Kaur,simran.kaur@falcon.example,Ahmedabad,Retail,E002,Diya Patel,Equities,Mumbai,WIPRO,Wipro Ltd,NSE,BUY,200,1684.05,336810.0,INTRADAY,LIMIT,EXECUTED,2026-01-12 07:39:00
TRD000603,C015,Orion Broking,Dev Patel,dev.patel@orion.example,Surat,Retail,E002,Diya Patel,Equities,Mumbai,ASIANPAINT,Asian Paints Ltd,NSE,BUY,1000,1700.69,1700690.0,DELIVERY,MARKET,PARTIALLY_EXECUTED,2026-03-31 23:04:00
TRD000604,C007,Gateway Financial,Vikram Joshi,vikram.joshi@gateway.example,Mumbai,Institutional,E010,Kiara Kapoor,Operations,Pune,HDFCBANK,HDFC Bank Ltd,NSE,SELL,100,510.03,51003.0,DELIVERY,LIMIT,PARTIALLY_EXECUTED,2026-01-14 15:50:00
TRD000605,C001,Apex Capital Advisors,Raj Mehta,raj.mehta@apexcapital.example,Mumbai,Institutional,E008,Myra Nair,Equities,Hyderabad,ICICIBANK,ICICI Bank Ltd,NSE,BUY,10,2819.85,28198.5,DELIVERY,LIMIT,PARTIALLY_EXECUTED,2026-02-18 21:19:00
TRD000606,C019,Summit Investments,Yash Agarwal,yash.agarwal@summit.example,Indore,Retail,E001,Aarav Sharma,Equities,Mumbai,KOTAKBANK,Kotak Mahindra Bank Ltd,NSE,SELL,250,1879.38,469845.0,DELIVERY,MARKET,PARTIALLY_EXECUTED,2026-01-14 03:31:00
TRD000607,C016,Pinnacle Finance,Sara Fernandes,sara.fernandes@pinnacle.example,Goa,HNI,E002,Diya Patel,Equities,Mumbai,TCS,Tata Consultancy Services Ltd,NSE,SELL,150,2890.75,433612.5,DELIVERY,MARKET,EXECUTED,2026-03-15 07:33:00
TRD000608,C018,Riverstone Advisors,Pooja Menon,pooja.menon@riverstone.example,Kochi,HNI,E006,Anaya Joshi,Derivatives,Bengaluru,INFY,Infosys Ltd,NSE,SELL,100,2750.67,275067.0,DELIVERY,LIMIT,EXECUTED,2026-02-02 12:54:00
TRD000609,C010,Jupiter Investments,Ishita Desai,ishita.desai@jupiter.example,Mumbai,Institutional,E007,Reyansh Mehta,Operations,Mumbai,HDFCBANK,HDFC Bank Ltd,NSE,SELL,250,434.21,108552.5,DELIVERY,MARKET,EXECUTED,2026-03-22 02:49:00
TRD000610,C007,Gateway Financial,Vikram Joshi,vikram.joshi@gateway.example,Mumbai,Institutional,E001,Aarav Sharma,Equities,Mumbai,TCS,Tata Consultancy Services Ltd,NSE,BUY,250,1684.78,421195.0,INTRADAY,LIMIT,PARTIALLY_EXECUTED,2026-04-09 18:57:00
TRD000611,C001,Apex Capital Advisors,Raj Mehta,raj.mehta@apexcapital.example,Mumbai,Institutional,E001,Aarav Sharma,Equities,Mumbai,MARUTI,Maruti Suzuki India Ltd,NSE,BUY,150,3326.71,499006.5,INTRADAY,MARKET,EXECUTED,2026-01-09 04:18:00
TRD000612,C017,Quantum Securities,Nikhil Verma,nikhil.verma@quantum.example,Noida,Institutional,E008,Myra Nair,Equities,Hyderabad,BAJFINANCE,Bajaj Finance Ltd,NSE,BUY,1000,1043.74,1043740.0,DELIVERY,MARKET,PARTIALLY_EXECUTED,2026-01-14 11:58:00
TRD000613,C001,Apex Capital Advisors,Raj Mehta,raj.mehta@apexcapital.example,Mumbai,Institutional,E008,Myra Nair,Equities,Hyderabad,ULTRACEMCO,UltraTech Cement Ltd,NSE,BUY,75,2970.84,222813.0,DELIVERY,MARKET,EXECUTED,2026-01-25 03:34:00
TRD000614,C010,Jupiter Investments,Ishita Desai,ishita.desai@jupiter.example,Mumbai,Institutional,E002,Diya Patel,Equities,Mumbai,ADANIENT,Adani Enterprises Ltd,NSE,BUY,1000,348.19,348190.0,DELIVERY,LIMIT,EXECUTED,2026-01-20 17:49:00
TRD000615,C003,Crestline Wealth,Aman Kapoor,aman.kapoor@crestline.example,Delhi,HNI,E004,Ira Deshmukh,Equities,Delhi,HCLTECH,HCL Technologies Ltd,NSE,SELL,200,1419.23,283846.0,DELIVERY,LIMIT,EXECUTED,2026-04-10 18:15:00
TRD000616,C002,BlueRock Investments,Neha Shah,neha.shah@bluerock.example,Pune,Institutional,E010,Kiara Kapoor,Operations,Pune,SBIN,State Bank of India,NSE,SELL,25,581.87,14546.75,INTRADAY,MARKET,EXECUTED,2026-01-27 02:19:00
TRD000617,C018,Riverstone Advisors,Pooja Menon,pooja.menon@riverstone.example,Kochi,HNI,E003,Kabir Singh,Derivatives,Pune,ADANIENT,Adani Enterprises Ltd,NSE,BUY,1000,252.48,252480.0,INTRADAY,MARKET,EXECUTED,2026-01-19 14:00:00
TRD000618,C016,Pinnacle Finance,Sara Fernandes,sara.fernandes@pinnacle.example,Goa,HNI,E002,Diya Patel,Equities,Mumbai,TATASTEEL,Tata Steel Ltd,NSE,BUY,50,3896.05,194802.5,INTRADAY,LIMIT,EXECUTED,2026-02-22 00:53:00
TRD000619,C007,Gateway Financial,Vikram Joshi,vikram.joshi@gateway.example,Mumbai,Institutional,E003,Kabir Singh,Derivatives,Pune,WIPRO,Wipro Ltd,NSE,SELL,200,1069.53,213906.0,DELIVERY,MARKET,PARTIALLY_EXECUTED,2026-02-02 03:51:00
TRD000620,C020,Trident Capital,Riya Chawla,riya.chawla@trident.example,Chandigarh,Institutional,E002,Diya Patel,Equities,Mumbai,AXISBANK,Axis Bank Ltd,NSE,SELL,200,103.81,20762.0,DELIVERY,MARKET,EXECUTED,2026-02-13 06:46:00
TRD000621,C020,Trident Capital,Riya Chawla,riya.chawla@trident.example,Chandigarh,Institutional,E006,Anaya Joshi,Derivatives,Bengaluru,BAJFINANCE,Bajaj Finance Ltd,NSE,BUY,250,3254.91,813727.5,INTRADAY,MARKET,EXECUTED,2026-02-08 06:29:00
TRD000622,C004,Delta Securities,Priya Nair,priya.nair@delta.example,Bengaluru,Institutional,E003,Kabir Singh,Derivatives,Pune,ASIANPAINT,Asian Paints Ltd,NSE,SELL,50,742.41,37120.5,DELIVERY,LIMIT,EXECUTED,2026-01-09 05:37:00
TRD000623,C007,Gateway Financial,Vikram Joshi,vikram.joshi@gateway.example,Mumbai,Institutional,E007,Reyansh Mehta,Operations,Mumbai,WIPRO,Wipro Ltd,NSE,SELL,1000,3398.21,3398210.0,DELIVERY,MARKET,EXECUTED,2026-03-24 21:04:00
TRD000624,C018,Riverstone Advisors,Pooja Menon,pooja.menon@riverstone.example,Kochi,HNI,E003,Kabir Singh,Derivatives,Pune,SBIN,State Bank of India,NSE,BUY,250,2203.83,550957.5,DELIVERY,LIMIT,EXECUTED,2026-01-14 06:50:00
TRD000625,C014,Northstar Wealth,Tanya Sethi,tanya.sethi@northstar.example,Gurugram,HNI,E004,Ira Deshmukh,Equities,Delhi,MARUTI,Maruti Suzuki India Ltd,NSE,BUY,25,1427.03,35675.75,DELIVERY,LIMIT,EXECUTED,2026-01-19 05:41:00
TRD000626,C013,Meridian Capital,Aditya Jain,aditya.jain@meridian.example,Jaipur,Institutional,E004,Ira Deshmukh,Equities,Delhi,INFY,Infosys Ltd,NSE,SELL,1000,2078.34,2078340.0,DELIVERY,MARKET,PARTIALLY_EXECUTED,2026-03-21 17:34:00
TRD000627,C006,Falcon Broking,Simran Kaur,simran.kaur@falcon.example,Ahmedabad,Retail,E007,Reyansh Mehta,Operations,Mumbai,SUNPHARMA,Sun Pharmaceutical Industries Ltd,NSE,BUY,250,3047.06,761765.0,INTRADAY,MARKET,EXECUTED,2026-03-07 15:57:00
TRD000628,C005,Evergreen Holdings,Rohan Iyer,rohan.iyer@evergreen.example,Chennai,HNI,E001,Aarav Sharma,Equities,Mumbai,TCS,Tata Consultancy Services Ltd,NSE,BUY,100,646.7,64670.0,INTRADAY,LIMIT,EXECUTED,2026-03-27 03:12:00
TRD000629,C011,Keystone Asset Mgmt,Arjun Bhat,arjun.bhat@keystone.example,Nashik,HNI,E004,Ira Deshmukh,Equities,Delhi,AXISBANK,Axis Bank Ltd,NSE,BUY,1000,3811.45,3811450.0,DELIVERY,MARKET,PARTIALLY_EXECUTED,2026-04-12 00:16:00
TRD000630,C017,Quantum Securities,Nikhil Verma,nikhil.verma@quantum.example,Noida,Institutional,E008,Myra Nair,Equities,Hyderabad,ITC,ITC Ltd,NSE,SELL,250,1233.79,308447.5,DELIVERY,MARKET,EXECUTED,2026-03-20 07:41:00
TRD000631,C014,Northstar Wealth,Tanya Sethi,tanya.sethi@northstar.example,Gurugram,HNI,E010,Kiara Kapoor,Operations,Pune,LT,Larsen & Toubro Ltd,NSE,BUY,1000,3781.31,3781310.0,DELIVERY,MARKET,PARTIALLY_EXECUTED,2026-03-18 10:31:00
TRD000632,C017,Quantum Securities,Nikhil Verma,nikhil.verma@quantum.example,Noida,Institutional,E001,Aarav Sharma,Equities,Mumbai,HCLTECH,HCL Technologies Ltd,NSE,SELL,250,3416.98,854245.0,INTRADAY,LIMIT,EXECUTED,2026-01-19 05:24:00
TRD000633,C003,Crestline Wealth,Aman Kapoor,aman.kapoor@crestline.example,Delhi,HNI,E009,Arnav Rao,Risk,Mumbai,TATASTEEL,Tata Steel Ltd,NSE,SELL,75,631.11,47333.25,DELIVERY,MARKET,EXECUTED,2026-02-24 05:34:00
TRD000634,C016,Pinnacle Finance,Sara Fernandes,sara.fernandes@pinnacle.example,Goa,HNI,E005,Vihaan Shah,Operations,Mumbai,SBIN,State Bank of India,NSE,SELL,1000,3160.08,3160080.0,INTRADAY,LIMIT,EXECUTED,2026-01-05 19:54:00
TRD000635,C013,Meridian Capital,Aditya Jain,aditya.jain@meridian.example,Jaipur,Institutional,E003,Kabir Singh,Derivatives,Pune,SUNPHARMA,Sun Pharmaceutical Industries Ltd,NSE,SELL,10,3625.47,36254.7,INTRADAY,LIMIT,EXECUTED,2026-01-14 06:08:00
TRD000636,C010,Jupiter Investments,Ishita Desai,ishita.desai@jupiter.example,Mumbai,Institutional,E007,Reyansh Mehta,Operations,Mumbai,WIPRO,Wipro Ltd,NSE,BUY,25,2638.17,65954.25,DELIVERY,LIMIT,EXECUTED,2026-03-03 11:55:00
TRD000637,C004,Delta Securities,Priya Nair,priya.nair@delta.example,Bengaluru,Institutional,E007,Reyansh Mehta,Operations,Mumbai,SUNPHARMA,Sun Pharmaceutical Industries Ltd,NSE,SELL,1000,253.2,253200.0,DELIVERY,MARKET,EXECUTED,2026-03-09 02:13:00
TRD000638,C005,Evergreen Holdings,Rohan Iyer,rohan.iyer@evergreen.example,Chennai,HNI,E006,Anaya Joshi,Derivatives,Bengaluru,LT,Larsen & Toubro Ltd,NSE,BUY,250,3119.32,779830.0,DELIVERY,LIMIT,EXECUTED,2026-02-08 13:51:00
TRD000639,C009,Indus Prime,Karan Malhotra,karan.malhotra@indusprime.example,Kolkata,Retail,E009,Arnav Rao,Risk,Mumbai,HCLTECH,HCL Technologies Ltd,NSE,SELL,10,345.76,3457.6,INTRADAY,LIMIT,EXECUTED,2026-03-05 05:34:00
TRD000640,C016,Pinnacle Finance,Sara Fernandes,sara.fernandes@pinnacle.example,Goa,HNI,E009,Arnav Rao,Risk,Mumbai,BAJFINANCE,Bajaj Finance Ltd,NSE,SELL,250,2640.21,660052.5,DELIVERY,LIMIT,EXECUTED,2026-01-13 07:58:00
TRD000641,C003,Crestline Wealth,Aman Kapoor,aman.kapoor@crestline.example,Delhi,HNI,E007,Reyansh Mehta,Operations,Mumbai,SBIN,State Bank of India,NSE,SELL,25,535.04,13376.0,DELIVERY,MARKET,PARTIALLY_EXECUTED,2026-02-20 14:51:00
TRD000642,C005,Evergreen Holdings,Rohan Iyer,rohan.iyer@evergreen.example,Chennai,HNI,E004,Ira Deshmukh,Equities,Delhi,KOTAKBANK,Kotak Mahindra Bank Ltd,NSE,BUY,100,1799.05,179905.0,DELIVERY,LIMIT,EXECUTED,2026-04-09 22:48:00
TRD000643,C014,Northstar Wealth,Tanya Sethi,tanya.sethi@northstar.example,Gurugram,HNI,E008,Myra Nair,Equities,Hyderabad,TATASTEEL,Tata Steel Ltd,NSE,SELL,75,344.04,25803.0,INTRADAY,LIMIT,EXECUTED,2026-02-12 16:18:00
TRD000644,C011,Keystone Asset Mgmt,Arjun Bhat,arjun.bhat@keystone.example,Nashik,HNI,E008,Myra Nair,Equities,Hyderabad,TCS,Tata Consultancy Services Ltd,NSE,SELL,250,1336.3,334075.0,INTRADAY,MARKET,EXECUTED,2026-01-25 09:46:00
TRD000645,C008,Horizon Partners,Ananya Rao,ananya.rao@horizon.example,Hyderabad,HNI,E008,Myra Nair,Equities,Hyderabad,SUNPHARMA,Sun Pharmaceutical Industries Ltd,NSE,SELL,10,695.41,6954.1,INTRADAY,MARKET,EXECUTED,2026-02-22 03:44:00
TRD000646,C018,Riverstone Advisors,Pooja Menon,pooja.menon@riverstone.example,Kochi,HNI,E005,Vihaan Shah,Operations,Mumbai,SBIN,State Bank of India,NSE,BUY,50,748.56,37428.0,DELIVERY,LIMIT,EXECUTED,2026-01-22 16:04:00
TRD000647,C015,Orion Broking,Dev Patel,dev.patel@orion.example,Surat,Retail,E005,Vihaan Shah,Operations,Mumbai,SUNPHARMA,Sun Pharmaceutical Industries Ltd,NSE,BUY,75,2399.64,179973.0,INTRADAY,LIMIT,EXECUTED,2026-01-07 16:48:00
TRD000648,C012,Lotus Financial,Meera Kulkarni,meera.kulkarni@lotus.example,Pune,Retail,E008,Myra Nair,Equities,Hyderabad,BAJFINANCE,Bajaj Finance Ltd,NSE,BUY,500,1325.92,662960.0,INTRADAY,LIMIT,EXECUTED,2026-01-05 22:08:00
TRD000649,C015,Orion Broking,Dev Patel,dev.patel@orion.example,Surat,Retail,E006,Anaya Joshi,Derivatives,Bengaluru,ICICIBANK,ICICI Bank Ltd,NSE,BUY,500,4099.6,2049800.0,INTRADAY,LIMIT,EXECUTED,2026-03-02 16:38:00
TRD000650,C019,Summit Investments,Yash Agarwal,yash.agarwal@summit.example,Indore,Retail,E003,Kabir Singh,Derivatives,Pune,TCS,Tata Consultancy Services Ltd,NSE,SELL,150,2920.84,438126.0,DELIVERY,MARKET,EXECUTED,2026-03-29 13:57:00
TRD000651,C010,Jupiter Investments,Ishita Desai,ishita.desai@jupiter.example,Mumbai,Institutional,E001,Aarav Sharma,Equities,Mumbai,BHARTIARTL,Bharti Airtel Ltd,NSE,BUY,250,1555.67,388917.5,DELIVERY,MARKET,EXECUTED,2026-03-01 19:10:00
TRD000652,C009,Indus Prime,Karan Malhotra,karan.malhotra@indusprime.example,Kolkata,Retail,E004,Ira Deshmukh,Equities,Delhi,TATASTEEL,Tata Steel Ltd,NSE,BUY,500,3580.49,1790245.0,INTRADAY,MARKET,PARTIALLY_EXECUTED,2026-01-17 07:00:00
TRD000653,C011,Keystone Asset Mgmt,Arjun Bhat,arjun.bhat@keystone.example,Nashik,HNI,E010,Kiara Kapoor,Operations,Pune,ULTRACEMCO,UltraTech Cement Ltd,NSE,BUY,150,1720.95,258142.5,INTRADAY,LIMIT,EXECUTED,2026-03-20 05:38:00
TRD000654,C001,Apex Capital Advisors,Raj Mehta,raj.mehta@apexcapital.example,Mumbai,Institutional,E005,Vihaan Shah,Operations,Mumbai,SUNPHARMA,Sun Pharmaceutical Industries Ltd,NSE,SELL,100,4107.51,410751.0,DELIVERY,MARKET,PARTIALLY_EXECUTED,2026-04-13 12:26:00
TRD000655,C014,Northstar Wealth,Tanya Sethi,tanya.sethi@northstar.example,Gurugram,HNI,E008,Myra Nair,Equities,Hyderabad,AXISBANK,Axis Bank Ltd,NSE,BUY,200,3083.21,616642.0,DELIVERY,MARKET,EXECUTED,2026-03-17 18:53:00
TRD000656,C007,Gateway Financial,Vikram Joshi,vikram.joshi@gateway.example,Mumbai,Institutional,E005,Vihaan Shah,Operations,Mumbai,ASIANPAINT,Asian Paints Ltd,NSE,SELL,25,3924.92,98123.0,DELIVERY,MARKET,PARTIALLY_EXECUTED,2026-03-10 19:01:00
TRD000657,C009,Indus Prime,Karan Malhotra,karan.malhotra@indusprime.example,Kolkata,Retail,E007,Reyansh Mehta,Operations,Mumbai,SBIN,State Bank of India,NSE,SELL,1000,3192.83,3192830.0,DELIVERY,MARKET,PARTIALLY_EXECUTED,2026-01-26 07:29:00
TRD000658,C010,Jupiter Investments,Ishita Desai,ishita.desai@jupiter.example,Mumbai,Institutional,E009,Arnav Rao,Risk,Mumbai,ASIANPAINT,Asian Paints Ltd,NSE,BUY,100,3519.32,351932.0,INTRADAY,LIMIT,EXECUTED,2026-02-25 17:04:00
TRD000659,C001,Apex Capital Advisors,Raj Mehta,raj.mehta@apexcapital.example,Mumbai,Institutional,E001,Aarav Sharma,Equities,Mumbai,ICICIBANK,ICICI Bank Ltd,NSE,SELL,100,4019.05,401905.0,DELIVERY,LIMIT,PARTIALLY_EXECUTED,2026-03-28 09:48:00
TRD000660,C006,Falcon Broking,Simran Kaur,simran.kaur@falcon.example,Ahmedabad,Retail,E008,Myra Nair,Equities,Hyderabad,LT,Larsen & Toubro Ltd,NSE,BUY,25,3231.82,80795.5,DELIVERY,LIMIT,PARTIALLY_EXECUTED,2026-04-01 03:25:00
TRD000661,C019,Summit Investments,Yash Agarwal,yash.agarwal@summit.example,Indore,Retail,E007,Reyansh Mehta,Operations,Mumbai,WIPRO,Wipro Ltd,NSE,SELL,25,1620.73,40518.25,INTRADAY,MARKET,EXECUTED,2026-01-04 13:54:00
TRD000662,C005,Evergreen Holdings,Rohan Iyer,rohan.iyer@evergreen.example,Chennai,HNI,E006,Anaya Joshi,Derivatives,Bengaluru,ADANIENT,Adani Enterprises Ltd,NSE,BUY,150,757.02,113553.0,INTRADAY,LIMIT,EXECUTED,2026-02-20 00:33:00
TRD000663,C002,BlueRock Investments,Neha Shah,neha.shah@bluerock.example,Pune,Institutional,E005,Vihaan Shah,Operations,Mumbai,AXISBANK,Axis Bank Ltd,NSE,BUY,500,882.55,441275.0,DELIVERY,MARKET,EXECUTED,2026-02-03 17:52:00
TRD000664,C011,Keystone Asset Mgmt,Arjun Bhat,arjun.bhat@keystone.example,Nashik,HNI,E005,Vihaan Shah,Operations,Mumbai,WIPRO,Wipro Ltd,NSE,SELL,25,2284.14,57103.5,DELIVERY,MARKET,EXECUTED,2026-03-06 09:32:00
TRD000665,C017,Quantum Securities,Nikhil Verma,nikhil.verma@quantum.example,Noida,Institutional,E005,Vihaan Shah,Operations,Mumbai,SUNPHARMA,Sun Pharmaceutical Industries Ltd,NSE,SELL,200,1485.39,297078.0,DELIVERY,MARKET,EXECUTED,2026-01-31 01:32:00
TRD000666,C017,Quantum Securities,Nikhil Verma,nikhil.verma@quantum.example,Noida,Institutional,E004,Ira Deshmukh,Equities,Delhi,ITC,ITC Ltd,NSE,BUY,200,1979.92,395984.0,DELIVERY,MARKET,EXECUTED,2026-01-15 07:02:00
TRD000667,C016,Pinnacle Finance,Sara Fernandes,sara.fernandes@pinnacle.example,Goa,HNI,E006,Anaya Joshi,Derivatives,Bengaluru,AXISBANK,Axis Bank Ltd,NSE,SELL,50,3447.11,172355.5,INTRADAY,MARKET,EXECUTED,2026-04-06 14:48:00
TRD000668,C001,Apex Capital Advisors,Raj Mehta,raj.mehta@apexcapital.example,Mumbai,Institutional,E002,Diya Patel,Equities,Mumbai,LT,Larsen & Toubro Ltd,NSE,BUY,50,2916.31,145815.5,DELIVERY,MARKET,EXECUTED,2026-02-26 08:25:00
TRD000669,C003,Crestline Wealth,Aman Kapoor,aman.kapoor@crestline.example,Delhi,HNI,E007,Reyansh Mehta,Operations,Mumbai,HDFCBANK,HDFC Bank Ltd,NSE,BUY,10,3272.86,32728.6,DELIVERY,MARKET,EXECUTED,2026-03-20 21:23:00
TRD000670,C002,BlueRock Investments,Neha Shah,neha.shah@bluerock.example,Pune,Institutional,E009,Arnav Rao,Risk,Mumbai,TCS,Tata Consultancy Services Ltd,NSE,BUY,250,574.36,143590.0,DELIVERY,MARKET,EXECUTED,2026-02-16 10:40:00
TRD000671,C001,Apex Capital Advisors,Raj Mehta,raj.mehta@apexcapital.example,Mumbai,Institutional,E002,Diya Patel,Equities,Mumbai,HDFCBANK,HDFC Bank Ltd,NSE,BUY,1000,3793.33,3793330.0,INTRADAY,MARKET,EXECUTED,2026-02-04 00:34:00
TRD000672,C005,Evergreen Holdings,Rohan Iyer,rohan.iyer@evergreen.example,Chennai,HNI,E005,Vihaan Shah,Operations,Mumbai,TCS,Tata Consultancy Services Ltd,NSE,SELL,150,745.69,111853.5,DELIVERY,MARKET,EXECUTED,2026-04-02 12:33:00
TRD000673,C019,Summit Investments,Yash Agarwal,yash.agarwal@summit.example,Indore,Retail,E001,Aarav Sharma,Equities,Mumbai,KOTAKBANK,Kotak Mahindra Bank Ltd,NSE,BUY,75,4052.95,303971.25,DELIVERY,MARKET,EXECUTED,2026-02-01 15:44:00
TRD000674,C017,Quantum Securities,Nikhil Verma,nikhil.verma@quantum.example,Noida,Institutional,E008,Myra Nair,Equities,Hyderabad,SUNPHARMA,Sun Pharmaceutical Industries Ltd,NSE,BUY,250,2856.56,714140.0,DELIVERY,LIMIT,PARTIALLY_EXECUTED,2026-01-20 22:09:00
TRD000675,C014,Northstar Wealth,Tanya Sethi,tanya.sethi@northstar.example,Gurugram,HNI,E004,Ira Deshmukh,Equities,Delhi,KOTAKBANK,Kotak Mahindra Bank Ltd,NSE,BUY,200,549.36,109872.0,DELIVERY,LIMIT,EXECUTED,2026-02-27 14:21:00
TRD000676,C017,Quantum Securities,Nikhil Verma,nikhil.verma@quantum.example,Noida,Institutional,E003,Kabir Singh,Derivatives,Pune,ASIANPAINT,Asian Paints Ltd,NSE,SELL,100,2377.6,237760.0,DELIVERY,LIMIT,PARTIALLY_EXECUTED,2026-01-08 18:40:00
TRD000677,C004,Delta Securities,Priya Nair,priya.nair@delta.example,Bengaluru,Institutional,E007,Reyansh Mehta,Operations,Mumbai,AXISBANK,Axis Bank Ltd,NSE,SELL,1000,3114.36,3114360.0,DELIVERY,LIMIT,EXECUTED,2026-03-23 04:55:00
TRD000678,C014,Northstar Wealth,Tanya Sethi,tanya.sethi@northstar.example,Gurugram,HNI,E004,Ira Deshmukh,Equities,Delhi,INFY,Infosys Ltd,NSE,SELL,150,822.81,123421.5,DELIVERY,LIMIT,PARTIALLY_EXECUTED,2026-03-31 21:17:00
TRD000679,C017,Quantum Securities,Nikhil Verma,nikhil.verma@quantum.example,Noida,Institutional,E002,Diya Patel,Equities,Mumbai,HDFCBANK,HDFC Bank Ltd,NSE,BUY,200,1733.57,346714.0,DELIVERY,MARKET,EXECUTED,2026-01-19 21:40:00
TRD000680,C007,Gateway Financial,Vikram Joshi,vikram.joshi@gateway.example,Mumbai,Institutional,E006,Anaya Joshi,Derivatives,Bengaluru,ITC,ITC Ltd,NSE,SELL,25,1043.26,26081.5,INTRADAY,LIMIT,EXECUTED,2026-03-19 16:48:00
TRD000681,C013,Meridian Capital,Aditya Jain,aditya.jain@meridian.example,Jaipur,Institutional,E006,Anaya Joshi,Derivatives,Bengaluru,ASIANPAINT,Asian Paints Ltd,NSE,SELL,250,2189.47,547367.5,INTRADAY,MARKET,EXECUTED,2026-01-28 05:08:00
TRD000682,C009,Indus Prime,Karan Malhotra,karan.malhotra@indusprime.example,Kolkata,Retail,E008,Myra Nair,Equities,Hyderabad,ASIANPAINT,Asian Paints Ltd,NSE,BUY,50,207.31,10365.5,DELIVERY,LIMIT,EXECUTED,2026-01-11 00:09:00
TRD000683,C006,Falcon Broking,Simran Kaur,simran.kaur@falcon.example,Ahmedabad,Retail,E007,Reyansh Mehta,Operations,Mumbai,ULTRACEMCO,UltraTech Cement Ltd,NSE,SELL,50,1330.83,66541.5,DELIVERY,LIMIT,PARTIALLY_EXECUTED,2026-01-18 22:08:00
TRD000684,C007,Gateway Financial,Vikram Joshi,vikram.joshi@gateway.example,Mumbai,Institutional,E005,Vihaan Shah,Operations,Mumbai,ASIANPAINT,Asian Paints Ltd,NSE,SELL,500,1161.75,580875.0,DELIVERY,MARKET,PARTIALLY_EXECUTED,2026-03-04 22:31:00
TRD000685,C004,Delta Securities,Priya Nair,priya.nair@delta.example,Bengaluru,Institutional,E007,Reyansh Mehta,Operations,Mumbai,ADANIENT,Adani Enterprises Ltd,NSE,SELL,200,1906.12,381224.0,DELIVERY,MARKET,EXECUTED,2026-01-07 22:27:00
TRD000686,C006,Falcon Broking,Simran Kaur,simran.kaur@falcon.example,Ahmedabad,Retail,E008,Myra Nair,Equities,Hyderabad,HCLTECH,HCL Technologies Ltd,NSE,BUY,100,3030.2,303020.0,DELIVERY,LIMIT,PARTIALLY_EXECUTED,2026-03-31 02:58:00
TRD000687,C016,Pinnacle Finance,Sara Fernandes,sara.fernandes@pinnacle.example,Goa,HNI,E009,Arnav Rao,Risk,Mumbai,SBIN,State Bank of India,NSE,BUY,200,1168.85,233770.0,INTRADAY,LIMIT,EXECUTED,2026-03-11 03:52:00
TRD000688,C002,BlueRock Investments,Neha Shah,neha.shah@bluerock.example,Pune,Institutional,E001,Aarav Sharma,Equities,Mumbai,TCS,Tata Consultancy Services Ltd,NSE,BUY,50,3528.98,176449.0,DELIVERY,LIMIT,PARTIALLY_EXECUTED,2026-03-05 21:30:00
TRD000689,C004,Delta Securities,Priya Nair,priya.nair@delta.example,Bengaluru,Institutional,E007,Reyansh Mehta,Operations,Mumbai,SUNPHARMA,Sun Pharmaceutical Industries Ltd,NSE,SELL,200,1530.47,306094.0,DELIVERY,MARKET,EXECUTED,2026-02-14 20:18:00
TRD000690,C019,Summit Investments,Yash Agarwal,yash.agarwal@summit.example,Indore,Retail,E002,Diya Patel,Equities,Mumbai,INFY,Infosys Ltd,NSE,SELL,25,1474.2,36855.0,INTRADAY,MARKET,PARTIALLY_EXECUTED,2026-01-04 23:22:00
TRD000691,C014,Northstar Wealth,Tanya Sethi,tanya.sethi@northstar.example,Gurugram,HNI,E010,Kiara Kapoor,Operations,Pune,KOTAKBANK,Kotak Mahindra Bank Ltd,NSE,SELL,100,168.96,16896.0,DELIVERY,LIMIT,PARTIALLY_EXECUTED,2026-03-27 21:24:00
TRD000692,C019,Summit Investments,Yash Agarwal,yash.agarwal@summit.example,Indore,Retail,E007,Reyansh Mehta,Operations,Mumbai,MARUTI,Maruti Suzuki India Ltd,NSE,BUY,250,496.73,124182.5,INTRADAY,LIMIT,EXECUTED,2026-02-07 20:52:00
TRD000693,C006,Falcon Broking,Simran Kaur,simran.kaur@falcon.example,Ahmedabad,Retail,E010,Kiara Kapoor,Operations,Pune,AXISBANK,Axis Bank Ltd,NSE,SELL,200,915.24,183048.0,DELIVERY,LIMIT,EXECUTED,2026-01-15 02:19:00
TRD000694,C002,BlueRock Investments,Neha Shah,neha.shah@bluerock.example,Pune,Institutional,E005,Vihaan Shah,Operations,Mumbai,TCS,Tata Consultancy Services Ltd,NSE,SELL,75,2655.11,199133.25,DELIVERY,LIMIT,EXECUTED,2026-01-18 03:01:00
TRD000695,C003,Crestline Wealth,Aman Kapoor,aman.kapoor@crestline.example,Delhi,HNI,E010,Kiara Kapoor,Operations,Pune,KOTAKBANK,Kotak Mahindra Bank Ltd,NSE,SELL,200,948.08,189616.0,INTRADAY,LIMIT,PARTIALLY_EXECUTED,2026-01-15 08:11:00
TRD000696,C018,Riverstone Advisors,Pooja Menon,pooja.menon@riverstone.example,Kochi,HNI,E006,Anaya Joshi,Derivatives,Bengaluru,ITC,ITC Ltd,NSE,SELL,200,1118.95,223790.0,INTRADAY,MARKET,EXECUTED,2026-04-05 04:55:00
TRD000697,C017,Quantum Securities,Nikhil Verma,nikhil.verma@quantum.example,Noida,Institutional,E003,Kabir Singh,Derivatives,Pune,TCS,Tata Consultancy Services Ltd,NSE,SELL,75,2804.22,210316.5,INTRADAY,LIMIT,EXECUTED,2026-03-27 10:53:00
TRD000698,C017,Quantum Securities,Nikhil Verma,nikhil.verma@quantum.example,Noida,Institutional,E004,Ira Deshmukh,Equities,Delhi,SUNPHARMA,Sun Pharmaceutical Industries Ltd,NSE,SELL,50,1074.14,53707.0,INTRADAY,LIMIT,EXECUTED,2026-02-25 01:10:00
TRD000699,C003,Crestline Wealth,Aman Kapoor,aman.kapoor@crestline.example,Delhi,HNI,E004,Ira Deshmukh,Equities,Delhi,HCLTECH,HCL Technologies Ltd,NSE,SELL,100,2743.47,274347.0,DELIVERY,LIMIT,EXECUTED,2026-02-17 01:40:00
TRD000700,C004,Delta Securities,Priya Nair,priya.nair@delta.example,Bengaluru,Institutional,E003,Kabir Singh,Derivatives,Pune,ITC,ITC Ltd,NSE,BUY,75,3364.84,252363.0,INTRADAY,LIMIT,PARTIALLY_EXECUTED,2026-02-26 22:01:00
TRD000701,C014,Northstar Wealth,Tanya Sethi,tanya.sethi@northstar.example,Gurugram,HNI,E001,Aarav Sharma,Equities,Mumbai,ITC,ITC Ltd,NSE,BUY,100,646.41,64641.0,INTRADAY,MARKET,EXECUTED,2026-02-17 10:12:00
TRD000702,C016,Pinnacle Finance,Sara Fernandes,sara.fernandes@pinnacle.example,Goa,HNI,E001,Aarav Sharma,Equities,Mumbai,RELIANCE,Reliance Industries Ltd,NSE,BUY,150,2560.58,384087.0,INTRADAY,LIMIT,EXECUTED,2026-01-12 23:02:00
TRD000703,C013,Meridian Capital,Aditya Jain,aditya.jain@meridian.example,Jaipur,Institutional,E003,Kabir Singh,Derivatives,Pune,LT,Larsen & Toubro Ltd,NSE,BUY,1000,3107.39,3107390.0,INTRADAY,LIMIT,EXECUTED,2026-01-23 08:20:00
TRD000704,C008,Horizon Partners,Ananya Rao,ananya.rao@horizon.example,Hyderabad,HNI,E010,Kiara Kapoor,Operations,Pune,HDFCBANK,HDFC Bank Ltd,NSE,SELL,150,3510.06,526509.0,DELIVERY,LIMIT,EXECUTED,2026-03-13 08:58:00
TRD000705,C005,Evergreen Holdings,Rohan Iyer,rohan.iyer@evergreen.example,Chennai,HNI,E002,Diya Patel,Equities,Mumbai,SBIN,State Bank of India,NSE,BUY,100,1893.44,189344.0,DELIVERY,LIMIT,EXECUTED,2026-02-16 16:19:00
TRD000706,C004,Delta Securities,Priya Nair,priya.nair@delta.example,Bengaluru,Institutional,E006,Anaya Joshi,Derivatives,Bengaluru,BAJFINANCE,Bajaj Finance Ltd,NSE,SELL,250,2894.47,723617.5,DELIVERY,LIMIT,PARTIALLY_EXECUTED,2026-02-20 22:41:00
TRD000707,C012,Lotus Financial,Meera Kulkarni,meera.kulkarni@lotus.example,Pune,Retail,E005,Vihaan Shah,Operations,Mumbai,TATASTEEL,Tata Steel Ltd,NSE,BUY,10,2927.16,29271.6,INTRADAY,LIMIT,EXECUTED,2026-02-14 00:24:00
TRD000708,C012,Lotus Financial,Meera Kulkarni,meera.kulkarni@lotus.example,Pune,Retail,E002,Diya Patel,Equities,Mumbai,BAJFINANCE,Bajaj Finance Ltd,NSE,BUY,250,1683.56,420890.0,INTRADAY,LIMIT,EXECUTED,2026-03-13 22:11:00
TRD000709,C008,Horizon Partners,Ananya Rao,ananya.rao@horizon.example,Hyderabad,HNI,E005,Vihaan Shah,Operations,Mumbai,ITC,ITC Ltd,NSE,BUY,250,2683.02,670755.0,DELIVERY,LIMIT,EXECUTED,2026-03-16 08:21:00
TRD000710,C016,Pinnacle Finance,Sara Fernandes,sara.fernandes@pinnacle.example,Goa,HNI,E008,Myra Nair,Equities,Hyderabad,HCLTECH,HCL Technologies Ltd,NSE,SELL,200,3692.87,738574.0,DELIVERY,LIMIT,EXECUTED,2026-01-19 15:53:00
TRD000711,C012,Lotus Financial,Meera Kulkarni,meera.kulkarni@lotus.example,Pune,Retail,E007,Reyansh Mehta,Operations,Mumbai,ULTRACEMCO,UltraTech Cement Ltd,NSE,SELL,250,2945.79,736447.5,DELIVERY,LIMIT,EXECUTED,2026-01-10 20:52:00
TRD000712,C001,Apex Capital Advisors,Raj Mehta,raj.mehta@apexcapital.example,Mumbai,Institutional,E007,Reyansh Mehta,Operations,Mumbai,ITC,ITC Ltd,NSE,SELL,150,2454.46,368169.0,DELIVERY,MARKET,EXECUTED,2026-01-21 13:27:00
TRD000713,C020,Trident Capital,Riya Chawla,riya.chawla@trident.example,Chandigarh,Institutional,E007,Reyansh Mehta,Operations,Mumbai,MARUTI,Maruti Suzuki India Ltd,NSE,SELL,250,3679.48,919870.0,INTRADAY,MARKET,EXECUTED,2026-01-25 16:33:00
TRD000714,C010,Jupiter Investments,Ishita Desai,ishita.desai@jupiter.example,Mumbai,Institutional,E004,Ira Deshmukh,Equities,Delhi,INFY,Infosys Ltd,NSE,SELL,150,833.47,125020.5,DELIVERY,MARKET,EXECUTED,2026-03-11 01:47:00
TRD000715,C018,Riverstone Advisors,Pooja Menon,pooja.menon@riverstone.example,Kochi,HNI,E010,Kiara Kapoor,Operations,Pune,LT,Larsen & Toubro Ltd,NSE,BUY,250,900.87,225217.5,DELIVERY,LIMIT,PARTIALLY_EXECUTED,2026-02-01 02:33:00
TRD000716,C020,Trident Capital,Riya Chawla,riya.chawla@trident.example,Chandigarh,Institutional,E005,Vihaan Shah,Operations,Mumbai,ICICIBANK,ICICI Bank Ltd,NSE,BUY,150,785.06,117759.0,DELIVERY,MARKET,PARTIALLY_EXECUTED,2026-04-14 15:34:00
TRD000717,C015,Orion Broking,Dev Patel,dev.patel@orion.example,Surat,Retail,E008,Myra Nair,Equities,Hyderabad,HDFCBANK,HDFC Bank Ltd,NSE,BUY,75,869.09,65181.75,INTRADAY,LIMIT,PARTIALLY_EXECUTED,2026-02-18 20:18:00
TRD000718,C005,Evergreen Holdings,Rohan Iyer,rohan.iyer@evergreen.example,Chennai,HNI,E007,Reyansh Mehta,Operations,Mumbai,ITC,ITC Ltd,NSE,BUY,100,3075.4,307540.0,INTRADAY,MARKET,PARTIALLY_EXECUTED,2026-02-04 20:35:00
TRD000719,C005,Evergreen Holdings,Rohan Iyer,rohan.iyer@evergreen.example,Chennai,HNI,E001,Aarav Sharma,Equities,Mumbai,AXISBANK,Axis Bank Ltd,NSE,SELL,75,2626.75,197006.25,INTRADAY,LIMIT,EXECUTED,2026-02-15 14:10:00
TRD000720,C001,Apex Capital Advisors,Raj Mehta,raj.mehta@apexcapital.example,Mumbai,Institutional,E008,Myra Nair,Equities,Hyderabad,ICICIBANK,ICICI Bank Ltd,NSE,SELL,200,2911.4,582280.0,INTRADAY,LIMIT,EXECUTED,2026-03-12 04:46:00
TRD000721,C004,Delta Securities,Priya Nair,priya.nair@delta.example,Bengaluru,Institutional,E009,Arnav Rao,Risk,Mumbai,RELIANCE,Reliance Industries Ltd,NSE,BUY,150,3916.33,587449.5,INTRADAY,MARKET,EXECUTED,2026-03-28 02:47:00
TRD000722,C009,Indus Prime,Karan Malhotra,karan.malhotra@indusprime.example,Kolkata,Retail,E009,Arnav Rao,Risk,Mumbai,ULTRACEMCO,UltraTech Cement Ltd,NSE,SELL,100,4107.51,410751.0,DELIVERY,MARKET,EXECUTED,2026-03-09 21:44:00
TRD000723,C009,Indus Prime,Karan Malhotra,karan.malhotra@indusprime.example,Kolkata,Retail,E003,Kabir Singh,Derivatives,Pune,KOTAKBANK,Kotak Mahindra Bank Ltd,NSE,SELL,150,3697.55,554632.5,DELIVERY,LIMIT,PARTIALLY_EXECUTED,2026-01-25 09:36:00
TRD000724,C005,Evergreen Holdings,Rohan Iyer,rohan.iyer@evergreen.example,Chennai,HNI,E005,Vihaan Shah,Operations,Mumbai,HDFCBANK,HDFC Bank Ltd,NSE,SELL,10,4111.6,41116.0,INTRADAY,LIMIT,PARTIALLY_EXECUTED,2026-04-02 06:20:00
TRD000725,C010,Jupiter Investments,Ishita Desai,ishita.desai@jupiter.example,Mumbai,Institutional,E005,Vihaan Shah,Operations,Mumbai,ULTRACEMCO,UltraTech Cement Ltd,NSE,SELL,500,1373.04,686520.0,INTRADAY,LIMIT,EXECUTED,2026-01-31 10:04:00
TRD000726,C018,Riverstone Advisors,Pooja Menon,pooja.menon@riverstone.example,Kochi,HNI,E008,Myra Nair,Equities,Hyderabad,RELIANCE,Reliance Industries Ltd,NSE,BUY,50,309.54,15477.0,DELIVERY,LIMIT,EXECUTED,2026-02-03 17:24:00
TRD000727,C006,Falcon Broking,Simran Kaur,simran.kaur@falcon.example,Ahmedabad,Retail,E008,Myra Nair,Equities,Hyderabad,HCLTECH,HCL Technologies Ltd,NSE,BUY,250,252.86,63215.0,INTRADAY,LIMIT,PARTIALLY_EXECUTED,2026-03-07 06:54:00
TRD000728,C004,Delta Securities,Priya Nair,priya.nair@delta.example,Bengaluru,Institutional,E003,Kabir Singh,Derivatives,Pune,HDFCBANK,HDFC Bank Ltd,NSE,SELL,25,923.36,23084.0,DELIVERY,MARKET,EXECUTED,2026-02-22 02:34:00
TRD000729,C019,Summit Investments,Yash Agarwal,yash.agarwal@summit.example,Indore,Retail,E010,Kiara Kapoor,Operations,Pune,ITC,ITC Ltd,NSE,BUY,500,3240.58,1620290.0,INTRADAY,MARKET,EXECUTED,2026-02-03 06:10:00
TRD000730,C016,Pinnacle Finance,Sara Fernandes,sara.fernandes@pinnacle.example,Goa,HNI,E002,Diya Patel,Equities,Mumbai,MARUTI,Maruti Suzuki India Ltd,NSE,BUY,100,2888.6,288860.0,INTRADAY,LIMIT,EXECUTED,2026-01-23 14:14:00
TRD000731,C011,Keystone Asset Mgmt,Arjun Bhat,arjun.bhat@keystone.example,Nashik,HNI,E003,Kabir Singh,Derivatives,Pune,TATASTEEL,Tata Steel Ltd,NSE,BUY,250,3503.33,875832.5,INTRADAY,LIMIT,EXECUTED,2026-03-29 17:46:00
TRD000732,C011,Keystone Asset Mgmt,Arjun Bhat,arjun.bhat@keystone.example,Nashik,HNI,E001,Aarav Sharma,Equities,Mumbai,ULTRACEMCO,UltraTech Cement Ltd,NSE,SELL,150,3983.63,597544.5,DELIVERY,MARKET,EXECUTED,2026-04-14 23:56:00
TRD000733,C010,Jupiter Investments,Ishita Desai,ishita.desai@jupiter.example,Mumbai,Institutional,E006,Anaya Joshi,Derivatives,Bengaluru,RELIANCE,Reliance Industries Ltd,NSE,BUY,500,4002.07,2001035.0,DELIVERY,LIMIT,EXECUTED,2026-03-11 19:34:00
TRD000734,C006,Falcon Broking,Simran Kaur,simran.kaur@falcon.example,Ahmedabad,Retail,E004,Ira Deshmukh,Equities,Delhi,BHARTIARTL,Bharti Airtel Ltd,NSE,BUY,10,3592.4,35924.0,INTRADAY,LIMIT,EXECUTED,2026-01-31 01:08:00
TRD000735,C005,Evergreen Holdings,Rohan Iyer,rohan.iyer@evergreen.example,Chennai,HNI,E002,Diya Patel,Equities,Mumbai,AXISBANK,Axis Bank Ltd,NSE,SELL,200,3113.18,622636.0,DELIVERY,LIMIT,EXECUTED,2026-02-26 20:06:00
TRD000736,C012,Lotus Financial,Meera Kulkarni,meera.kulkarni@lotus.example,Pune,Retail,E009,Arnav Rao,Risk,Mumbai,ITC,ITC Ltd,NSE,SELL,250,3728.47,932117.5,INTRADAY,LIMIT,EXECUTED,2026-03-29 02:50:00
TRD000737,C014,Northstar Wealth,Tanya Sethi,tanya.sethi@northstar.example,Gurugram,HNI,E006,Anaya Joshi,Derivatives,Bengaluru,ULTRACEMCO,UltraTech Cement Ltd,NSE,BUY,200,2680.27,536054.0,DELIVERY,LIMIT,PARTIALLY_EXECUTED,2026-01-18 07:20:00
TRD000738,C008,Horizon Partners,Ananya Rao,ananya.rao@horizon.example,Hyderabad,HNI,E003,Kabir Singh,Derivatives,Pune,ASIANPAINT,Asian Paints Ltd,NSE,BUY,100,2011.72,201172.0,INTRADAY,LIMIT,EXECUTED,2026-01-15 19:12:00
TRD000739,C005,Evergreen Holdings,Rohan Iyer,rohan.iyer@evergreen.example,Chennai,HNI,E005,Vihaan Shah,Operations,Mumbai,LT,Larsen & Toubro Ltd,NSE,SELL,100,2424.52,242452.0,DELIVERY,MARKET,EXECUTED,2026-04-11 16:34:00
TRD000740,C017,Quantum Securities,Nikhil Verma,nikhil.verma@quantum.example,Noida,Institutional,E007,Reyansh Mehta,Operations,Mumbai,HCLTECH,HCL Technologies Ltd,NSE,BUY,250,2804.42,701105.0,INTRADAY,LIMIT,EXECUTED,2026-04-14 20:58:00
TRD000741,C019,Summit Investments,Yash Agarwal,yash.agarwal@summit.example,Indore,Retail,E002,Diya Patel,Equities,Mumbai,KOTAKBANK,Kotak Mahindra Bank Ltd,NSE,BUY,25,3132.22,78305.5,DELIVERY,MARKET,PARTIALLY_EXECUTED,2026-03-26 15:35:00
TRD000742,C002,BlueRock Investments,Neha Shah,neha.shah@bluerock.example,Pune,Institutional,E002,Diya Patel,Equities,Mumbai,HCLTECH,HCL Technologies Ltd,NSE,SELL,150,2501.36,375204.0,INTRADAY,LIMIT,EXECUTED,2026-03-25 05:10:00
TRD000743,C006,Falcon Broking,Simran Kaur,simran.kaur@falcon.example,Ahmedabad,Retail,E004,Ira Deshmukh,Equities,Delhi,SBIN,State Bank of India,NSE,BUY,1000,1152.09,1152090.0,INTRADAY,MARKET,EXECUTED,2026-01-20 17:48:00
TRD000744,C013,Meridian Capital,Aditya Jain,aditya.jain@meridian.example,Jaipur,Institutional,E002,Diya Patel,Equities,Mumbai,TATASTEEL,Tata Steel Ltd,NSE,BUY,250,1978.57,494642.5,INTRADAY,LIMIT,EXECUTED,2026-03-16 03:07:00
TRD000745,C013,Meridian Capital,Aditya Jain,aditya.jain@meridian.example,Jaipur,Institutional,E005,Vihaan Shah,Operations,Mumbai,INFY,Infosys Ltd,NSE,BUY,50,142.1,7105.0,DELIVERY,MARKET,EXECUTED,2026-01-21 18:12:00
TRD000746,C007,Gateway Financial,Vikram Joshi,vikram.joshi@gateway.example,Mumbai,Institutional,E008,Myra Nair,Equities,Hyderabad,ICICIBANK,ICICI Bank Ltd,NSE,BUY,200,3550.2,710040.0,DELIVERY,MARKET,EXECUTED,2026-04-09 10:21:00
TRD000747,C015,Orion Broking,Dev Patel,dev.patel@orion.example,Surat,Retail,E003,Kabir Singh,Derivatives,Pune,ASIANPAINT,Asian Paints Ltd,NSE,SELL,10,564.23,5642.3,INTRADAY,LIMIT,PARTIALLY_EXECUTED,2026-01-29 03:11:00
TRD000748,C001,Apex Capital Advisors,Raj Mehta,raj.mehta@apexcapital.example,Mumbai,Institutional,E008,Myra Nair,Equities,Hyderabad,TCS,Tata Consultancy Services Ltd,NSE,BUY,75,1298.23,97367.25,DELIVERY,LIMIT,EXECUTED,2026-03-13 16:45:00
TRD000749,C004,Delta Securities,Priya Nair,priya.nair@delta.example,Bengaluru,Institutional,E007,Reyansh Mehta,Operations,Mumbai,HCLTECH,HCL Technologies Ltd,NSE,SELL,1000,2536.88,2536880.0,INTRADAY,MARKET,PARTIALLY_EXECUTED,2026-04-12 07:02:00
TRD000750,C013,Meridian Capital,Aditya Jain,aditya.jain@meridian.example,Jaipur,Institutional,E008,Myra Nair,Equities,Hyderabad,KOTAKBANK,Kotak Mahindra Bank Ltd,NSE,SELL,75,3024.3,226822.5,DELIVERY,LIMIT,EXECUTED,2026-04-07 13:27:00
TRD000751,C018,Riverstone Advisors,Pooja Menon,pooja.menon@riverstone.example,Kochi,HNI,E002,Diya Patel,Equities,Mumbai,WIPRO,Wipro Ltd,NSE,SELL,250,566.21,141552.5,INTRADAY,LIMIT,EXECUTED,2026-03-05 12:17:00
TRD000752,C006,Falcon Broking,Simran Kaur,simran.kaur@falcon.example,Ahmedabad,Retail,E005,Vihaan Shah,Operations,Mumbai,ITC,ITC Ltd,NSE,SELL,150,1887.83,283174.5,DELIVERY,LIMIT,PARTIALLY_EXECUTED,2026-04-03 19:08:00
TRD000753,C005,Evergreen Holdings,Rohan Iyer,rohan.iyer@evergreen.example,Chennai,HNI,E005,Vihaan Shah,Operations,Mumbai,BHARTIARTL,Bharti Airtel Ltd,NSE,SELL,150,3360.43,504064.5,DELIVERY,LIMIT,EXECUTED,2026-01-30 21:09:00
TRD000754,C016,Pinnacle Finance,Sara Fernandes,sara.fernandes@pinnacle.example,Goa,HNI,E003,Kabir Singh,Derivatives,Pune,SBIN,State Bank of India,NSE,BUY,50,2577.66,128883.0,INTRADAY,LIMIT,EXECUTED,2026-01-19 18:06:00
TRD000755,C008,Horizon Partners,Ananya Rao,ananya.rao@horizon.example,Hyderabad,HNI,E004,Ira Deshmukh,Equities,Delhi,BAJFINANCE,Bajaj Finance Ltd,NSE,BUY,10,1561.41,15614.1,INTRADAY,MARKET,EXECUTED,2026-02-17 20:44:00
TRD000756,C017,Quantum Securities,Nikhil Verma,nikhil.verma@quantum.example,Noida,Institutional,E001,Aarav Sharma,Equities,Mumbai,INFY,Infosys Ltd,NSE,SELL,200,553.98,110796.0,DELIVERY,MARKET,PARTIALLY_EXECUTED,2026-02-11 15:40:00
TRD000757,C009,Indus Prime,Karan Malhotra,karan.malhotra@indusprime.example,Kolkata,Retail,E006,Anaya Joshi,Derivatives,Bengaluru,SUNPHARMA,Sun Pharmaceutical Industries Ltd,NSE,BUY,500,1185.73,592865.0,DELIVERY,MARKET,PARTIALLY_EXECUTED,2026-01-28 21:45:00
TRD000758,C015,Orion Broking,Dev Patel,dev.patel@orion.example,Surat,Retail,E002,Diya Patel,Equities,Mumbai,HDFCBANK,HDFC Bank Ltd,NSE,BUY,500,257.7,128850.0,DELIVERY,MARKET,EXECUTED,2026-01-20 13:47:00
TRD000759,C012,Lotus Financial,Meera Kulkarni,meera.kulkarni@lotus.example,Pune,Retail,E003,Kabir Singh,Derivatives,Pune,AXISBANK,Axis Bank Ltd,NSE,SELL,500,2135.88,1067940.0,DELIVERY,LIMIT,EXECUTED,2026-01-19 11:04:00
TRD000760,C005,Evergreen Holdings,Rohan Iyer,rohan.iyer@evergreen.example,Chennai,HNI,E002,Diya Patel,Equities,Mumbai,ITC,ITC Ltd,NSE,SELL,200,3250.34,650068.0,DELIVERY,LIMIT,EXECUTED,2026-01-02 14:01:00
TRD000761,C010,Jupiter Investments,Ishita Desai,ishita.desai@jupiter.example,Mumbai,Institutional,E009,Arnav Rao,Risk,Mumbai,SBIN,State Bank of India,NSE,BUY,100,1617.58,161758.0,INTRADAY,MARKET,EXECUTED,2026-03-17 22:27:00
TRD000762,C017,Quantum Securities,Nikhil Verma,nikhil.verma@quantum.example,Noida,Institutional,E007,Reyansh Mehta,Operations,Mumbai,LT,Larsen & Toubro Ltd,NSE,BUY,200,1786.18,357236.0,INTRADAY,LIMIT,EXECUTED,2026-03-16 21:32:00
TRD000763,C015,Orion Broking,Dev Patel,dev.patel@orion.example,Surat,Retail,E003,Kabir Singh,Derivatives,Pune,TATASTEEL,Tata Steel Ltd,NSE,BUY,25,1477.12,36928.0,DELIVERY,LIMIT,EXECUTED,2026-03-15 12:05:00
TRD000764,C013,Meridian Capital,Aditya Jain,aditya.jain@meridian.example,Jaipur,Institutional,E001,Aarav Sharma,Equities,Mumbai,ICICIBANK,ICICI Bank Ltd,NSE,BUY,500,4087.5,2043750.0,INTRADAY,LIMIT,EXECUTED,2026-03-18 17:13:00
TRD000765,C012,Lotus Financial,Meera Kulkarni,meera.kulkarni@lotus.example,Pune,Retail,E001,Aarav Sharma,Equities,Mumbai,WIPRO,Wipro Ltd,NSE,BUY,200,1921.07,384214.0,INTRADAY,LIMIT,PARTIALLY_EXECUTED,2026-02-07 17:29:00
TRD000766,C007,Gateway Financial,Vikram Joshi,vikram.joshi@gateway.example,Mumbai,Institutional,E005,Vihaan Shah,Operations,Mumbai,INFY,Infosys Ltd,NSE,BUY,500,1461.44,730720.0,INTRADAY,MARKET,EXECUTED,2026-01-24 07:46:00
TRD000767,C017,Quantum Securities,Nikhil Verma,nikhil.verma@quantum.example,Noida,Institutional,E009,Arnav Rao,Risk,Mumbai,AXISBANK,Axis Bank Ltd,NSE,SELL,50,181.38,9069.0,INTRADAY,MARKET,EXECUTED,2026-04-09 16:15:00
TRD000768,C014,Northstar Wealth,Tanya Sethi,tanya.sethi@northstar.example,Gurugram,HNI,E009,Arnav Rao,Risk,Mumbai,HDFCBANK,HDFC Bank Ltd,NSE,BUY,150,1153.9,173085.0,INTRADAY,MARKET,EXECUTED,2026-04-03 18:32:00
TRD000769,C004,Delta Securities,Priya Nair,priya.nair@delta.example,Bengaluru,Institutional,E008,Myra Nair,Equities,Hyderabad,AXISBANK,Axis Bank Ltd,NSE,BUY,250,1479.9,369975.0,DELIVERY,LIMIT,EXECUTED,2026-02-13 08:46:00
TRD000770,C010,Jupiter Investments,Ishita Desai,ishita.desai@jupiter.example,Mumbai,Institutional,E010,Kiara Kapoor,Operations,Pune,ICICIBANK,ICICI Bank Ltd,NSE,SELL,500,3119.86,1559930.0,INTRADAY,MARKET,EXECUTED,2026-01-20 12:59:00
TRD000771,C015,Orion Broking,Dev Patel,dev.patel@orion.example,Surat,Retail,E002,Diya Patel,Equities,Mumbai,ICICIBANK,ICICI Bank Ltd,NSE,SELL,200,422.21,84442.0,INTRADAY,MARKET,PARTIALLY_EXECUTED,2026-01-12 16:58:00
TRD000772,C007,Gateway Financial,Vikram Joshi,vikram.joshi@gateway.example,Mumbai,Institutional,E008,Myra Nair,Equities,Hyderabad,INFY,Infosys Ltd,NSE,SELL,500,1742.33,871165.0,INTRADAY,LIMIT,PARTIALLY_EXECUTED,2026-04-13 03:25:00
TRD000773,C014,Northstar Wealth,Tanya Sethi,tanya.sethi@northstar.example,Gurugram,HNI,E008,Myra Nair,Equities,Hyderabad,ASIANPAINT,Asian Paints Ltd,NSE,SELL,50,678.98,33949.0,INTRADAY,LIMIT,EXECUTED,2026-01-24 12:39:00
TRD000774,C017,Quantum Securities,Nikhil Verma,nikhil.verma@quantum.example,Noida,Institutional,E009,Arnav Rao,Risk,Mumbai,HDFCBANK,HDFC Bank Ltd,NSE,BUY,250,2032.86,508215.0,INTRADAY,MARKET,PARTIALLY_EXECUTED,2026-01-29 22:29:00
TRD000775,C004,Delta Securities,Priya Nair,priya.nair@delta.example,Bengaluru,Institutional,E002,Diya Patel,Equities,Mumbai,SUNPHARMA,Sun Pharmaceutical Industries Ltd,NSE,SELL,10,2236.23,22362.3,INTRADAY,LIMIT,EXECUTED,2026-01-22 19:40:00
TRD000776,C010,Jupiter Investments,Ishita Desai,ishita.desai@jupiter.example,Mumbai,Institutional,E005,Vihaan Shah,Operations,Mumbai,ASIANPAINT,Asian Paints Ltd,NSE,BUY,50,669.91,33495.5,DELIVERY,LIMIT,EXECUTED,2026-03-19 03:56:00
TRD000777,C007,Gateway Financial,Vikram Joshi,vikram.joshi@gateway.example,Mumbai,Institutional,E003,Kabir Singh,Derivatives,Pune,ASIANPAINT,Asian Paints Ltd,NSE,BUY,25,2338.12,58453.0,DELIVERY,LIMIT,PARTIALLY_EXECUTED,2026-01-13 16:26:00
TRD000778,C019,Summit Investments,Yash Agarwal,yash.agarwal@summit.example,Indore,Retail,E005,Vihaan Shah,Operations,Mumbai,TCS,Tata Consultancy Services Ltd,NSE,SELL,150,3300.25,495037.5,DELIVERY,MARKET,PARTIALLY_EXECUTED,2026-03-28 21:33:00
TRD000779,C015,Orion Broking,Dev Patel,dev.patel@orion.example,Surat,Retail,E008,Myra Nair,Equities,Hyderabad,ICICIBANK,ICICI Bank Ltd,NSE,SELL,25,3376.22,84405.5,INTRADAY,MARKET,PARTIALLY_EXECUTED,2026-03-16 22:56:00
TRD000780,C011,Keystone Asset Mgmt,Arjun Bhat,arjun.bhat@keystone.example,Nashik,HNI,E009,Arnav Rao,Risk,Mumbai,RELIANCE,Reliance Industries Ltd,NSE,SELL,100,2742.95,274295.0,DELIVERY,LIMIT,EXECUTED,2026-01-31 12:49:00
TRD000781,C018,Riverstone Advisors,Pooja Menon,pooja.menon@riverstone.example,Kochi,HNI,E002,Diya Patel,Equities,Mumbai,ITC,ITC Ltd,NSE,BUY,1000,2232.02,2232020.0,DELIVERY,MARKET,EXECUTED,2026-03-29 00:12:00
TRD000782,C001,Apex Capital Advisors,Raj Mehta,raj.mehta@apexcapital.example,Mumbai,Institutional,E005,Vihaan Shah,Operations,Mumbai,ITC,ITC Ltd,NSE,BUY,1000,1913.0,1913000.0,INTRADAY,LIMIT,EXECUTED,2026-04-08 12:20:00
TRD000783,C016,Pinnacle Finance,Sara Fernandes,sara.fernandes@pinnacle.example,Goa,HNI,E001,Aarav Sharma,Equities,Mumbai,MARUTI,Maruti Suzuki India Ltd,NSE,SELL,50,1792.46,89623.0,INTRADAY,LIMIT,EXECUTED,2026-04-07 11:41:00
TRD000784,C003,Crestline Wealth,Aman Kapoor,aman.kapoor@crestline.example,Delhi,HNI,E002,Diya Patel,Equities,Mumbai,HDFCBANK,HDFC Bank Ltd,NSE,BUY,100,677.7,67770.0,DELIVERY,MARKET,EXECUTED,2026-02-16 21:47:00
TRD000785,C014,Northstar Wealth,Tanya Sethi,tanya.sethi@northstar.example,Gurugram,HNI,E003,Kabir Singh,Derivatives,Pune,RELIANCE,Reliance Industries Ltd,NSE,SELL,50,196.81,9840.5,INTRADAY,LIMIT,EXECUTED,2026-01-12 00:50:00
TRD000786,C011,Keystone Asset Mgmt,Arjun Bhat,arjun.bhat@keystone.example,Nashik,HNI,E003,Kabir Singh,Derivatives,Pune,HCLTECH,HCL Technologies Ltd,NSE,SELL,100,1630.24,163024.0,DELIVERY,MARKET,EXECUTED,2026-01-23 09:45:00
TRD000787,C020,Trident Capital,Riya Chawla,riya.chawla@trident.example,Chandigarh,Institutional,E010,Kiara Kapoor,Operations,Pune,LT,Larsen & Toubro Ltd,NSE,SELL,500,3181.08,1590540.0,DELIVERY,LIMIT,EXECUTED,2026-03-12 11:33:00
TRD000788,C011,Keystone Asset Mgmt,Arjun Bhat,arjun.bhat@keystone.example,Nashik,HNI,E008,Myra Nair,Equities,Hyderabad,BAJFINANCE,Bajaj Finance Ltd,NSE,SELL,25,2077.37,51934.25,DELIVERY,MARKET,EXECUTED,2026-03-16 13:37:00
TRD000789,C018,Riverstone Advisors,Pooja Menon,pooja.menon@riverstone.example,Kochi,HNI,E010,Kiara Kapoor,Operations,Pune,HDFCBANK,HDFC Bank Ltd,NSE,BUY,500,2766.13,1383065.0,INTRADAY,LIMIT,PARTIALLY_EXECUTED,2026-01-24 05:52:00
TRD000790,C003,Crestline Wealth,Aman Kapoor,aman.kapoor@crestline.example,Delhi,HNI,E009,Arnav Rao,Risk,Mumbai,ITC,ITC Ltd,NSE,BUY,150,2308.91,346336.5,DELIVERY,LIMIT,PARTIALLY_EXECUTED,2026-02-01 00:04:00
TRD000791,C002,BlueRock Investments,Neha Shah,neha.shah@bluerock.example,Pune,Institutional,E001,Aarav Sharma,Equities,Mumbai,ADANIENT,Adani Enterprises Ltd,NSE,SELL,50,87.23,4361.5,INTRADAY,LIMIT,PARTIALLY_EXECUTED,2026-03-30 03:57:00
TRD000792,C012,Lotus Financial,Meera Kulkarni,meera.kulkarni@lotus.example,Pune,Retail,E004,Ira Deshmukh,Equities,Delhi,TCS,Tata Consultancy Services Ltd,NSE,SELL,10,749.23,7492.3,DELIVERY,LIMIT,EXECUTED,2026-04-08 14:43:00
TRD000793,C013,Meridian Capital,Aditya Jain,aditya.jain@meridian.example,Jaipur,Institutional,E002,Diya Patel,Equities,Mumbai,ICICIBANK,ICICI Bank Ltd,NSE,SELL,200,952.65,190530.0,INTRADAY,LIMIT,EXECUTED,2026-04-03 06:50:00
TRD000794,C015,Orion Broking,Dev Patel,dev.patel@orion.example,Surat,Retail,E005,Vihaan Shah,Operations,Mumbai,LT,Larsen & Toubro Ltd,NSE,SELL,150,951.72,142758.0,DELIVERY,MARKET,EXECUTED,2026-03-02 04:18:00
TRD000795,C020,Trident Capital,Riya Chawla,riya.chawla@trident.example,Chandigarh,Institutional,E008,Myra Nair,Equities,Hyderabad,TATASTEEL,Tata Steel Ltd,NSE,BUY,50,1785.17,89258.5,INTRADAY,MARKET,EXECUTED,2026-03-31 09:37:00
TRD000796,C018,Riverstone Advisors,Pooja Menon,pooja.menon@riverstone.example,Kochi,HNI,E001,Aarav Sharma,Equities,Mumbai,ADANIENT,Adani Enterprises Ltd,NSE,BUY,150,4084.94,612741.0,INTRADAY,LIMIT,EXECUTED,2026-03-10 21:39:00
TRD000797,C001,Apex Capital Advisors,Raj Mehta,raj.mehta@apexcapital.example,Mumbai,Institutional,E002,Diya Patel,Equities,Mumbai,ADANIENT,Adani Enterprises Ltd,NSE,SELL,75,1914.44,143583.0,DELIVERY,LIMIT,EXECUTED,2026-02-10 17:05:00
TRD000798,C007,Gateway Financial,Vikram Joshi,vikram.joshi@gateway.example,Mumbai,Institutional,E002,Diya Patel,Equities,Mumbai,ULTRACEMCO,UltraTech Cement Ltd,NSE,SELL,75,1048.97,78672.75,INTRADAY,MARKET,EXECUTED,2026-04-01 06:43:00
TRD000799,C016,Pinnacle Finance,Sara Fernandes,sara.fernandes@pinnacle.example,Goa,HNI,E010,Kiara Kapoor,Operations,Pune,ITC,ITC Ltd,NSE,BUY,75,4135.24,310143.0,DELIVERY,LIMIT,PARTIALLY_EXECUTED,2026-03-14 11:46:00
TRD000800,C006,Falcon Broking,Simran Kaur,simran.kaur@falcon.example,Ahmedabad,Retail,E009,Arnav Rao,Risk,Mumbai,ITC,ITC Ltd,NSE,BUY,25,2505.3,62632.5,DELIVERY,LIMIT,EXECUTED,2026-01-13 05:27:00
TRD000801,C017,Quantum Securities,Nikhil Verma,nikhil.verma@quantum.example,Noida,Institutional,E005,Vihaan Shah,Operations,Mumbai,ITC,ITC Ltd,NSE,BUY,500,2613.49,1306745.0,INTRADAY,MARKET,PARTIALLY_EXECUTED,2026-04-13 08:26:00
TRD000802,C002,BlueRock Investments,Neha Shah,neha.shah@bluerock.example,Pune,Institutional,E006,Anaya Joshi,Derivatives,Bengaluru,HCLTECH,HCL Technologies Ltd,NSE,SELL,100,585.87,58587.0,INTRADAY,LIMIT,EXECUTED,2026-04-05 17:42:00
TRD000803,C017,Quantum Securities,Nikhil Verma,nikhil.verma@quantum.example,Noida,Institutional,E001,Aarav Sharma,Equities,Mumbai,LT,Larsen & Toubro Ltd,NSE,BUY,100,3864.18,386418.0,INTRADAY,LIMIT,EXECUTED,2026-04-08 07:23:00
TRD000804,C013,Meridian Capital,Aditya Jain,aditya.jain@meridian.example,Jaipur,Institutional,E004,Ira Deshmukh,Equities,Delhi,MARUTI,Maruti Suzuki India Ltd,NSE,BUY,1000,3408.57,3408570.0,INTRADAY,MARKET,EXECUTED,2026-02-11 11:02:00
TRD000805,C007,Gateway Financial,Vikram Joshi,vikram.joshi@gateway.example,Mumbai,Institutional,E003,Kabir Singh,Derivatives,Pune,MARUTI,Maruti Suzuki India Ltd,NSE,SELL,25,2660.97,66524.25,DELIVERY,LIMIT,PARTIALLY_EXECUTED,2026-01-18 23:51:00
TRD000806,C001,Apex Capital Advisors,Raj Mehta,raj.mehta@apexcapital.example,Mumbai,Institutional,E010,Kiara Kapoor,Operations,Pune,MARUTI,Maruti Suzuki India Ltd,NSE,SELL,75,528.76,39657.0,INTRADAY,MARKET,EXECUTED,2026-02-13 18:39:00
TRD000807,C017,Quantum Securities,Nikhil Verma,nikhil.verma@quantum.example,Noida,Institutional,E004,Ira Deshmukh,Equities,Delhi,INFY,Infosys Ltd,NSE,SELL,25,2658.31,66457.75,DELIVERY,MARKET,EXECUTED,2026-01-24 02:37:00
TRD000808,C013,Meridian Capital,Aditya Jain,aditya.jain@meridian.example,Jaipur,Institutional,E006,Anaya Joshi,Derivatives,Bengaluru,INFY,Infosys Ltd,NSE,BUY,10,3867.16,38671.6,DELIVERY,LIMIT,PARTIALLY_EXECUTED,2026-03-22 20:01:00
TRD000809,C003,Crestline Wealth,Aman Kapoor,aman.kapoor@crestline.example,Delhi,HNI,E002,Diya Patel,Equities,Mumbai,RELIANCE,Reliance Industries Ltd,NSE,BUY,100,3582.46,358246.0,DELIVERY,LIMIT,EXECUTED,2026-03-15 12:13:00
TRD000810,C020,Trident Capital,Riya Chawla,riya.chawla@trident.example,Chandigarh,Institutional,E010,Kiara Kapoor,Operations,Pune,TATASTEEL,Tata Steel Ltd,NSE,SELL,200,1995.22,399044.0,DELIVERY,LIMIT,EXECUTED,2026-03-20 07:40:00
TRD000811,C015,Orion Broking,Dev Patel,dev.patel@orion.example,Surat,Retail,E009,Arnav Rao,Risk,Mumbai,MARUTI,Maruti Suzuki India Ltd,NSE,BUY,25,507.57,12689.25,DELIVERY,MARKET,EXECUTED,2026-01-13 16:21:00
TRD000812,C012,Lotus Financial,Meera Kulkarni,meera.kulkarni@lotus.example,Pune,Retail,E007,Reyansh Mehta,Operations,Mumbai,ASIANPAINT,Asian Paints Ltd,NSE,SELL,50,1085.57,54278.5,DELIVERY,MARKET,EXECUTED,2026-01-09 09:47:00
TRD000813,C019,Summit Investments,Yash Agarwal,yash.agarwal@summit.example,Indore,Retail,E007,Reyansh Mehta,Operations,Mumbai,KOTAKBANK,Kotak Mahindra Bank Ltd,NSE,SELL,100,2486.79,248679.0,DELIVERY,MARKET,PARTIALLY_EXECUTED,2026-04-09 21:32:00
TRD000814,C010,Jupiter Investments,Ishita Desai,ishita.desai@jupiter.example,Mumbai,Institutional,E010,Kiara Kapoor,Operations,Pune,MARUTI,Maruti Suzuki India Ltd,NSE,SELL,150,4077.67,611650.5,DELIVERY,MARKET,EXECUTED,2026-04-05 15:01:00
TRD000815,C017,Quantum Securities,Nikhil Verma,nikhil.verma@quantum.example,Noida,Institutional,E009,Arnav Rao,Risk,Mumbai,RELIANCE,Reliance Industries Ltd,NSE,SELL,150,889.1,133365.0,DELIVERY,MARKET,EXECUTED,2026-02-06 20:41:00
TRD000816,C007,Gateway Financial,Vikram Joshi,vikram.joshi@gateway.example,Mumbai,Institutional,E008,Myra Nair,Equities,Hyderabad,ADANIENT,Adani Enterprises Ltd,NSE,SELL,1000,2414.49,2414490.0,INTRADAY,LIMIT,EXECUTED,2026-03-03 11:46:00
TRD000817,C006,Falcon Broking,Simran Kaur,simran.kaur@falcon.example,Ahmedabad,Retail,E002,Diya Patel,Equities,Mumbai,ADANIENT,Adani Enterprises Ltd,NSE,BUY,250,987.86,246965.0,DELIVERY,MARKET,PARTIALLY_EXECUTED,2026-01-02 01:24:00
TRD000818,C020,Trident Capital,Riya Chawla,riya.chawla@trident.example,Chandigarh,Institutional,E004,Ira Deshmukh,Equities,Delhi,LT,Larsen & Toubro Ltd,NSE,SELL,150,3406.92,511038.0,DELIVERY,LIMIT,EXECUTED,2026-03-10 19:38:00
TRD000819,C001,Apex Capital Advisors,Raj Mehta,raj.mehta@apexcapital.example,Mumbai,Institutional,E006,Anaya Joshi,Derivatives,Bengaluru,TATASTEEL,Tata Steel Ltd,NSE,BUY,150,208.52,31278.0,DELIVERY,LIMIT,PARTIALLY_EXECUTED,2026-01-22 08:31:00
TRD000820,C007,Gateway Financial,Vikram Joshi,vikram.joshi@gateway.example,Mumbai,Institutional,E010,Kiara Kapoor,Operations,Pune,SUNPHARMA,Sun Pharmaceutical Industries Ltd,NSE,BUY,10,904.39,9043.9,DELIVERY,MARKET,EXECUTED,2026-02-22 02:30:00
TRD000821,C006,Falcon Broking,Simran Kaur,simran.kaur@falcon.example,Ahmedabad,Retail,E006,Anaya Joshi,Derivatives,Bengaluru,BAJFINANCE,Bajaj Finance Ltd,NSE,BUY,50,891.49,44574.5,INTRADAY,MARKET,EXECUTED,2026-02-02 10:32:00
TRD000822,C005,Evergreen Holdings,Rohan Iyer,rohan.iyer@evergreen.example,Chennai,HNI,E007,Reyansh Mehta,Operations,Mumbai,HDFCBANK,HDFC Bank Ltd,NSE,SELL,75,1340.37,100527.75,INTRADAY,LIMIT,EXECUTED,2026-02-14 02:28:00
TRD000823,C017,Quantum Securities,Nikhil Verma,nikhil.verma@quantum.example,Noida,Institutional,E010,Kiara Kapoor,Operations,Pune,HCLTECH,HCL Technologies Ltd,NSE,BUY,25,679.34,16983.5,DELIVERY,MARKET,PARTIALLY_EXECUTED,2026-01-25 04:42:00
TRD000824,C012,Lotus Financial,Meera Kulkarni,meera.kulkarni@lotus.example,Pune,Retail,E006,Anaya Joshi,Derivatives,Bengaluru,ULTRACEMCO,UltraTech Cement Ltd,NSE,SELL,75,3874.97,290622.75,INTRADAY,MARKET,EXECUTED,2026-02-04 19:26:00
TRD000825,C008,Horizon Partners,Ananya Rao,ananya.rao@horizon.example,Hyderabad,HNI,E001,Aarav Sharma,Equities,Mumbai,WIPRO,Wipro Ltd,NSE,BUY,500,4069.9,2034950.0,DELIVERY,MARKET,PARTIALLY_EXECUTED,2026-03-31 09:40:00
TRD000826,C020,Trident Capital,Riya Chawla,riya.chawla@trident.example,Chandigarh,Institutional,E002,Diya Patel,Equities,Mumbai,SBIN,State Bank of India,NSE,SELL,500,1625.1,812550.0,INTRADAY,MARKET,EXECUTED,2026-04-05 20:19:00
TRD000827,C012,Lotus Financial,Meera Kulkarni,meera.kulkarni@lotus.example,Pune,Retail,E009,Arnav Rao,Risk,Mumbai,ASIANPAINT,Asian Paints Ltd,NSE,SELL,250,1189.2,297300.0,DELIVERY,MARKET,EXECUTED,2026-03-15 09:00:00
TRD000828,C007,Gateway Financial,Vikram Joshi,vikram.joshi@gateway.example,Mumbai,Institutional,E008,Myra Nair,Equities,Hyderabad,LT,Larsen & Toubro Ltd,NSE,SELL,75,1344.19,100814.25,DELIVERY,LIMIT,EXECUTED,2026-03-11 00:45:00
TRD000829,C018,Riverstone Advisors,Pooja Menon,pooja.menon@riverstone.example,Kochi,HNI,E002,Diya Patel,Equities,Mumbai,ICICIBANK,ICICI Bank Ltd,NSE,BUY,100,1914.14,191414.0,DELIVERY,MARKET,PARTIALLY_EXECUTED,2026-03-06 09:18:00
TRD000830,C017,Quantum Securities,Nikhil Verma,nikhil.verma@quantum.example,Noida,Institutional,E010,Kiara Kapoor,Operations,Pune,MARUTI,Maruti Suzuki India Ltd,NSE,SELL,250,2008.97,502242.5,INTRADAY,LIMIT,EXECUTED,2026-03-16 19:59:00
TRD000831,C009,Indus Prime,Karan Malhotra,karan.malhotra@indusprime.example,Kolkata,Retail,E007,Reyansh Mehta,Operations,Mumbai,TATASTEEL,Tata Steel Ltd,NSE,BUY,250,1047.05,261762.5,INTRADAY,MARKET,EXECUTED,2026-01-15 04:48:00
TRD000832,C017,Quantum Securities,Nikhil Verma,nikhil.verma@quantum.example,Noida,Institutional,E009,Arnav Rao,Risk,Mumbai,BAJFINANCE,Bajaj Finance Ltd,NSE,BUY,100,3897.98,389798.0,DELIVERY,MARKET,EXECUTED,2026-01-19 07:12:00
TRD000833,C002,BlueRock Investments,Neha Shah,neha.shah@bluerock.example,Pune,Institutional,E009,Arnav Rao,Risk,Mumbai,ITC,ITC Ltd,NSE,SELL,75,2863.07,214730.25,INTRADAY,LIMIT,EXECUTED,2026-02-15 21:37:00
TRD000834,C020,Trident Capital,Riya Chawla,riya.chawla@trident.example,Chandigarh,Institutional,E003,Kabir Singh,Derivatives,Pune,BAJFINANCE,Bajaj Finance Ltd,NSE,SELL,10,3253.86,32538.6,INTRADAY,LIMIT,PARTIALLY_EXECUTED,2026-02-21 16:39:00
TRD000835,C019,Summit Investments,Yash Agarwal,yash.agarwal@summit.example,Indore,Retail,E001,Aarav Sharma,Equities,Mumbai,ASIANPAINT,Asian Paints Ltd,NSE,BUY,200,1021.49,204298.0,INTRADAY,MARKET,PARTIALLY_EXECUTED,2026-02-08 14:12:00
TRD000836,C015,Orion Broking,Dev Patel,dev.patel@orion.example,Surat,Retail,E006,Anaya Joshi,Derivatives,Bengaluru,INFY,Infosys Ltd,NSE,SELL,75,1849.48,138711.0,DELIVERY,LIMIT,PARTIALLY_EXECUTED,2026-03-18 10:09:00
TRD000837,C018,Riverstone Advisors,Pooja Menon,pooja.menon@riverstone.example,Kochi,HNI,E001,Aarav Sharma,Equities,Mumbai,SUNPHARMA,Sun Pharmaceutical Industries Ltd,NSE,BUY,1000,3680.48,3680480.0,DELIVERY,LIMIT,EXECUTED,2026-02-26 00:18:00
TRD000838,C011,Keystone Asset Mgmt,Arjun Bhat,arjun.bhat@keystone.example,Nashik,HNI,E004,Ira Deshmukh,Equities,Delhi,HCLTECH,HCL Technologies Ltd,NSE,SELL,200,3224.09,644818.0,INTRADAY,LIMIT,EXECUTED,2026-04-09 06:04:00
TRD000839,C019,Summit Investments,Yash Agarwal,yash.agarwal@summit.example,Indore,Retail,E001,Aarav Sharma,Equities,Mumbai,ICICIBANK,ICICI Bank Ltd,NSE,BUY,150,2423.11,363466.5,INTRADAY,MARKET,PARTIALLY_EXECUTED,2026-03-13 13:03:00
TRD000840,C003,Crestline Wealth,Aman Kapoor,aman.kapoor@crestline.example,Delhi,HNI,E009,Arnav Rao,Risk,Mumbai,BHARTIARTL,Bharti Airtel Ltd,NSE,BUY,250,532.05,133012.5,INTRADAY,LIMIT,EXECUTED,2026-04-15 01:29:00
TRD000841,C006,Falcon Broking,Simran Kaur,simran.kaur@falcon.example,Ahmedabad,Retail,E002,Diya Patel,Equities,Mumbai,BAJFINANCE,Bajaj Finance Ltd,NSE,BUY,10,3485.94,34859.4,DELIVERY,MARKET,EXECUTED,2026-03-31 08:02:00
TRD000842,C003,Crestline Wealth,Aman Kapoor,aman.kapoor@crestline.example,Delhi,HNI,E007,Reyansh Mehta,Operations,Mumbai,AXISBANK,Axis Bank Ltd,NSE,BUY,75,1282.9,96217.5,DELIVERY,LIMIT,EXECUTED,2026-04-06 20:22:00
TRD000843,C012,Lotus Financial,Meera Kulkarni,meera.kulkarni@lotus.example,Pune,Retail,E009,Arnav Rao,Risk,Mumbai,TATASTEEL,Tata Steel Ltd,NSE,BUY,150,3622.7,543405.0,INTRADAY,MARKET,EXECUTED,2026-03-17 04:19:00
TRD000844,C005,Evergreen Holdings,Rohan Iyer,rohan.iyer@evergreen.example,Chennai,HNI,E009,Arnav Rao,Risk,Mumbai,HCLTECH,HCL Technologies Ltd,NSE,SELL,25,1685.71,42142.75,DELIVERY,MARKET,EXECUTED,2026-02-07 23:22:00
TRD000845,C014,Northstar Wealth,Tanya Sethi,tanya.sethi@northstar.example,Gurugram,HNI,E008,Myra Nair,Equities,Hyderabad,SBIN,State Bank of India,NSE,SELL,1000,920.23,920230.0,INTRADAY,MARKET,EXECUTED,2026-03-25 22:27:00
TRD000846,C005,Evergreen Holdings,Rohan Iyer,rohan.iyer@evergreen.example,Chennai,HNI,E008,Myra Nair,Equities,Hyderabad,INFY,Infosys Ltd,NSE,SELL,1000,3408.13,3408130.0,INTRADAY,LIMIT,PARTIALLY_EXECUTED,2026-04-07 02:45:00
TRD000847,C015,Orion Broking,Dev Patel,dev.patel@orion.example,Surat,Retail,E010,Kiara Kapoor,Operations,Pune,RELIANCE,Reliance Industries Ltd,NSE,BUY,100,2744.52,274452.0,INTRADAY,LIMIT,PARTIALLY_EXECUTED,2026-03-25 10:53:00
TRD000848,C020,Trident Capital,Riya Chawla,riya.chawla@trident.example,Chandigarh,Institutional,E003,Kabir Singh,Derivatives,Pune,HCLTECH,HCL Technologies Ltd,NSE,BUY,50,3788.35,189417.5,INTRADAY,LIMIT,EXECUTED,2026-03-21 01:01:00
TRD000849,C019,Summit Investments,Yash Agarwal,yash.agarwal@summit.example,Indore,Retail,E002,Diya Patel,Equities,Mumbai,BHARTIARTL,Bharti Airtel Ltd,NSE,BUY,75,3729.0,279675.0,INTRADAY,LIMIT,EXECUTED,2026-01-30 03:15:00
TRD000850,C007,Gateway Financial,Vikram Joshi,vikram.joshi@gateway.example,Mumbai,Institutional,E008,Myra Nair,Equities,Hyderabad,HCLTECH,HCL Technologies Ltd,NSE,BUY,150,399.94,59991.0,INTRADAY,LIMIT,PARTIALLY_EXECUTED,2026-01-20 12:58:00
TRD000851,C006,Falcon Broking,Simran Kaur,simran.kaur@falcon.example,Ahmedabad,Retail,E005,Vihaan Shah,Operations,Mumbai,ITC,ITC Ltd,NSE,BUY,250,194.94,48735.0,INTRADAY,LIMIT,PARTIALLY_EXECUTED,2026-03-26 11:20:00
TRD000852,C007,Gateway Financial,Vikram Joshi,vikram.joshi@gateway.example,Mumbai,Institutional,E007,Reyansh Mehta,Operations,Mumbai,RELIANCE,Reliance Industries Ltd,NSE,BUY,100,556.92,55692.0,INTRADAY,LIMIT,PARTIALLY_EXECUTED,2026-01-26 05:32:00
TRD000853,C015,Orion Broking,Dev Patel,dev.patel@orion.example,Surat,Retail,E002,Diya Patel,Equities,Mumbai,INFY,Infosys Ltd,NSE,BUY,250,662.15,165537.5,DELIVERY,MARKET,EXECUTED,2026-02-21 04:50:00
TRD000854,C020,Trident Capital,Riya Chawla,riya.chawla@trident.example,Chandigarh,Institutional,E002,Diya Patel,Equities,Mumbai,SBIN,State Bank of India,NSE,SELL,25,2285.1,57127.5,DELIVERY,MARKET,EXECUTED,2026-03-13 12:53:00
TRD000855,C009,Indus Prime,Karan Malhotra,karan.malhotra@indusprime.example,Kolkata,Retail,E003,Kabir Singh,Derivatives,Pune,ADANIENT,Adani Enterprises Ltd,NSE,SELL,50,976.61,48830.5,DELIVERY,LIMIT,EXECUTED,2026-01-07 15:44:00
TRD000856,C017,Quantum Securities,Nikhil Verma,nikhil.verma@quantum.example,Noida,Institutional,E002,Diya Patel,Equities,Mumbai,BHARTIARTL,Bharti Airtel Ltd,NSE,SELL,250,300.69,75172.5,DELIVERY,LIMIT,EXECUTED,2026-01-02 05:38:00
TRD000857,C008,Horizon Partners,Ananya Rao,ananya.rao@horizon.example,Hyderabad,HNI,E006,Anaya Joshi,Derivatives,Bengaluru,LT,Larsen & Toubro Ltd,NSE,BUY,25,151.0,3775.0,DELIVERY,LIMIT,EXECUTED,2026-01-06 11:20:00
TRD000858,C003,Crestline Wealth,Aman Kapoor,aman.kapoor@crestline.example,Delhi,HNI,E004,Ira Deshmukh,Equities,Delhi,HDFCBANK,HDFC Bank Ltd,NSE,BUY,50,266.11,13305.5,DELIVERY,LIMIT,EXECUTED,2026-04-04 16:23:00
TRD000859,C018,Riverstone Advisors,Pooja Menon,pooja.menon@riverstone.example,Kochi,HNI,E004,Ira Deshmukh,Equities,Delhi,ULTRACEMCO,UltraTech Cement Ltd,NSE,BUY,500,1710.69,855345.0,DELIVERY,MARKET,EXECUTED,2026-03-20 06:41:00
TRD000860,C004,Delta Securities,Priya Nair,priya.nair@delta.example,Bengaluru,Institutional,E006,Anaya Joshi,Derivatives,Bengaluru,MARUTI,Maruti Suzuki India Ltd,NSE,BUY,10,1739.8,17398.0,DELIVERY,LIMIT,EXECUTED,2026-02-27 22:55:00
TRD000861,C015,Orion Broking,Dev Patel,dev.patel@orion.example,Surat,Retail,E004,Ira Deshmukh,Equities,Delhi,INFY,Infosys Ltd,NSE,SELL,1000,1603.35,1603350.0,DELIVERY,LIMIT,EXECUTED,2026-01-13 15:25:00
TRD000862,C020,Trident Capital,Riya Chawla,riya.chawla@trident.example,Chandigarh,Institutional,E008,Myra Nair,Equities,Hyderabad,HDFCBANK,HDFC Bank Ltd,NSE,BUY,100,4031.43,403143.0,INTRADAY,MARKET,EXECUTED,2026-03-01 10:22:00
TRD000863,C006,Falcon Broking,Simran Kaur,simran.kaur@falcon.example,Ahmedabad,Retail,E006,Anaya Joshi,Derivatives,Bengaluru,ASIANPAINT,Asian Paints Ltd,NSE,BUY,150,157.62,23643.0,INTRADAY,MARKET,EXECUTED,2026-03-24 02:34:00
TRD000864,C008,Horizon Partners,Ananya Rao,ananya.rao@horizon.example,Hyderabad,HNI,E001,Aarav Sharma,Equities,Mumbai,ULTRACEMCO,UltraTech Cement Ltd,NSE,BUY,100,1057.77,105777.0,DELIVERY,MARKET,EXECUTED,2026-03-20 09:23:00
TRD000865,C005,Evergreen Holdings,Rohan Iyer,rohan.iyer@evergreen.example,Chennai,HNI,E006,Anaya Joshi,Derivatives,Bengaluru,ASIANPAINT,Asian Paints Ltd,NSE,SELL,75,709.12,53184.0,DELIVERY,MARKET,PARTIALLY_EXECUTED,2026-02-07 14:13:00
TRD000866,C011,Keystone Asset Mgmt,Arjun Bhat,arjun.bhat@keystone.example,Nashik,HNI,E003,Kabir Singh,Derivatives,Pune,WIPRO,Wipro Ltd,NSE,SELL,10,2228.39,22283.9,INTRADAY,MARKET,EXECUTED,2026-03-17 21:56:00
TRD000867,C011,Keystone Asset Mgmt,Arjun Bhat,arjun.bhat@keystone.example,Nashik,HNI,E006,Anaya Joshi,Derivatives,Bengaluru,LT,Larsen & Toubro Ltd,NSE,BUY,500,307.51,153755.0,DELIVERY,LIMIT,EXECUTED,2026-02-15 14:15:00
TRD000868,C006,Falcon Broking,Simran Kaur,simran.kaur@falcon.example,Ahmedabad,Retail,E008,Myra Nair,Equities,Hyderabad,TATASTEEL,Tata Steel Ltd,NSE,BUY,250,372.99,93247.5,DELIVERY,MARKET,EXECUTED,2026-02-05 10:08:00
TRD000869,C005,Evergreen Holdings,Rohan Iyer,rohan.iyer@evergreen.example,Chennai,HNI,E002,Diya Patel,Equities,Mumbai,SBIN,State Bank of India,NSE,BUY,75,2173.05,162978.75,INTRADAY,LIMIT,EXECUTED,2026-03-19 23:31:00
TRD000870,C007,Gateway Financial,Vikram Joshi,vikram.joshi@gateway.example,Mumbai,Institutional,E004,Ira Deshmukh,Equities,Delhi,HCLTECH,HCL Technologies Ltd,NSE,BUY,1000,1109.51,1109510.0,INTRADAY,MARKET,EXECUTED,2026-02-22 07:58:00
TRD000871,C016,Pinnacle Finance,Sara Fernandes,sara.fernandes@pinnacle.example,Goa,HNI,E002,Diya Patel,Equities,Mumbai,SUNPHARMA,Sun Pharmaceutical Industries Ltd,NSE,SELL,200,775.36,155072.0,INTRADAY,LIMIT,EXECUTED,2026-03-22 17:39:00
TRD000872,C016,Pinnacle Finance,Sara Fernandes,sara.fernandes@pinnacle.example,Goa,HNI,E001,Aarav Sharma,Equities,Mumbai,BHARTIARTL,Bharti Airtel Ltd,NSE,SELL,25,3207.7,80192.5,DELIVERY,MARKET,EXECUTED,2026-02-25 00:58:00
TRD000873,C013,Meridian Capital,Aditya Jain,aditya.jain@meridian.example,Jaipur,Institutional,E008,Myra Nair,Equities,Hyderabad,AXISBANK,Axis Bank Ltd,NSE,SELL,100,1628.73,162873.0,DELIVERY,LIMIT,EXECUTED,2026-03-29 22:05:00
TRD000874,C016,Pinnacle Finance,Sara Fernandes,sara.fernandes@pinnacle.example,Goa,HNI,E004,Ira Deshmukh,Equities,Delhi,ICICIBANK,ICICI Bank Ltd,NSE,BUY,10,137.81,1378.1,INTRADAY,LIMIT,PARTIALLY_EXECUTED,2026-04-02 12:50:00
TRD000875,C014,Northstar Wealth,Tanya Sethi,tanya.sethi@northstar.example,Gurugram,HNI,E007,Reyansh Mehta,Operations,Mumbai,SUNPHARMA,Sun Pharmaceutical Industries Ltd,NSE,SELL,250,1351.64,337910.0,INTRADAY,MARKET,EXECUTED,2026-01-14 08:28:00
TRD000876,C013,Meridian Capital,Aditya Jain,aditya.jain@meridian.example,Jaipur,Institutional,E010,Kiara Kapoor,Operations,Pune,SBIN,State Bank of India,NSE,BUY,200,4023.45,804690.0,INTRADAY,LIMIT,EXECUTED,2026-03-05 20:12:00
TRD000877,C013,Meridian Capital,Aditya Jain,aditya.jain@meridian.example,Jaipur,Institutional,E007,Reyansh Mehta,Operations,Mumbai,LT,Larsen & Toubro Ltd,NSE,BUY,250,227.0,56750.0,DELIVERY,MARKET,EXECUTED,2026-03-08 04:17:00
TRD000878,C020,Trident Capital,Riya Chawla,riya.chawla@trident.example,Chandigarh,Institutional,E008,Myra Nair,Equities,Hyderabad,ICICIBANK,ICICI Bank Ltd,NSE,SELL,75,2562.84,192213.0,DELIVERY,MARKET,EXECUTED,2026-01-30 18:32:00
TRD000879,C013,Meridian Capital,Aditya Jain,aditya.jain@meridian.example,Jaipur,Institutional,E007,Reyansh Mehta,Operations,Mumbai,TCS,Tata Consultancy Services Ltd,NSE,BUY,500,3829.44,1914720.0,DELIVERY,LIMIT,EXECUTED,2026-03-19 09:07:00
TRD000880,C010,Jupiter Investments,Ishita Desai,ishita.desai@jupiter.example,Mumbai,Institutional,E009,Arnav Rao,Risk,Mumbai,BAJFINANCE,Bajaj Finance Ltd,NSE,SELL,1000,1352.33,1352330.0,DELIVERY,MARKET,EXECUTED,2026-03-17 07:35:00
TRD000881,C005,Evergreen Holdings,Rohan Iyer,rohan.iyer@evergreen.example,Chennai,HNI,E005,Vihaan Shah,Operations,Mumbai,ITC,ITC Ltd,NSE,SELL,100,111.42,11142.0,INTRADAY,MARKET,EXECUTED,2026-02-01 00:59:00
TRD000882,C003,Crestline Wealth,Aman Kapoor,aman.kapoor@crestline.example,Delhi,HNI,E007,Reyansh Mehta,Operations,Mumbai,KOTAKBANK,Kotak Mahindra Bank Ltd,NSE,SELL,100,3101.47,310147.0,DELIVERY,LIMIT,EXECUTED,2026-02-01 10:45:00
TRD000883,C005,Evergreen Holdings,Rohan Iyer,rohan.iyer@evergreen.example,Chennai,HNI,E004,Ira Deshmukh,Equities,Delhi,ASIANPAINT,Asian Paints Ltd,NSE,BUY,500,3988.01,1994005.0,DELIVERY,MARKET,EXECUTED,2026-03-24 10:13:00
TRD000884,C002,BlueRock Investments,Neha Shah,neha.shah@bluerock.example,Pune,Institutional,E003,Kabir Singh,Derivatives,Pune,ITC,ITC Ltd,NSE,SELL,200,1898.61,379722.0,DELIVERY,MARKET,EXECUTED,2026-01-21 06:19:00
TRD000885,C003,Crestline Wealth,Aman Kapoor,aman.kapoor@crestline.example,Delhi,HNI,E007,Reyansh Mehta,Operations,Mumbai,HDFCBANK,HDFC Bank Ltd,NSE,SELL,25,1492.96,37324.0,INTRADAY,LIMIT,EXECUTED,2026-02-13 03:01:00
TRD000886,C001,Apex Capital Advisors,Raj Mehta,raj.mehta@apexcapital.example,Mumbai,Institutional,E001,Aarav Sharma,Equities,Mumbai,WIPRO,Wipro Ltd,NSE,BUY,1000,3332.59,3332590.0,DELIVERY,MARKET,EXECUTED,2026-01-09 00:08:00
TRD000887,C013,Meridian Capital,Aditya Jain,aditya.jain@meridian.example,Jaipur,Institutional,E010,Kiara Kapoor,Operations,Pune,KOTAKBANK,Kotak Mahindra Bank Ltd,NSE,SELL,250,2032.35,508087.5,INTRADAY,LIMIT,EXECUTED,2026-03-03 17:45:00
TRD000888,C011,Keystone Asset Mgmt,Arjun Bhat,arjun.bhat@keystone.example,Nashik,HNI,E006,Anaya Joshi,Derivatives,Bengaluru,LT,Larsen & Toubro Ltd,NSE,SELL,200,1642.26,328452.0,INTRADAY,LIMIT,EXECUTED,2026-01-11 19:20:00
TRD000889,C001,Apex Capital Advisors,Raj Mehta,raj.mehta@apexcapital.example,Mumbai,Institutional,E008,Myra Nair,Equities,Hyderabad,BHARTIARTL,Bharti Airtel Ltd,NSE,BUY,10,2561.86,25618.6,INTRADAY,MARKET,EXECUTED,2026-04-07 23:36:00
TRD000890,C015,Orion Broking,Dev Patel,dev.patel@orion.example,Surat,Retail,E010,Kiara Kapoor,Operations,Pune,ASIANPAINT,Asian Paints Ltd,NSE,SELL,75,97.88,7341.0,DELIVERY,LIMIT,EXECUTED,2026-03-01 00:53:00
TRD000891,C011,Keystone Asset Mgmt,Arjun Bhat,arjun.bhat@keystone.example,Nashik,HNI,E008,Myra Nair,Equities,Hyderabad,LT,Larsen & Toubro Ltd,NSE,SELL,200,3126.83,625366.0,INTRADAY,LIMIT,PARTIALLY_EXECUTED,2026-01-16 04:45:00
TRD000892,C004,Delta Securities,Priya Nair,priya.nair@delta.example,Bengaluru,Institutional,E007,Reyansh Mehta,Operations,Mumbai,AXISBANK,Axis Bank Ltd,NSE,BUY,50,3664.47,183223.5,DELIVERY,MARKET,PARTIALLY_EXECUTED,2026-04-15 11:53:00
TRD000893,C003,Crestline Wealth,Aman Kapoor,aman.kapoor@crestline.example,Delhi,HNI,E005,Vihaan Shah,Operations,Mumbai,BAJFINANCE,Bajaj Finance Ltd,NSE,SELL,50,3773.72,188686.0,INTRADAY,MARKET,EXECUTED,2026-01-22 10:39:00
TRD000894,C007,Gateway Financial,Vikram Joshi,vikram.joshi@gateway.example,Mumbai,Institutional,E003,Kabir Singh,Derivatives,Pune,INFY,Infosys Ltd,NSE,BUY,200,4172.68,834536.0,DELIVERY,LIMIT,PARTIALLY_EXECUTED,2026-01-06 16:55:00
TRD000895,C009,Indus Prime,Karan Malhotra,karan.malhotra@indusprime.example,Kolkata,Retail,E004,Ira Deshmukh,Equities,Delhi,WIPRO,Wipro Ltd,NSE,SELL,25,2823.44,70586.0,INTRADAY,MARKET,EXECUTED,2026-04-08 16:42:00
TRD000896,C008,Horizon Partners,Ananya Rao,ananya.rao@horizon.example,Hyderabad,HNI,E010,Kiara Kapoor,Operations,Pune,ULTRACEMCO,UltraTech Cement Ltd,NSE,BUY,150,1636.4,245460.0,INTRADAY,MARKET,EXECUTED,2026-03-11 20:42:00
TRD000897,C009,Indus Prime,Karan Malhotra,karan.malhotra@indusprime.example,Kolkata,Retail,E002,Diya Patel,Equities,Mumbai,AXISBANK,Axis Bank Ltd,NSE,BUY,25,451.81,11295.25,DELIVERY,LIMIT,EXECUTED,2026-02-04 15:19:00
TRD000898,C011,Keystone Asset Mgmt,Arjun Bhat,arjun.bhat@keystone.example,Nashik,HNI,E007,Reyansh Mehta,Operations,Mumbai,TCS,Tata Consultancy Services Ltd,NSE,BUY,100,339.66,33966.0,DELIVERY,LIMIT,PARTIALLY_EXECUTED,2026-04-08 21:20:00
TRD000899,C011,Keystone Asset Mgmt,Arjun Bhat,arjun.bhat@keystone.example,Nashik,HNI,E006,Anaya Joshi,Derivatives,Bengaluru,ICICIBANK,ICICI Bank Ltd,NSE,BUY,25,1711.71,42792.75,INTRADAY,LIMIT,EXECUTED,2026-04-09 09:05:00
TRD000900,C010,Jupiter Investments,Ishita Desai,ishita.desai@jupiter.example,Mumbai,Institutional,E004,Ira Deshmukh,Equities,Delhi,ASIANPAINT,Asian Paints Ltd,NSE,SELL,50,2560.03,128001.5,DELIVERY,LIMIT,EXECUTED,2026-01-27 22:34:00
TRD000901,C017,Quantum Securities,Nikhil Verma,nikhil.verma@quantum.example,Noida,Institutional,E002,Diya Patel,Equities,Mumbai,WIPRO,Wipro Ltd,NSE,SELL,75,2122.03,159152.25,DELIVERY,LIMIT,EXECUTED,2026-03-10 23:06:00
TRD000902,C007,Gateway Financial,Vikram Joshi,vikram.joshi@gateway.example,Mumbai,Institutional,E004,Ira Deshmukh,Equities,Delhi,RELIANCE,Reliance Industries Ltd,NSE,BUY,250,3078.23,769557.5,DELIVERY,MARKET,PARTIALLY_EXECUTED,2026-02-24 20:02:00
TRD000903,C011,Keystone Asset Mgmt,Arjun Bhat,arjun.bhat@keystone.example,Nashik,HNI,E007,Reyansh Mehta,Operations,Mumbai,ASIANPAINT,Asian Paints Ltd,NSE,SELL,200,1694.22,338844.0,INTRADAY,LIMIT,EXECUTED,2026-04-07 11:26:00
TRD000904,C018,Riverstone Advisors,Pooja Menon,pooja.menon@riverstone.example,Kochi,HNI,E007,Reyansh Mehta,Operations,Mumbai,HDFCBANK,HDFC Bank Ltd,NSE,BUY,150,3180.58,477087.0,INTRADAY,LIMIT,EXECUTED,2026-01-11 05:43:00
TRD000905,C019,Summit Investments,Yash Agarwal,yash.agarwal@summit.example,Indore,Retail,E003,Kabir Singh,Derivatives,Pune,ADANIENT,Adani Enterprises Ltd,NSE,SELL,100,3777.05,377705.0,DELIVERY,MARKET,EXECUTED,2026-02-08 13:43:00
TRD000906,C012,Lotus Financial,Meera Kulkarni,meera.kulkarni@lotus.example,Pune,Retail,E010,Kiara Kapoor,Operations,Pune,HDFCBANK,HDFC Bank Ltd,NSE,BUY,200,3995.89,799178.0,DELIVERY,MARKET,EXECUTED,2026-03-20 03:19:00
TRD000907,C012,Lotus Financial,Meera Kulkarni,meera.kulkarni@lotus.example,Pune,Retail,E008,Myra Nair,Equities,Hyderabad,SBIN,State Bank of India,NSE,BUY,25,4118.84,102971.0,INTRADAY,MARKET,PARTIALLY_EXECUTED,2026-03-04 00:07:00
TRD000908,C008,Horizon Partners,Ananya Rao,ananya.rao@horizon.example,Hyderabad,HNI,E001,Aarav Sharma,Equities,Mumbai,HDFCBANK,HDFC Bank Ltd,NSE,BUY,200,2095.7,419140.0,INTRADAY,MARKET,PARTIALLY_EXECUTED,2026-02-01 18:51:00
TRD000909,C013,Meridian Capital,Aditya Jain,aditya.jain@meridian.example,Jaipur,Institutional,E005,Vihaan Shah,Operations,Mumbai,ADANIENT,Adani Enterprises Ltd,NSE,SELL,10,578.8,5788.0,DELIVERY,LIMIT,EXECUTED,2026-01-16 10:17:00
TRD000910,C001,Apex Capital Advisors,Raj Mehta,raj.mehta@apexcapital.example,Mumbai,Institutional,E010,Kiara Kapoor,Operations,Pune,TCS,Tata Consultancy Services Ltd,NSE,SELL,100,2939.68,293968.0,DELIVERY,LIMIT,PARTIALLY_EXECUTED,2026-01-18 14:21:00
TRD000911,C014,Northstar Wealth,Tanya Sethi,tanya.sethi@northstar.example,Gurugram,HNI,E005,Vihaan Shah,Operations,Mumbai,TCS,Tata Consultancy Services Ltd,NSE,BUY,25,1423.32,35583.0,DELIVERY,LIMIT,EXECUTED,2026-04-09 05:40:00
TRD000912,C013,Meridian Capital,Aditya Jain,aditya.jain@meridian.example,Jaipur,Institutional,E009,Arnav Rao,Risk,Mumbai,BAJFINANCE,Bajaj Finance Ltd,NSE,SELL,25,2220.28,55507.0,DELIVERY,MARKET,EXECUTED,2026-04-09 12:05:00
TRD000913,C006,Falcon Broking,Simran Kaur,simran.kaur@falcon.example,Ahmedabad,Retail,E010,Kiara Kapoor,Operations,Pune,SBIN,State Bank of India,NSE,BUY,500,1925.36,962680.0,DELIVERY,MARKET,EXECUTED,2026-02-27 14:25:00
TRD000914,C019,Summit Investments,Yash Agarwal,yash.agarwal@summit.example,Indore,Retail,E004,Ira Deshmukh,Equities,Delhi,SBIN,State Bank of India,NSE,BUY,500,1141.57,570785.0,DELIVERY,MARKET,EXECUTED,2026-01-07 18:11:00
TRD000915,C012,Lotus Financial,Meera Kulkarni,meera.kulkarni@lotus.example,Pune,Retail,E009,Arnav Rao,Risk,Mumbai,SBIN,State Bank of India,NSE,SELL,10,1106.91,11069.1,INTRADAY,LIMIT,EXECUTED,2026-01-09 18:57:00
TRD000916,C019,Summit Investments,Yash Agarwal,yash.agarwal@summit.example,Indore,Retail,E008,Myra Nair,Equities,Hyderabad,MARUTI,Maruti Suzuki India Ltd,NSE,SELL,1000,2299.73,2299730.0,DELIVERY,MARKET,EXECUTED,2026-02-08 14:03:00
TRD000917,C002,BlueRock Investments,Neha Shah,neha.shah@bluerock.example,Pune,Institutional,E004,Ira Deshmukh,Equities,Delhi,ICICIBANK,ICICI Bank Ltd,NSE,SELL,75,4024.8,301860.0,DELIVERY,LIMIT,EXECUTED,2026-04-11 21:17:00
TRD000918,C005,Evergreen Holdings,Rohan Iyer,rohan.iyer@evergreen.example,Chennai,HNI,E010,Kiara Kapoor,Operations,Pune,HCLTECH,HCL Technologies Ltd,NSE,BUY,500,1134.19,567095.0,DELIVERY,LIMIT,PARTIALLY_EXECUTED,2026-03-11 21:16:00
TRD000919,C003,Crestline Wealth,Aman Kapoor,aman.kapoor@crestline.example,Delhi,HNI,E005,Vihaan Shah,Operations,Mumbai,HCLTECH,HCL Technologies Ltd,NSE,BUY,500,923.48,461740.0,DELIVERY,LIMIT,EXECUTED,2026-02-19 10:16:00
TRD000920,C014,Northstar Wealth,Tanya Sethi,tanya.sethi@northstar.example,Gurugram,HNI,E003,Kabir Singh,Derivatives,Pune,MARUTI,Maruti Suzuki India Ltd,NSE,SELL,200,191.62,38324.0,DELIVERY,LIMIT,EXECUTED,2026-02-15 10:35:00
TRD000921,C018,Riverstone Advisors,Pooja Menon,pooja.menon@riverstone.example,Kochi,HNI,E002,Diya Patel,Equities,Mumbai,BAJFINANCE,Bajaj Finance Ltd,NSE,SELL,25,1440.31,36007.75,INTRADAY,LIMIT,EXECUTED,2026-01-17 13:59:00
TRD000922,C005,Evergreen Holdings,Rohan Iyer,rohan.iyer@evergreen.example,Chennai,HNI,E004,Ira Deshmukh,Equities,Delhi,WIPRO,Wipro Ltd,NSE,BUY,25,1637.0,40925.0,INTRADAY,MARKET,EXECUTED,2026-02-10 20:10:00
TRD000923,C006,Falcon Broking,Simran Kaur,simran.kaur@falcon.example,Ahmedabad,Retail,E009,Arnav Rao,Risk,Mumbai,AXISBANK,Axis Bank Ltd,NSE,SELL,25,2261.67,56541.75,INTRADAY,LIMIT,EXECUTED,2026-04-15 13:02:00
TRD000924,C002,BlueRock Investments,Neha Shah,neha.shah@bluerock.example,Pune,Institutional,E003,Kabir Singh,Derivatives,Pune,MARUTI,Maruti Suzuki India Ltd,NSE,SELL,50,1505.39,75269.5,INTRADAY,LIMIT,EXECUTED,2026-04-08 04:12:00
TRD000925,C009,Indus Prime,Karan Malhotra,karan.malhotra@indusprime.example,Kolkata,Retail,E001,Aarav Sharma,Equities,Mumbai,KOTAKBANK,Kotak Mahindra Bank Ltd,NSE,BUY,50,672.09,33604.5,INTRADAY,MARKET,EXECUTED,2026-04-14 16:57:00
TRD000926,C008,Horizon Partners,Ananya Rao,ananya.rao@horizon.example,Hyderabad,HNI,E010,Kiara Kapoor,Operations,Pune,HCLTECH,HCL Technologies Ltd,NSE,SELL,50,1891.32,94566.0,INTRADAY,LIMIT,EXECUTED,2026-03-06 19:54:00
TRD000927,C014,Northstar Wealth,Tanya Sethi,tanya.sethi@northstar.example,Gurugram,HNI,E009,Arnav Rao,Risk,Mumbai,LT,Larsen & Toubro Ltd,NSE,SELL,25,3983.78,99594.5,INTRADAY,MARKET,EXECUTED,2026-03-16 09:20:00
TRD000928,C003,Crestline Wealth,Aman Kapoor,aman.kapoor@crestline.example,Delhi,HNI,E004,Ira Deshmukh,Equities,Delhi,INFY,Infosys Ltd,NSE,BUY,1000,321.25,321250.0,INTRADAY,MARKET,PARTIALLY_EXECUTED,2026-02-22 10:09:00
TRD000929,C017,Quantum Securities,Nikhil Verma,nikhil.verma@quantum.example,Noida,Institutional,E003,Kabir Singh,Derivatives,Pune,ASIANPAINT,Asian Paints Ltd,NSE,SELL,500,2904.28,1452140.0,DELIVERY,LIMIT,EXECUTED,2026-04-08 07:22:00
TRD000930,C020,Trident Capital,Riya Chawla,riya.chawla@trident.example,Chandigarh,Institutional,E004,Ira Deshmukh,Equities,Delhi,TATASTEEL,Tata Steel Ltd,NSE,SELL,500,3169.88,1584940.0,DELIVERY,LIMIT,EXECUTED,2026-02-14 20:17:00
TRD000931,C017,Quantum Securities,Nikhil Verma,nikhil.verma@quantum.example,Noida,Institutional,E004,Ira Deshmukh,Equities,Delhi,SBIN,State Bank of India,NSE,BUY,150,3539.17,530875.5,INTRADAY,MARKET,PARTIALLY_EXECUTED,2026-04-04 21:34:00
TRD000932,C016,Pinnacle Finance,Sara Fernandes,sara.fernandes@pinnacle.example,Goa,HNI,E007,Reyansh Mehta,Operations,Mumbai,SBIN,State Bank of India,NSE,SELL,25,1475.7,36892.5,DELIVERY,LIMIT,EXECUTED,2026-02-15 20:29:00
TRD000933,C016,Pinnacle Finance,Sara Fernandes,sara.fernandes@pinnacle.example,Goa,HNI,E005,Vihaan Shah,Operations,Mumbai,WIPRO,Wipro Ltd,NSE,BUY,10,3121.98,31219.8,INTRADAY,MARKET,EXECUTED,2026-04-14 22:33:00
TRD000934,C017,Quantum Securities,Nikhil Verma,nikhil.verma@quantum.example,Noida,Institutional,E001,Aarav Sharma,Equities,Mumbai,ADANIENT,Adani Enterprises Ltd,NSE,SELL,10,1548.89,15488.9,INTRADAY,LIMIT,EXECUTED,2026-03-26 04:34:00
TRD000935,C004,Delta Securities,Priya Nair,priya.nair@delta.example,Bengaluru,Institutional,E001,Aarav Sharma,Equities,Mumbai,SUNPHARMA,Sun Pharmaceutical Industries Ltd,NSE,BUY,200,1543.9,308780.0,INTRADAY,LIMIT,EXECUTED,2026-01-19 20:00:00
TRD000936,C003,Crestline Wealth,Aman Kapoor,aman.kapoor@crestline.example,Delhi,HNI,E009,Arnav Rao,Risk,Mumbai,KOTAKBANK,Kotak Mahindra Bank Ltd,NSE,BUY,200,594.61,118922.0,DELIVERY,MARKET,EXECUTED,2026-03-31 02:47:00
TRD000937,C008,Horizon Partners,Ananya Rao,ananya.rao@horizon.example,Hyderabad,HNI,E008,Myra Nair,Equities,Hyderabad,BHARTIARTL,Bharti Airtel Ltd,NSE,SELL,100,1584.9,158490.0,INTRADAY,MARKET,PARTIALLY_EXECUTED,2026-02-03 13:12:00
TRD000938,C015,Orion Broking,Dev Patel,dev.patel@orion.example,Surat,Retail,E003,Kabir Singh,Derivatives,Pune,ICICIBANK,ICICI Bank Ltd,NSE,SELL,200,108.91,21782.0,DELIVERY,MARKET,EXECUTED,2026-02-06 12:21:00
TRD000939,C002,BlueRock Investments,Neha Shah,neha.shah@bluerock.example,Pune,Institutional,E003,Kabir Singh,Derivatives,Pune,BHARTIARTL,Bharti Airtel Ltd,NSE,SELL,150,3792.61,568891.5,DELIVERY,LIMIT,EXECUTED,2026-01-30 13:39:00
TRD000940,C004,Delta Securities,Priya Nair,priya.nair@delta.example,Bengaluru,Institutional,E007,Reyansh Mehta,Operations,Mumbai,ASIANPAINT,Asian Paints Ltd,NSE,SELL,50,1421.91,71095.5,INTRADAY,MARKET,EXECUTED,2026-03-15 04:20:00
TRD000941,C004,Delta Securities,Priya Nair,priya.nair@delta.example,Bengaluru,Institutional,E001,Aarav Sharma,Equities,Mumbai,ICICIBANK,ICICI Bank Ltd,NSE,BUY,150,2142.5,321375.0,DELIVERY,LIMIT,PARTIALLY_EXECUTED,2026-02-13 10:33:00
TRD000942,C020,Trident Capital,Riya Chawla,riya.chawla@trident.example,Chandigarh,Institutional,E001,Aarav Sharma,Equities,Mumbai,HCLTECH,HCL Technologies Ltd,NSE,SELL,100,1246.35,124635.0,INTRADAY,MARKET,EXECUTED,2026-01-16 10:11:00
TRD000943,C017,Quantum Securities,Nikhil Verma,nikhil.verma@quantum.example,Noida,Institutional,E003,Kabir Singh,Derivatives,Pune,LT,Larsen & Toubro Ltd,NSE,SELL,25,3641.05,91026.25,INTRADAY,MARKET,PARTIALLY_EXECUTED,2026-02-15 09:57:00
TRD000944,C004,Delta Securities,Priya Nair,priya.nair@delta.example,Bengaluru,Institutional,E009,Arnav Rao,Risk,Mumbai,ULTRACEMCO,UltraTech Cement Ltd,NSE,BUY,75,4169.35,312701.25,DELIVERY,MARKET,EXECUTED,2026-01-28 11:02:00
TRD000945,C013,Meridian Capital,Aditya Jain,aditya.jain@meridian.example,Jaipur,Institutional,E001,Aarav Sharma,Equities,Mumbai,WIPRO,Wipro Ltd,NSE,BUY,50,1839.24,91962.0,DELIVERY,MARKET,PARTIALLY_EXECUTED,2026-02-06 17:30:00
TRD000946,C014,Northstar Wealth,Tanya Sethi,tanya.sethi@northstar.example,Gurugram,HNI,E009,Arnav Rao,Risk,Mumbai,AXISBANK,Axis Bank Ltd,NSE,BUY,75,1468.37,110127.75,DELIVERY,LIMIT,EXECUTED,2026-03-29 14:53:00
TRD000947,C010,Jupiter Investments,Ishita Desai,ishita.desai@jupiter.example,Mumbai,Institutional,E002,Diya Patel,Equities,Mumbai,WIPRO,Wipro Ltd,NSE,SELL,100,3965.44,396544.0,DELIVERY,LIMIT,EXECUTED,2026-03-18 11:50:00
TRD000948,C006,Falcon Broking,Simran Kaur,simran.kaur@falcon.example,Ahmedabad,Retail,E001,Aarav Sharma,Equities,Mumbai,TATASTEEL,Tata Steel Ltd,NSE,BUY,150,957.29,143593.5,INTRADAY,MARKET,PARTIALLY_EXECUTED,2026-03-28 07:42:00
TRD000949,C006,Falcon Broking,Simran Kaur,simran.kaur@falcon.example,Ahmedabad,Retail,E005,Vihaan Shah,Operations,Mumbai,ASIANPAINT,Asian Paints Ltd,NSE,SELL,150,1337.43,200614.5,DELIVERY,MARKET,EXECUTED,2026-01-19 00:33:00
TRD000950,C012,Lotus Financial,Meera Kulkarni,meera.kulkarni@lotus.example,Pune,Retail,E006,Anaya Joshi,Derivatives,Bengaluru,TCS,Tata Consultancy Services Ltd,NSE,SELL,75,2760.77,207057.75,INTRADAY,MARKET,EXECUTED,2026-02-08 14:53:00
TRD000951,C005,Evergreen Holdings,Rohan Iyer,rohan.iyer@evergreen.example,Chennai,HNI,E010,Kiara Kapoor,Operations,Pune,HDFCBANK,HDFC Bank Ltd,NSE,BUY,1000,4069.68,4069680.0,DELIVERY,LIMIT,EXECUTED,2026-02-05 01:16:00
TRD000952,C003,Crestline Wealth,Aman Kapoor,aman.kapoor@crestline.example,Delhi,HNI,E009,Arnav Rao,Risk,Mumbai,ULTRACEMCO,UltraTech Cement Ltd,NSE,SELL,100,3069.82,306982.0,DELIVERY,MARKET,EXECUTED,2026-02-07 03:47:00
TRD000953,C007,Gateway Financial,Vikram Joshi,vikram.joshi@gateway.example,Mumbai,Institutional,E007,Reyansh Mehta,Operations,Mumbai,BAJFINANCE,Bajaj Finance Ltd,NSE,SELL,500,4097.64,2048820.0,INTRADAY,MARKET,PARTIALLY_EXECUTED,2026-03-09 00:22:00
TRD000954,C003,Crestline Wealth,Aman Kapoor,aman.kapoor@crestline.example,Delhi,HNI,E008,Myra Nair,Equities,Hyderabad,HCLTECH,HCL Technologies Ltd,NSE,BUY,50,2550.52,127526.0,INTRADAY,MARKET,EXECUTED,2026-01-24 20:34:00
TRD000955,C007,Gateway Financial,Vikram Joshi,vikram.joshi@gateway.example,Mumbai,Institutional,E007,Reyansh Mehta,Operations,Mumbai,ASIANPAINT,Asian Paints Ltd,NSE,BUY,50,1886.32,94316.0,INTRADAY,LIMIT,PARTIALLY_EXECUTED,2026-04-04 02:19:00
TRD000956,C020,Trident Capital,Riya Chawla,riya.chawla@trident.example,Chandigarh,Institutional,E005,Vihaan Shah,Operations,Mumbai,ITC,ITC Ltd,NSE,BUY,10,743.41,7434.1,DELIVERY,LIMIT,EXECUTED,2026-02-10 00:51:00
TRD000957,C010,Jupiter Investments,Ishita Desai,ishita.desai@jupiter.example,Mumbai,Institutional,E004,Ira Deshmukh,Equities,Delhi,AXISBANK,Axis Bank Ltd,NSE,SELL,500,575.11,287555.0,DELIVERY,MARKET,EXECUTED,2026-02-11 03:36:00
TRD000958,C002,BlueRock Investments,Neha Shah,neha.shah@bluerock.example,Pune,Institutional,E003,Kabir Singh,Derivatives,Pune,WIPRO,Wipro Ltd,NSE,BUY,100,3678.97,367897.0,DELIVERY,MARKET,EXECUTED,2026-01-10 18:20:00
TRD000959,C001,Apex Capital Advisors,Raj Mehta,raj.mehta@apexcapital.example,Mumbai,Institutional,E006,Anaya Joshi,Derivatives,Bengaluru,ULTRACEMCO,UltraTech Cement Ltd,NSE,SELL,150,427.56,64134.0,INTRADAY,MARKET,PARTIALLY_EXECUTED,2026-04-11 09:04:00
TRD000960,C020,Trident Capital,Riya Chawla,riya.chawla@trident.example,Chandigarh,Institutional,E005,Vihaan Shah,Operations,Mumbai,MARUTI,Maruti Suzuki India Ltd,NSE,BUY,10,3475.48,34754.8,INTRADAY,MARKET,EXECUTED,2026-02-10 07:17:00
TRD000961,C001,Apex Capital Advisors,Raj Mehta,raj.mehta@apexcapital.example,Mumbai,Institutional,E009,Arnav Rao,Risk,Mumbai,TCS,Tata Consultancy Services Ltd,NSE,BUY,200,3976.38,795276.0,DELIVERY,LIMIT,EXECUTED,2026-02-17 05:36:00
TRD000962,C011,Keystone Asset Mgmt,Arjun Bhat,arjun.bhat@keystone.example,Nashik,HNI,E005,Vihaan Shah,Operations,Mumbai,ITC,ITC Ltd,NSE,SELL,50,1920.52,96026.0,INTRADAY,MARKET,PARTIALLY_EXECUTED,2026-03-21 09:00:00
TRD000963,C003,Crestline Wealth,Aman Kapoor,aman.kapoor@crestline.example,Delhi,HNI,E008,Myra Nair,Equities,Hyderabad,SBIN,State Bank of India,NSE,SELL,50,3441.19,172059.5,DELIVERY,LIMIT,EXECUTED,2026-02-02 10:41:00
TRD000964,C010,Jupiter Investments,Ishita Desai,ishita.desai@jupiter.example,Mumbai,Institutional,E001,Aarav Sharma,Equities,Mumbai,AXISBANK,Axis Bank Ltd,NSE,BUY,50,3449.01,172450.5,DELIVERY,MARKET,EXECUTED,2026-02-04 13:58:00
TRD000965,C014,Northstar Wealth,Tanya Sethi,tanya.sethi@northstar.example,Gurugram,HNI,E004,Ira Deshmukh,Equities,Delhi,ADANIENT,Adani Enterprises Ltd,NSE,SELL,25,3065.52,76638.0,DELIVERY,MARKET,PARTIALLY_EXECUTED,2026-01-26 09:05:00
TRD000966,C013,Meridian Capital,Aditya Jain,aditya.jain@meridian.example,Jaipur,Institutional,E001,Aarav Sharma,Equities,Mumbai,HDFCBANK,HDFC Bank Ltd,NSE,BUY,10,628.92,6289.2,INTRADAY,MARKET,EXECUTED,2026-01-16 14:29:00
TRD000967,C001,Apex Capital Advisors,Raj Mehta,raj.mehta@apexcapital.example,Mumbai,Institutional,E002,Diya Patel,Equities,Mumbai,BAJFINANCE,Bajaj Finance Ltd,NSE,SELL,25,917.55,22938.75,INTRADAY,MARKET,EXECUTED,2026-03-29 20:15:00
TRD000968,C011,Keystone Asset Mgmt,Arjun Bhat,arjun.bhat@keystone.example,Nashik,HNI,E008,Myra Nair,Equities,Hyderabad,ICICIBANK,ICICI Bank Ltd,NSE,BUY,10,2321.61,23216.1,DELIVERY,MARKET,EXECUTED,2026-02-19 01:47:00
TRD000969,C004,Delta Securities,Priya Nair,priya.nair@delta.example,Bengaluru,Institutional,E009,Arnav Rao,Risk,Mumbai,AXISBANK,Axis Bank Ltd,NSE,BUY,500,3732.77,1866385.0,DELIVERY,MARKET,EXECUTED,2026-03-17 23:39:00
TRD000970,C001,Apex Capital Advisors,Raj Mehta,raj.mehta@apexcapital.example,Mumbai,Institutional,E004,Ira Deshmukh,Equities,Delhi,HCLTECH,HCL Technologies Ltd,NSE,SELL,50,1538.87,76943.5,DELIVERY,LIMIT,EXECUTED,2026-02-22 14:30:00
TRD000971,C016,Pinnacle Finance,Sara Fernandes,sara.fernandes@pinnacle.example,Goa,HNI,E003,Kabir Singh,Derivatives,Pune,HDFCBANK,HDFC Bank Ltd,NSE,BUY,25,4020.86,100521.5,INTRADAY,MARKET,EXECUTED,2026-02-21 16:30:00
TRD000972,C004,Delta Securities,Priya Nair,priya.nair@delta.example,Bengaluru,Institutional,E006,Anaya Joshi,Derivatives,Bengaluru,INFY,Infosys Ltd,NSE,BUY,1000,706.79,706790.0,INTRADAY,MARKET,PARTIALLY_EXECUTED,2026-03-20 09:57:00
TRD000973,C005,Evergreen Holdings,Rohan Iyer,rohan.iyer@evergreen.example,Chennai,HNI,E005,Vihaan Shah,Operations,Mumbai,ULTRACEMCO,UltraTech Cement Ltd,NSE,SELL,150,3687.28,553092.0,INTRADAY,LIMIT,EXECUTED,2026-02-19 17:40:00
TRD000974,C003,Crestline Wealth,Aman Kapoor,aman.kapoor@crestline.example,Delhi,HNI,E001,Aarav Sharma,Equities,Mumbai,ICICIBANK,ICICI Bank Ltd,NSE,BUY,150,693.12,103968.0,INTRADAY,MARKET,EXECUTED,2026-03-23 16:53:00
TRD000975,C019,Summit Investments,Yash Agarwal,yash.agarwal@summit.example,Indore,Retail,E007,Reyansh Mehta,Operations,Mumbai,WIPRO,Wipro Ltd,NSE,BUY,25,1414.36,35359.0,DELIVERY,LIMIT,EXECUTED,2026-01-24 14:27:00
TRD000976,C011,Keystone Asset Mgmt,Arjun Bhat,arjun.bhat@keystone.example,Nashik,HNI,E008,Myra Nair,Equities,Hyderabad,HCLTECH,HCL Technologies Ltd,NSE,SELL,200,2561.17,512234.0,DELIVERY,MARKET,PARTIALLY_EXECUTED,2026-03-03 02:10:00
TRD000977,C014,Northstar Wealth,Tanya Sethi,tanya.sethi@northstar.example,Gurugram,HNI,E009,Arnav Rao,Risk,Mumbai,ASIANPAINT,Asian Paints Ltd,NSE,SELL,500,2291.51,1145755.0,INTRADAY,MARKET,PARTIALLY_EXECUTED,2026-02-12 06:38:00
TRD000978,C017,Quantum Securities,Nikhil Verma,nikhil.verma@quantum.example,Noida,Institutional,E010,Kiara Kapoor,Operations,Pune,LT,Larsen & Toubro Ltd,NSE,BUY,75,1573.43,118007.25,DELIVERY,LIMIT,PARTIALLY_EXECUTED,2026-02-07 09:23:00
TRD000979,C005,Evergreen Holdings,Rohan Iyer,rohan.iyer@evergreen.example,Chennai,HNI,E002,Diya Patel,Equities,Mumbai,RELIANCE,Reliance Industries Ltd,NSE,SELL,150,3577.61,536641.5,INTRADAY,LIMIT,EXECUTED,2026-01-26 18:04:00
TRD000980,C018,Riverstone Advisors,Pooja Menon,pooja.menon@riverstone.example,Kochi,HNI,E007,Reyansh Mehta,Operations,Mumbai,LT,Larsen & Toubro Ltd,NSE,BUY,75,314.89,23616.75,DELIVERY,MARKET,PARTIALLY_EXECUTED,2026-01-26 11:18:00
TRD000981,C001,Apex Capital Advisors,Raj Mehta,raj.mehta@apexcapital.example,Mumbai,Institutional,E007,Reyansh Mehta,Operations,Mumbai,SUNPHARMA,Sun Pharmaceutical Industries Ltd,NSE,BUY,25,2812.21,70305.25,INTRADAY,MARKET,EXECUTED,2026-01-14 19:33:00
TRD000982,C005,Evergreen Holdings,Rohan Iyer,rohan.iyer@evergreen.example,Chennai,HNI,E006,Anaya Joshi,Derivatives,Bengaluru,ICICIBANK,ICICI Bank Ltd,NSE,BUY,75,402.12,30159.0,INTRADAY,MARKET,EXECUTED,2026-04-15 00:02:00
TRD000983,C016,Pinnacle Finance,Sara Fernandes,sara.fernandes@pinnacle.example,Goa,HNI,E003,Kabir Singh,Derivatives,Pune,KOTAKBANK,Kotak Mahindra Bank Ltd,NSE,SELL,250,1778.42,444605.0,INTRADAY,MARKET,EXECUTED,2026-03-03 19:05:00
TRD000984,C004,Delta Securities,Priya Nair,priya.nair@delta.example,Bengaluru,Institutional,E003,Kabir Singh,Derivatives,Pune,RELIANCE,Reliance Industries Ltd,NSE,BUY,1000,3175.91,3175910.0,DELIVERY,MARKET,PARTIALLY_EXECUTED,2026-04-03 00:10:00
TRD000985,C014,Northstar Wealth,Tanya Sethi,tanya.sethi@northstar.example,Gurugram,HNI,E008,Myra Nair,Equities,Hyderabad,BAJFINANCE,Bajaj Finance Ltd,NSE,SELL,1000,2150.21,2150210.0,INTRADAY,MARKET,EXECUTED,2026-02-11 18:24:00
TRD000986,C003,Crestline Wealth,Aman Kapoor,aman.kapoor@crestline.example,Delhi,HNI,E009,Arnav Rao,Risk,Mumbai,BHARTIARTL,Bharti Airtel Ltd,NSE,BUY,75,1732.66,129949.5,DELIVERY,LIMIT,EXECUTED,2026-01-11 13:54:00
TRD000987,C018,Riverstone Advisors,Pooja Menon,pooja.menon@riverstone.example,Kochi,HNI,E010,Kiara Kapoor,Operations,Pune,INFY,Infosys Ltd,NSE,SELL,250,1373.78,343445.0,INTRADAY,MARKET,EXECUTED,2026-03-16 03:09:00
TRD000988,C012,Lotus Financial,Meera Kulkarni,meera.kulkarni@lotus.example,Pune,Retail,E007,Reyansh Mehta,Operations,Mumbai,ITC,ITC Ltd,NSE,SELL,25,514.61,12865.25,INTRADAY,MARKET,EXECUTED,2026-03-08 09:55:00
TRD000989,C010,Jupiter Investments,Ishita Desai,ishita.desai@jupiter.example,Mumbai,Institutional,E003,Kabir Singh,Derivatives,Pune,BAJFINANCE,Bajaj Finance Ltd,NSE,BUY,25,957.01,23925.25,INTRADAY,MARKET,EXECUTED,2026-01-03 09:12:00
TRD000990,C002,BlueRock Investments,Neha Shah,neha.shah@bluerock.example,Pune,Institutional,E004,Ira Deshmukh,Equities,Delhi,WIPRO,Wipro Ltd,NSE,BUY,1000,2409.14,2409140.0,INTRADAY,MARKET,EXECUTED,2026-04-14 00:15:00
TRD000991,C011,Keystone Asset Mgmt,Arjun Bhat,arjun.bhat@keystone.example,Nashik,HNI,E002,Diya Patel,Equities,Mumbai,AXISBANK,Axis Bank Ltd,NSE,BUY,150,3178.16,476724.0,DELIVERY,LIMIT,PARTIALLY_EXECUTED,2026-03-14 20:44:00
TRD000992,C012,Lotus Financial,Meera Kulkarni,meera.kulkarni@lotus.example,Pune,Retail,E003,Kabir Singh,Derivatives,Pune,HDFCBANK,HDFC Bank Ltd,NSE,SELL,200,3774.14,754828.0,DELIVERY,MARKET,EXECUTED,2026-04-03 01:25:00
TRD000993,C019,Summit Investments,Yash Agarwal,yash.agarwal@summit.example,Indore,Retail,E007,Reyansh Mehta,Operations,Mumbai,ASIANPAINT,Asian Paints Ltd,NSE,BUY,100,748.43,74843.0,DELIVERY,MARKET,EXECUTED,2026-03-26 16:35:00
TRD000994,C007,Gateway Financial,Vikram Joshi,vikram.joshi@gateway.example,Mumbai,Institutional,E003,Kabir Singh,Derivatives,Pune,SBIN,State Bank of India,NSE,SELL,250,3316.72,829180.0,INTRADAY,LIMIT,PARTIALLY_EXECUTED,2026-03-04 02:27:00
TRD000995,C002,BlueRock Investments,Neha Shah,neha.shah@bluerock.example,Pune,Institutional,E007,Reyansh Mehta,Operations,Mumbai,LT,Larsen & Toubro Ltd,NSE,BUY,1000,2582.3,2582300.0,INTRADAY,MARKET,EXECUTED,2026-01-29 03:06:00
TRD000996,C005,Evergreen Holdings,Rohan Iyer,rohan.iyer@evergreen.example,Chennai,HNI,E005,Vihaan Shah,Operations,Mumbai,BAJFINANCE,Bajaj Finance Ltd,NSE,BUY,250,472.28,118070.0,DELIVERY,LIMIT,EXECUTED,2026-02-27 11:54:00
TRD000997,C003,Crestline Wealth,Aman Kapoor,aman.kapoor@crestline.example,Delhi,HNI,E005,Vihaan Shah,Operations,Mumbai,TCS,Tata Consultancy Services Ltd,NSE,SELL,150,452.18,67827.0,INTRADAY,LIMIT,PARTIALLY_EXECUTED,2026-02-03 00:07:00
TRD000998,C009,Indus Prime,Karan Malhotra,karan.malhotra@indusprime.example,Kolkata,Retail,E008,Myra Nair,Equities,Hyderabad,ICICIBANK,ICICI Bank Ltd,NSE,BUY,1000,2094.19,2094190.0,INTRADAY,LIMIT,PARTIALLY_EXECUTED,2026-03-08 13:17:00
TRD000999,C020,Trident Capital,Riya Chawla,riya.chawla@trident.example,Chandigarh,Institutional,E003,Kabir Singh,Derivatives,Pune,ADANIENT,Adani Enterprises Ltd,NSE,SELL,500,3561.5,1780750.0,INTRADAY,MARKET,PARTIALLY_EXECUTED,2026-02-27 11:35:00
TRD001000,C017,Quantum Securities,Nikhil Verma,nikhil.verma@quantum.example,Noida,Institutional,E008,Myra Nair,Equities,Hyderabad,WIPRO,Wipro Ltd,NSE,BUY,1000,4107.13,4107130.0,DELIVERY,MARKET,EXECUTED,2026-01-11 18:32:00
TRD001001,C004,Delta Securities,Priya Nair,priya.nair@delta.example,Bengaluru,Institutional,E005,Vihaan Shah,Operations,Mumbai,BHARTIARTL,Bharti Airtel Ltd,NSE,BUY,1000,1728.04,1728040.0,DELIVERY,LIMIT,PARTIALLY_EXECUTED,2026-01-14 16:05:00
TRD001002,C003,Crestline Wealth,Aman Kapoor,aman.kapoor@crestline.example,Delhi,HNI,E006,Anaya Joshi,Derivatives,Bengaluru,ADANIENT,Adani Enterprises Ltd,NSE,SELL,500,3789.02,1894510.0,DELIVERY,MARKET,EXECUTED,2026-03-27 00:13:00
TRD001003,C004,Delta Securities,Priya Nair,priya.nair@delta.example,Bengaluru,Institutional,E007,Reyansh Mehta,Operations,Mumbai,HCLTECH,HCL Technologies Ltd,NSE,BUY,200,1437.69,287538.0,INTRADAY,LIMIT,EXECUTED,2026-02-28 03:29:00
TRD001004,C016,Pinnacle Finance,Sara Fernandes,sara.fernandes@pinnacle.example,Goa,HNI,E002,Diya Patel,Equities,Mumbai,WIPRO,Wipro Ltd,NSE,SELL,10,2328.01,23280.1,DELIVERY,MARKET,EXECUTED,2026-03-27 22:34:00
TRD001005,C019,Summit Investments,Yash Agarwal,yash.agarwal@summit.example,Indore,Retail,E001,Aarav Sharma,Equities,Mumbai,ULTRACEMCO,UltraTech Cement Ltd,NSE,SELL,10,3938.53,39385.3,INTRADAY,LIMIT,EXECUTED,2026-03-08 04:38:00
TRD001006,C002,BlueRock Investments,Neha Shah,neha.shah@bluerock.example,Pune,Institutional,E004,Ira Deshmukh,Equities,Delhi,TATASTEEL,Tata Steel Ltd,NSE,SELL,100,1122.27,112227.0,DELIVERY,MARKET,EXECUTED,2026-02-02 10:40:00
TRD001007,C009,Indus Prime,Karan Malhotra,karan.malhotra@indusprime.example,Kolkata,Retail,E007,Reyansh Mehta,Operations,Mumbai,INFY,Infosys Ltd,NSE,SELL,250,3670.35,917587.5,DELIVERY,LIMIT,EXECUTED,2026-04-06 22:02:00
TRD001008,C002,BlueRock Investments,Neha Shah,neha.shah@bluerock.example,Pune,Institutional,E002,Diya Patel,Equities,Mumbai,HCLTECH,HCL Technologies Ltd,NSE,SELL,100,762.05,76205.0,INTRADAY,LIMIT,PARTIALLY_EXECUTED,2026-03-05 23:15:00
TRD001009,C018,Riverstone Advisors,Pooja Menon,pooja.menon@riverstone.example,Kochi,HNI,E003,Kabir Singh,Derivatives,Pune,HCLTECH,HCL Technologies Ltd,NSE,SELL,1000,1686.3,1686300.0,DELIVERY,MARKET,EXECUTED,2026-01-03 04:38:00
TRD001010,C011,Keystone Asset Mgmt,Arjun Bhat,arjun.bhat@keystone.example,Nashik,HNI,E006,Anaya Joshi,Derivatives,Bengaluru,TATASTEEL,Tata Steel Ltd,NSE,BUY,250,3927.67,981917.5,INTRADAY,MARKET,PARTIALLY_EXECUTED,2026-04-02 07:21:00
TRD001011,C009,Indus Prime,Karan Malhotra,karan.malhotra@indusprime.example,Kolkata,Retail,E009,Arnav Rao,Risk,Mumbai,TATASTEEL,Tata Steel Ltd,NSE,SELL,50,2695.12,134756.0,DELIVERY,MARKET,EXECUTED,2026-01-19 02:59:00
TRD001012,C014,Northstar Wealth,Tanya Sethi,tanya.sethi@northstar.example,Gurugram,HNI,E009,Arnav Rao,Risk,Mumbai,SBIN,State Bank of India,NSE,SELL,75,1517.37,113802.75,DELIVERY,LIMIT,EXECUTED,2026-02-05 04:26:00
TRD001013,C001,Apex Capital Advisors,Raj Mehta,raj.mehta@apexcapital.example,Mumbai,Institutional,E005,Vihaan Shah,Operations,Mumbai,AXISBANK,Axis Bank Ltd,NSE,BUY,250,2755.27,688817.5,INTRADAY,LIMIT,EXECUTED,2026-03-25 09:32:00
TRD001014,C012,Lotus Financial,Meera Kulkarni,meera.kulkarni@lotus.example,Pune,Retail,E009,Arnav Rao,Risk,Mumbai,HCLTECH,HCL Technologies Ltd,NSE,SELL,25,3896.93,97423.25,INTRADAY,LIMIT,EXECUTED,2026-03-25 21:52:00
TRD001015,C018,Riverstone Advisors,Pooja Menon,pooja.menon@riverstone.example,Kochi,HNI,E010,Kiara Kapoor,Operations,Pune,SBIN,State Bank of India,NSE,SELL,200,1257.89,251578.0,INTRADAY,MARKET,EXECUTED,2026-03-22 00:41:00
TRD001016,C004,Delta Securities,Priya Nair,priya.nair@delta.example,Bengaluru,Institutional,E002,Diya Patel,Equities,Mumbai,TATASTEEL,Tata Steel Ltd,NSE,SELL,25,2127.71,53192.75,DELIVERY,LIMIT,EXECUTED,2026-04-10 13:13:00
TRD001017,C010,Jupiter Investments,Ishita Desai,ishita.desai@jupiter.example,Mumbai,Institutional,E007,Reyansh Mehta,Operations,Mumbai,ITC,ITC Ltd,NSE,BUY,250,2354.78,588695.0,DELIVERY,LIMIT,EXECUTED,2026-01-22 05:30:00
TRD001018,C012,Lotus Financial,Meera Kulkarni,meera.kulkarni@lotus.example,Pune,Retail,E008,Myra Nair,Equities,Hyderabad,HCLTECH,HCL Technologies Ltd,NSE,SELL,10,3951.52,39515.2,INTRADAY,LIMIT,EXECUTED,2026-02-11 03:38:00
TRD001019,C010,Jupiter Investments,Ishita Desai,ishita.desai@jupiter.example,Mumbai,Institutional,E007,Reyansh Mehta,Operations,Mumbai,LT,Larsen & Toubro Ltd,NSE,BUY,200,219.46,43892.0,DELIVERY,LIMIT,EXECUTED,2026-01-06 03:55:00
TRD001020,C011,Keystone Asset Mgmt,Arjun Bhat,arjun.bhat@keystone.example,Nashik,HNI,E003,Kabir Singh,Derivatives,Pune,TCS,Tata Consultancy Services Ltd,NSE,SELL,75,2371.87,177890.25,DELIVERY,LIMIT,EXECUTED,2026-03-13 15:08:00
TRD001021,C019,Summit Investments,Yash Agarwal,yash.agarwal@summit.example,Indore,Retail,E007,Reyansh Mehta,Operations,Mumbai,ICICIBANK,ICICI Bank Ltd,NSE,SELL,50,1743.83,87191.5,DELIVERY,LIMIT,EXECUTED,2026-02-28 07:09:00
TRD001022,C004,Delta Securities,Priya Nair,priya.nair@delta.example,Bengaluru,Institutional,E003,Kabir Singh,Derivatives,Pune,KOTAKBANK,Kotak Mahindra Bank Ltd,NSE,BUY,1000,3312.32,3312320.0,DELIVERY,LIMIT,EXECUTED,2026-02-17 18:12:00
TRD001023,C003,Crestline Wealth,Aman Kapoor,aman.kapoor@crestline.example,Delhi,HNI,E002,Diya Patel,Equities,Mumbai,TATASTEEL,Tata Steel Ltd,NSE,SELL,10,2672.9,26729.0,DELIVERY,MARKET,PARTIALLY_EXECUTED,2026-01-29 05:55:00
TRD001024,C001,Apex Capital Advisors,Raj Mehta,raj.mehta@apexcapital.example,Mumbai,Institutional,E003,Kabir Singh,Derivatives,Pune,ADANIENT,Adani Enterprises Ltd,NSE,SELL,50,1071.46,53573.0,INTRADAY,MARKET,EXECUTED,2026-02-10 18:06:00
TRD001025,C013,Meridian Capital,Aditya Jain,aditya.jain@meridian.example,Jaipur,Institutional,E005,Vihaan Shah,Operations,Mumbai,RELIANCE,Reliance Industries Ltd,NSE,SELL,25,3932.43,98310.75,DELIVERY,MARKET,PARTIALLY_EXECUTED,2026-01-05 14:21:00
TRD001026,C020,Trident Capital,Riya Chawla,riya.chawla@trident.example,Chandigarh,Institutional,E002,Diya Patel,Equities,Mumbai,HDFCBANK,HDFC Bank Ltd,NSE,BUY,100,1163.11,116311.0,DELIVERY,MARKET,PARTIALLY_EXECUTED,2026-02-03 06:25:00
TRD001027,C012,Lotus Financial,Meera Kulkarni,meera.kulkarni@lotus.example,Pune,Retail,E004,Ira Deshmukh,Equities,Delhi,BHARTIARTL,Bharti Airtel Ltd,NSE,BUY,250,3358.24,839560.0,DELIVERY,LIMIT,EXECUTED,2026-03-17 16:55:00
TRD001028,C007,Gateway Financial,Vikram Joshi,vikram.joshi@gateway.example,Mumbai,Institutional,E007,Reyansh Mehta,Operations,Mumbai,BHARTIARTL,Bharti Airtel Ltd,NSE,SELL,250,3412.18,853045.0,INTRADAY,MARKET,EXECUTED,2026-02-03 02:50:00
TRD001029,C019,Summit Investments,Yash Agarwal,yash.agarwal@summit.example,Indore,Retail,E010,Kiara Kapoor,Operations,Pune,RELIANCE,Reliance Industries Ltd,NSE,BUY,150,4174.24,626136.0,DELIVERY,MARKET,EXECUTED,2026-03-30 11:29:00
TRD001030,C004,Delta Securities,Priya Nair,priya.nair@delta.example,Bengaluru,Institutional,E004,Ira Deshmukh,Equities,Delhi,ULTRACEMCO,UltraTech Cement Ltd,NSE,BUY,500,179.8,89900.0,DELIVERY,MARKET,EXECUTED,2026-04-04 13:05:00
TRD001031,C004,Delta Securities,Priya Nair,priya.nair@delta.example,Bengaluru,Institutional,E004,Ira Deshmukh,Equities,Delhi,TATASTEEL,Tata Steel Ltd,NSE,SELL,50,989.32,49466.0,INTRADAY,LIMIT,PARTIALLY_EXECUTED,2026-01-24 10:17:00
TRD001032,C007,Gateway Financial,Vikram Joshi,vikram.joshi@gateway.example,Mumbai,Institutional,E002,Diya Patel,Equities,Mumbai,SUNPHARMA,Sun Pharmaceutical Industries Ltd,NSE,SELL,250,3151.48,787870.0,INTRADAY,LIMIT,EXECUTED,2026-04-01 15:26:00
TRD001033,C009,Indus Prime,Karan Malhotra,karan.malhotra@indusprime.example,Kolkata,Retail,E003,Kabir Singh,Derivatives,Pune,ITC,ITC Ltd,NSE,SELL,200,508.41,101682.0,DELIVERY,MARKET,PARTIALLY_EXECUTED,2026-02-27 02:35:00
TRD001034,C014,Northstar Wealth,Tanya Sethi,tanya.sethi@northstar.example,Gurugram,HNI,E008,Myra Nair,Equities,Hyderabad,HCLTECH,HCL Technologies Ltd,NSE,SELL,150,2648.28,397242.0,INTRADAY,MARKET,EXECUTED,2026-03-12 02:48:00
TRD001035,C012,Lotus Financial,Meera Kulkarni,meera.kulkarni@lotus.example,Pune,Retail,E002,Diya Patel,Equities,Mumbai,ADANIENT,Adani Enterprises Ltd,NSE,BUY,10,4027.57,40275.7,INTRADAY,LIMIT,EXECUTED,2026-02-16 10:54:00
TRD001036,C013,Meridian Capital,Aditya Jain,aditya.jain@meridian.example,Jaipur,Institutional,E001,Aarav Sharma,Equities,Mumbai,HDFCBANK,HDFC Bank Ltd,NSE,BUY,150,1851.93,277789.5,INTRADAY,MARKET,EXECUTED,2026-02-04 05:31:00
TRD001037,C007,Gateway Financial,Vikram Joshi,vikram.joshi@gateway.example,Mumbai,Institutional,E006,Anaya Joshi,Derivatives,Bengaluru,SUNPHARMA,Sun Pharmaceutical Industries Ltd,NSE,BUY,150,588.28,88242.0,DELIVERY,LIMIT,EXECUTED,2026-02-28 09:11:00
TRD001038,C015,Orion Broking,Dev Patel,dev.patel@orion.example,Surat,Retail,E010,Kiara Kapoor,Operations,Pune,MARUTI,Maruti Suzuki India Ltd,NSE,BUY,500,357.56,178780.0,DELIVERY,MARKET,EXECUTED,2026-02-22 00:22:00
TRD001039,C018,Riverstone Advisors,Pooja Menon,pooja.menon@riverstone.example,Kochi,HNI,E005,Vihaan Shah,Operations,Mumbai,ULTRACEMCO,UltraTech Cement Ltd,NSE,BUY,1000,3758.31,3758310.0,INTRADAY,LIMIT,EXECUTED,2026-03-19 03:54:00
TRD001040,C007,Gateway Financial,Vikram Joshi,vikram.joshi@gateway.example,Mumbai,Institutional,E004,Ira Deshmukh,Equities,Delhi,RELIANCE,Reliance Industries Ltd,NSE,SELL,250,277.55,69387.5,INTRADAY,MARKET,EXECUTED,2026-02-20 08:11:00
TRD001041,C015,Orion Broking,Dev Patel,dev.patel@orion.example,Surat,Retail,E003,Kabir Singh,Derivatives,Pune,ULTRACEMCO,UltraTech Cement Ltd,NSE,SELL,1000,1660.46,1660460.0,INTRADAY,MARKET,EXECUTED,2026-01-05 06:10:00
TRD001042,C015,Orion Broking,Dev Patel,dev.patel@orion.example,Surat,Retail,E005,Vihaan Shah,Operations,Mumbai,ICICIBANK,ICICI Bank Ltd,NSE,SELL,10,3771.34,37713.4,DELIVERY,LIMIT,EXECUTED,2026-04-07 09:59:00
TRD001043,C003,Crestline Wealth,Aman Kapoor,aman.kapoor@crestline.example,Delhi,HNI,E008,Myra Nair,Equities,Hyderabad,HDFCBANK,HDFC Bank Ltd,NSE,SELL,100,1215.28,121528.0,INTRADAY,MARKET,EXECUTED,2026-03-05 08:10:00
TRD001044,C016,Pinnacle Finance,Sara Fernandes,sara.fernandes@pinnacle.example,Goa,HNI,E010,Kiara Kapoor,Operations,Pune,RELIANCE,Reliance Industries Ltd,NSE,SELL,100,2950.92,295092.0,INTRADAY,MARKET,EXECUTED,2026-03-25 03:20:00
TRD001045,C020,Trident Capital,Riya Chawla,riya.chawla@trident.example,Chandigarh,Institutional,E002,Diya Patel,Equities,Mumbai,TATASTEEL,Tata Steel Ltd,NSE,BUY,10,3481.75,34817.5,DELIVERY,LIMIT,PARTIALLY_EXECUTED,2026-01-26 15:23:00
TRD001046,C008,Horizon Partners,Ananya Rao,ananya.rao@horizon.example,Hyderabad,HNI,E003,Kabir Singh,Derivatives,Pune,INFY,Infosys Ltd,NSE,BUY,150,3443.45,516517.5,DELIVERY,MARKET,EXECUTED,2026-04-09 05:52:00
TRD001047,C002,BlueRock Investments,Neha Shah,neha.shah@bluerock.example,Pune,Institutional,E002,Diya Patel,Equities,Mumbai,RELIANCE,Reliance Industries Ltd,NSE,SELL,25,1170.24,29256.0,INTRADAY,MARKET,EXECUTED,2026-03-11 11:33:00
TRD001048,C019,Summit Investments,Yash Agarwal,yash.agarwal@summit.example,Indore,Retail,E008,Myra Nair,Equities,Hyderabad,HDFCBANK,HDFC Bank Ltd,NSE,BUY,150,3631.7,544755.0,INTRADAY,MARKET,EXECUTED,2026-03-17 14:57:00
TRD001049,C019,Summit Investments,Yash Agarwal,yash.agarwal@summit.example,Indore,Retail,E008,Myra Nair,Equities,Hyderabad,ASIANPAINT,Asian Paints Ltd,NSE,SELL,150,3264.43,489664.5,DELIVERY,MARKET,EXECUTED,2026-03-30 06:13:00
TRD001050,C010,Jupiter Investments,Ishita Desai,ishita.desai@jupiter.example,Mumbai,Institutional,E002,Diya Patel,Equities,Mumbai,SUNPHARMA,Sun Pharmaceutical Industries Ltd,NSE,BUY,75,2944.78,220858.5,INTRADAY,MARKET,EXECUTED,2026-01-15 01:33:00
TRD001051,C001,Apex Capital Advisors,Raj Mehta,raj.mehta@apexcapital.example,Mumbai,Institutional,E004,Ira Deshmukh,Equities,Delhi,ADANIENT,Adani Enterprises Ltd,NSE,SELL,75,2091.66,156874.5,DELIVERY,LIMIT,EXECUTED,2026-03-04 08:41:00
TRD001052,C015,Orion Broking,Dev Patel,dev.patel@orion.example,Surat,Retail,E003,Kabir Singh,Derivatives,Pune,KOTAKBANK,Kotak Mahindra Bank Ltd,NSE,BUY,50,985.3,49265.0,INTRADAY,LIMIT,EXECUTED,2026-03-08 14:02:00
TRD001053,C013,Meridian Capital,Aditya Jain,aditya.jain@meridian.example,Jaipur,Institutional,E004,Ira Deshmukh,Equities,Delhi,INFY,Infosys Ltd,NSE,SELL,200,760.67,152134.0,DELIVERY,MARKET,PARTIALLY_EXECUTED,2026-02-26 07:11:00
TRD001054,C004,Delta Securities,Priya Nair,priya.nair@delta.example,Bengaluru,Institutional,E002,Diya Patel,Equities,Mumbai,LT,Larsen & Toubro Ltd,NSE,BUY,250,854.63,213657.5,INTRADAY,LIMIT,EXECUTED,2026-01-06 14:08:00
TRD001055,C009,Indus Prime,Karan Malhotra,karan.malhotra@indusprime.example,Kolkata,Retail,E002,Diya Patel,Equities,Mumbai,BAJFINANCE,Bajaj Finance Ltd,NSE,BUY,150,1860.51,279076.5,INTRADAY,LIMIT,EXECUTED,2026-01-28 19:19:00
TRD001056,C002,BlueRock Investments,Neha Shah,neha.shah@bluerock.example,Pune,Institutional,E008,Myra Nair,Equities,Hyderabad,WIPRO,Wipro Ltd,NSE,SELL,25,287.19,7179.75,INTRADAY,MARKET,EXECUTED,2026-03-12 00:30:00
TRD001057,C007,Gateway Financial,Vikram Joshi,vikram.joshi@gateway.example,Mumbai,Institutional,E007,Reyansh Mehta,Operations,Mumbai,SBIN,State Bank of India,NSE,SELL,500,2584.65,1292325.0,INTRADAY,MARKET,EXECUTED,2026-04-05 19:07:00
TRD001058,C008,Horizon Partners,Ananya Rao,ananya.rao@horizon.example,Hyderabad,HNI,E002,Diya Patel,Equities,Mumbai,LT,Larsen & Toubro Ltd,NSE,BUY,10,3768.17,37681.7,DELIVERY,MARKET,EXECUTED,2026-02-18 20:12:00
TRD001059,C009,Indus Prime,Karan Malhotra,karan.malhotra@indusprime.example,Kolkata,Retail,E004,Ira Deshmukh,Equities,Delhi,ULTRACEMCO,UltraTech Cement Ltd,NSE,SELL,200,1701.72,340344.0,INTRADAY,LIMIT,EXECUTED,2026-02-10 09:57:00
TRD001060,C006,Falcon Broking,Simran Kaur,simran.kaur@falcon.example,Ahmedabad,Retail,E004,Ira Deshmukh,Equities,Delhi,SUNPHARMA,Sun Pharmaceutical Industries Ltd,NSE,SELL,1000,1270.03,1270030.0,DELIVERY,MARKET,PARTIALLY_EXECUTED,2026-01-01 22:49:00
TRD001061,C010,Jupiter Investments,Ishita Desai,ishita.desai@jupiter.example,Mumbai,Institutional,E004,Ira Deshmukh,Equities,Delhi,SBIN,State Bank of India,NSE,SELL,25,770.75,19268.75,INTRADAY,MARKET,EXECUTED,2026-03-02 20:27:00
TRD001062,C016,Pinnacle Finance,Sara Fernandes,sara.fernandes@pinnacle.example,Goa,HNI,E007,Reyansh Mehta,Operations,Mumbai,MARUTI,Maruti Suzuki India Ltd,NSE,BUY,50,4094.54,204727.0,DELIVERY,MARKET,EXECUTED,2026-01-15 09:34:00
TRD001063,C016,Pinnacle Finance,Sara Fernandes,sara.fernandes@pinnacle.example,Goa,HNI,E010,Kiara Kapoor,Operations,Pune,TATASTEEL,Tata Steel Ltd,NSE,SELL,75,2029.62,152221.5,DELIVERY,LIMIT,EXECUTED,2026-01-09 14:37:00
TRD001064,C017,Quantum Securities,Nikhil Verma,nikhil.verma@quantum.example,Noida,Institutional,E009,Arnav Rao,Risk,Mumbai,SBIN,State Bank of India,NSE,BUY,25,496.47,12411.75,INTRADAY,LIMIT,EXECUTED,2026-03-03 11:50:00
TRD001065,C018,Riverstone Advisors,Pooja Menon,pooja.menon@riverstone.example,Kochi,HNI,E005,Vihaan Shah,Operations,Mumbai,ASIANPAINT,Asian Paints Ltd,NSE,SELL,150,1972.76,295914.0,INTRADAY,LIMIT,PARTIALLY_EXECUTED,2026-03-06 13:53:00
TRD001066,C004,Delta Securities,Priya Nair,priya.nair@delta.example,Bengaluru,Institutional,E005,Vihaan Shah,Operations,Mumbai,KOTAKBANK,Kotak Mahindra Bank Ltd,NSE,BUY,50,4112.09,205604.5,DELIVERY,LIMIT,PARTIALLY_EXECUTED,2026-02-10 11:33:00
TRD001067,C001,Apex Capital Advisors,Raj Mehta,raj.mehta@apexcapital.example,Mumbai,Institutional,E004,Ira Deshmukh,Equities,Delhi,TCS,Tata Consultancy Services Ltd,NSE,SELL,150,933.96,140094.0,DELIVERY,LIMIT,EXECUTED,2026-01-17 15:17:00
TRD001068,C009,Indus Prime,Karan Malhotra,karan.malhotra@indusprime.example,Kolkata,Retail,E009,Arnav Rao,Risk,Mumbai,ADANIENT,Adani Enterprises Ltd,NSE,BUY,100,3831.0,383100.0,INTRADAY,LIMIT,PARTIALLY_EXECUTED,2026-03-05 21:22:00
TRD001069,C009,Indus Prime,Karan Malhotra,karan.malhotra@indusprime.example,Kolkata,Retail,E005,Vihaan Shah,Operations,Mumbai,ITC,ITC Ltd,NSE,BUY,1000,2225.12,2225120.0,DELIVERY,LIMIT,PARTIALLY_EXECUTED,2026-03-04 21:02:00
TRD001070,C019,Summit Investments,Yash Agarwal,yash.agarwal@summit.example,Indore,Retail,E006,Anaya Joshi,Derivatives,Bengaluru,AXISBANK,Axis Bank Ltd,NSE,BUY,10,2138.08,21380.8,INTRADAY,MARKET,EXECUTED,2026-01-28 04:04:00
TRD001071,C020,Trident Capital,Riya Chawla,riya.chawla@trident.example,Chandigarh,Institutional,E009,Arnav Rao,Risk,Mumbai,SBIN,State Bank of India,NSE,SELL,250,1271.19,317797.5,DELIVERY,LIMIT,EXECUTED,2026-02-24 00:55:00
TRD001072,C007,Gateway Financial,Vikram Joshi,vikram.joshi@gateway.example,Mumbai,Institutional,E005,Vihaan Shah,Operations,Mumbai,TCS,Tata Consultancy Services Ltd,NSE,BUY,10,2094.63,20946.3,INTRADAY,LIMIT,EXECUTED,2026-01-02 07:29:00
TRD001073,C002,BlueRock Investments,Neha Shah,neha.shah@bluerock.example,Pune,Institutional,E005,Vihaan Shah,Operations,Mumbai,ICICIBANK,ICICI Bank Ltd,NSE,SELL,100,3316.36,331636.0,DELIVERY,MARKET,EXECUTED,2026-04-02 18:29:00
TRD001074,C005,Evergreen Holdings,Rohan Iyer,rohan.iyer@evergreen.example,Chennai,HNI,E004,Ira Deshmukh,Equities,Delhi,HCLTECH,HCL Technologies Ltd,NSE,BUY,100,985.6,98560.0,INTRADAY,MARKET,PARTIALLY_EXECUTED,2026-03-28 12:35:00
TRD001075,C014,Northstar Wealth,Tanya Sethi,tanya.sethi@northstar.example,Gurugram,HNI,E007,Reyansh Mehta,Operations,Mumbai,HDFCBANK,HDFC Bank Ltd,NSE,SELL,100,2541.81,254181.0,INTRADAY,LIMIT,EXECUTED,2026-02-01 22:25:00
TRD001076,C007,Gateway Financial,Vikram Joshi,vikram.joshi@gateway.example,Mumbai,Institutional,E005,Vihaan Shah,Operations,Mumbai,ICICIBANK,ICICI Bank Ltd,NSE,SELL,500,906.04,453020.0,DELIVERY,LIMIT,PARTIALLY_EXECUTED,2026-02-25 21:47:00
TRD001077,C018,Riverstone Advisors,Pooja Menon,pooja.menon@riverstone.example,Kochi,HNI,E003,Kabir Singh,Derivatives,Pune,BHARTIARTL,Bharti Airtel Ltd,NSE,SELL,25,655.38,16384.5,INTRADAY,LIMIT,PARTIALLY_EXECUTED,2026-03-22 19:56:00
TRD001078,C012,Lotus Financial,Meera Kulkarni,meera.kulkarni@lotus.example,Pune,Retail,E007,Reyansh Mehta,Operations,Mumbai,ADANIENT,Adani Enterprises Ltd,NSE,SELL,200,1983.18,396636.0,DELIVERY,LIMIT,EXECUTED,2026-04-13 03:09:00
TRD001079,C005,Evergreen Holdings,Rohan Iyer,rohan.iyer@evergreen.example,Chennai,HNI,E010,Kiara Kapoor,Operations,Pune,AXISBANK,Axis Bank Ltd,NSE,BUY,1000,2192.73,2192730.0,INTRADAY,MARKET,PARTIALLY_EXECUTED,2026-01-24 13:19:00
TRD001080,C005,Evergreen Holdings,Rohan Iyer,rohan.iyer@evergreen.example,Chennai,HNI,E007,Reyansh Mehta,Operations,Mumbai,TATASTEEL,Tata Steel Ltd,NSE,SELL,500,1978.81,989405.0,DELIVERY,MARKET,EXECUTED,2026-01-11 06:41:00
TRD001081,C004,Delta Securities,Priya Nair,priya.nair@delta.example,Bengaluru,Institutional,E006,Anaya Joshi,Derivatives,Bengaluru,ULTRACEMCO,UltraTech Cement Ltd,NSE,BUY,100,2411.8,241180.0,DELIVERY,MARKET,EXECUTED,2026-03-02 16:45:00
TRD001082,C007,Gateway Financial,Vikram Joshi,vikram.joshi@gateway.example,Mumbai,Institutional,E009,Arnav Rao,Risk,Mumbai,ICICIBANK,ICICI Bank Ltd,NSE,SELL,50,1004.88,50244.0,INTRADAY,LIMIT,EXECUTED,2026-01-29 13:28:00
TRD001083,C016,Pinnacle Finance,Sara Fernandes,sara.fernandes@pinnacle.example,Goa,HNI,E010,Kiara Kapoor,Operations,Pune,ITC,ITC Ltd,NSE,BUY,25,85.15,2128.75,DELIVERY,MARKET,EXECUTED,2026-01-23 10:03:00
TRD001084,C004,Delta Securities,Priya Nair,priya.nair@delta.example,Bengaluru,Institutional,E008,Myra Nair,Equities,Hyderabad,TATASTEEL,Tata Steel Ltd,NSE,SELL,200,314.01,62802.0,INTRADAY,LIMIT,PARTIALLY_EXECUTED,2026-01-23 13:27:00
TRD001085,C006,Falcon Broking,Simran Kaur,simran.kaur@falcon.example,Ahmedabad,Retail,E004,Ira Deshmukh,Equities,Delhi,BAJFINANCE,Bajaj Finance Ltd,NSE,SELL,1000,2888.63,2888630.0,INTRADAY,MARKET,EXECUTED,2026-01-23 19:30:00
TRD001086,C006,Falcon Broking,Simran Kaur,simran.kaur@falcon.example,Ahmedabad,Retail,E003,Kabir Singh,Derivatives,Pune,LT,Larsen & Toubro Ltd,NSE,BUY,500,3136.95,1568475.0,DELIVERY,LIMIT,PARTIALLY_EXECUTED,2026-04-10 21:44:00
TRD001087,C010,Jupiter Investments,Ishita Desai,ishita.desai@jupiter.example,Mumbai,Institutional,E005,Vihaan Shah,Operations,Mumbai,HDFCBANK,HDFC Bank Ltd,NSE,SELL,150,2832.58,424887.0,INTRADAY,MARKET,PARTIALLY_EXECUTED,2026-03-13 14:22:00
TRD001088,C014,Northstar Wealth,Tanya Sethi,tanya.sethi@northstar.example,Gurugram,HNI,E007,Reyansh Mehta,Operations,Mumbai,ICICIBANK,ICICI Bank Ltd,NSE,BUY,100,1965.89,196589.0,INTRADAY,MARKET,EXECUTED,2026-04-14 02:19:00
TRD001089,C002,BlueRock Investments,Neha Shah,neha.shah@bluerock.example,Pune,Institutional,E010,Kiara Kapoor,Operations,Pune,ADANIENT,Adani Enterprises Ltd,NSE,BUY,150,4046.91,607036.5,INTRADAY,LIMIT,EXECUTED,2026-03-27 13:34:00
TRD001090,C006,Falcon Broking,Simran Kaur,simran.kaur@falcon.example,Ahmedabad,Retail,E006,Anaya Joshi,Derivatives,Bengaluru,KOTAKBANK,Kotak Mahindra Bank Ltd,NSE,BUY,150,3799.0,569850.0,INTRADAY,MARKET,EXECUTED,2026-04-06 23:15:00
TRD001091,C005,Evergreen Holdings,Rohan Iyer,rohan.iyer@evergreen.example,Chennai,HNI,E006,Anaya Joshi,Derivatives,Bengaluru,TCS,Tata Consultancy Services Ltd,NSE,SELL,250,3027.98,756995.0,INTRADAY,LIMIT,PARTIALLY_EXECUTED,2026-01-26 21:05:00
TRD001092,C003,Crestline Wealth,Aman Kapoor,aman.kapoor@crestline.example,Delhi,HNI,E008,Myra Nair,Equities,Hyderabad,BHARTIARTL,Bharti Airtel Ltd,NSE,SELL,1000,2796.67,2796670.0,INTRADAY,MARKET,EXECUTED,2026-04-03 16:16:00
TRD001093,C019,Summit Investments,Yash Agarwal,yash.agarwal@summit.example,Indore,Retail,E010,Kiara Kapoor,Operations,Pune,SUNPHARMA,Sun Pharmaceutical Industries Ltd,NSE,SELL,25,269.88,6747.0,DELIVERY,MARKET,EXECUTED,2026-01-30 08:42:00
TRD001094,C016,Pinnacle Finance,Sara Fernandes,sara.fernandes@pinnacle.example,Goa,HNI,E008,Myra Nair,Equities,Hyderabad,MARUTI,Maruti Suzuki India Ltd,NSE,BUY,75,518.85,38913.75,INTRADAY,LIMIT,EXECUTED,2026-02-02 01:27:00
TRD001095,C002,BlueRock Investments,Neha Shah,neha.shah@bluerock.example,Pune,Institutional,E010,Kiara Kapoor,Operations,Pune,WIPRO,Wipro Ltd,NSE,BUY,10,3569.59,35695.9,INTRADAY,LIMIT,EXECUTED,2026-01-14 15:40:00
TRD001096,C006,Falcon Broking,Simran Kaur,simran.kaur@falcon.example,Ahmedabad,Retail,E006,Anaya Joshi,Derivatives,Bengaluru,HDFCBANK,HDFC Bank Ltd,NSE,SELL,200,633.19,126638.0,DELIVERY,MARKET,EXECUTED,2026-04-12 16:29:00
TRD001097,C016,Pinnacle Finance,Sara Fernandes,sara.fernandes@pinnacle.example,Goa,HNI,E008,Myra Nair,Equities,Hyderabad,AXISBANK,Axis Bank Ltd,NSE,BUY,75,3138.96,235422.0,DELIVERY,MARKET,EXECUTED,2026-03-21 09:42:00
TRD001098,C004,Delta Securities,Priya Nair,priya.nair@delta.example,Bengaluru,Institutional,E004,Ira Deshmukh,Equities,Delhi,RELIANCE,Reliance Industries Ltd,NSE,BUY,10,1564.59,15645.9,DELIVERY,LIMIT,EXECUTED,2026-03-16 15:56:00
TRD001099,C017,Quantum Securities,Nikhil Verma,nikhil.verma@quantum.example,Noida,Institutional,E008,Myra Nair,Equities,Hyderabad,ITC,ITC Ltd,NSE,BUY,1000,3490.47,3490470.0,INTRADAY,LIMIT,EXECUTED,2026-04-02 13:29:00
TRD001100,C003,Crestline Wealth,Aman Kapoor,aman.kapoor@crestline.example,Delhi,HNI,E008,Myra Nair,Equities,Hyderabad,HCLTECH,HCL Technologies Ltd,NSE,SELL,25,2427.06,60676.5,INTRADAY,MARKET,EXECUTED,2026-01-24 12:57:00
TRD001101,C016,Pinnacle Finance,Sara Fernandes,sara.fernandes@pinnacle.example,Goa,HNI,E004,Ira Deshmukh,Equities,Delhi,RELIANCE,Reliance Industries Ltd,NSE,SELL,10,1006.85,10068.5,INTRADAY,LIMIT,EXECUTED,2026-02-23 03:49:00
TRD001102,C003,Crestline Wealth,Aman Kapoor,aman.kapoor@crestline.example,Delhi,HNI,E003,Kabir Singh,Derivatives,Pune,AXISBANK,Axis Bank Ltd,NSE,BUY,500,2452.59,1226295.0,INTRADAY,LIMIT,EXECUTED,2026-04-05 15:22:00
TRD001103,C018,Riverstone Advisors,Pooja Menon,pooja.menon@riverstone.example,Kochi,HNI,E002,Diya Patel,Equities,Mumbai,TCS,Tata Consultancy Services Ltd,NSE,SELL,100,2773.05,277305.0,INTRADAY,LIMIT,EXECUTED,2026-01-07 06:15:00
TRD001104,C007,Gateway Financial,Vikram Joshi,vikram.joshi@gateway.example,Mumbai,Institutional,E006,Anaya Joshi,Derivatives,Bengaluru,RELIANCE,Reliance Industries Ltd,NSE,BUY,75,2336.26,175219.5,DELIVERY,MARKET,PARTIALLY_EXECUTED,2026-03-02 09:20:00
TRD001105,C003,Crestline Wealth,Aman Kapoor,aman.kapoor@crestline.example,Delhi,HNI,E010,Kiara Kapoor,Operations,Pune,ULTRACEMCO,UltraTech Cement Ltd,NSE,BUY,150,4122.05,618307.5,DELIVERY,LIMIT,EXECUTED,2026-03-18 03:49:00
TRD001106,C009,Indus Prime,Karan Malhotra,karan.malhotra@indusprime.example,Kolkata,Retail,E001,Aarav Sharma,Equities,Mumbai,HDFCBANK,HDFC Bank Ltd,NSE,BUY,250,2173.79,543447.5,INTRADAY,LIMIT,EXECUTED,2026-03-06 03:32:00
TRD001107,C008,Horizon Partners,Ananya Rao,ananya.rao@horizon.example,Hyderabad,HNI,E001,Aarav Sharma,Equities,Mumbai,RELIANCE,Reliance Industries Ltd,NSE,BUY,75,2283.17,171237.75,DELIVERY,LIMIT,EXECUTED,2026-03-11 10:49:00
TRD001108,C013,Meridian Capital,Aditya Jain,aditya.jain@meridian.example,Jaipur,Institutional,E007,Reyansh Mehta,Operations,Mumbai,ICICIBANK,ICICI Bank Ltd,NSE,SELL,200,2346.38,469276.0,INTRADAY,MARKET,EXECUTED,2026-01-22 10:14:00
TRD001109,C012,Lotus Financial,Meera Kulkarni,meera.kulkarni@lotus.example,Pune,Retail,E004,Ira Deshmukh,Equities,Delhi,MARUTI,Maruti Suzuki India Ltd,NSE,SELL,10,1065.07,10650.7,DELIVERY,MARKET,PARTIALLY_EXECUTED,2026-01-18 03:09:00
TRD001110,C018,Riverstone Advisors,Pooja Menon,pooja.menon@riverstone.example,Kochi,HNI,E010,Kiara Kapoor,Operations,Pune,RELIANCE,Reliance Industries Ltd,NSE,BUY,75,3428.94,257170.5,DELIVERY,MARKET,PARTIALLY_EXECUTED,2026-01-15 07:58:00
TRD001111,C006,Falcon Broking,Simran Kaur,simran.kaur@falcon.example,Ahmedabad,Retail,E005,Vihaan Shah,Operations,Mumbai,RELIANCE,Reliance Industries Ltd,NSE,SELL,150,2563.94,384591.0,INTRADAY,MARKET,PARTIALLY_EXECUTED,2026-02-14 20:22:00
TRD001112,C016,Pinnacle Finance,Sara Fernandes,sara.fernandes@pinnacle.example,Goa,HNI,E002,Diya Patel,Equities,Mumbai,INFY,Infosys Ltd,NSE,BUY,100,3946.39,394639.0,INTRADAY,LIMIT,EXECUTED,2026-02-07 20:40:00
TRD001113,C015,Orion Broking,Dev Patel,dev.patel@orion.example,Surat,Retail,E005,Vihaan Shah,Operations,Mumbai,SUNPHARMA,Sun Pharmaceutical Industries Ltd,NSE,SELL,75,2252.96,168972.0,INTRADAY,MARKET,EXECUTED,2026-02-19 02:07:00
TRD001114,C012,Lotus Financial,Meera Kulkarni,meera.kulkarni@lotus.example,Pune,Retail,E007,Reyansh Mehta,Operations,Mumbai,ULTRACEMCO,UltraTech Cement Ltd,NSE,SELL,100,407.81,40781.0,DELIVERY,LIMIT,EXECUTED,2026-01-26 08:23:00
TRD001115,C004,Delta Securities,Priya Nair,priya.nair@delta.example,Bengaluru,Institutional,E006,Anaya Joshi,Derivatives,Bengaluru,ICICIBANK,ICICI Bank Ltd,NSE,BUY,75,2958.68,221901.0,DELIVERY,MARKET,PARTIALLY_EXECUTED,2026-03-24 23:46:00
TRD001116,C002,BlueRock Investments,Neha Shah,neha.shah@bluerock.example,Pune,Institutional,E005,Vihaan Shah,Operations,Mumbai,WIPRO,Wipro Ltd,NSE,SELL,100,3488.84,348884.0,DELIVERY,LIMIT,PARTIALLY_EXECUTED,2026-01-16 18:24:00
TRD001117,C016,Pinnacle Finance,Sara Fernandes,sara.fernandes@pinnacle.example,Goa,HNI,E001,Aarav Sharma,Equities,Mumbai,BHARTIARTL,Bharti Airtel Ltd,NSE,SELL,250,267.77,66942.5,INTRADAY,MARKET,PARTIALLY_EXECUTED,2026-02-07 20:05:00
TRD001118,C018,Riverstone Advisors,Pooja Menon,pooja.menon@riverstone.example,Kochi,HNI,E001,Aarav Sharma,Equities,Mumbai,AXISBANK,Axis Bank Ltd,NSE,BUY,500,3224.73,1612365.0,INTRADAY,LIMIT,EXECUTED,2026-01-06 02:48:00
TRD001119,C001,Apex Capital Advisors,Raj Mehta,raj.mehta@apexcapital.example,Mumbai,Institutional,E006,Anaya Joshi,Derivatives,Bengaluru,ULTRACEMCO,UltraTech Cement Ltd,NSE,SELL,200,3305.45,661090.0,DELIVERY,LIMIT,EXECUTED,2026-01-11 18:48:00
TRD001120,C018,Riverstone Advisors,Pooja Menon,pooja.menon@riverstone.example,Kochi,HNI,E008,Myra Nair,Equities,Hyderabad,HCLTECH,HCL Technologies Ltd,NSE,SELL,50,4036.66,201833.0,DELIVERY,MARKET,EXECUTED,2026-03-27 11:03:00
TRD001121,C009,Indus Prime,Karan Malhotra,karan.malhotra@indusprime.example,Kolkata,Retail,E005,Vihaan Shah,Operations,Mumbai,INFY,Infosys Ltd,NSE,BUY,500,1302.32,651160.0,INTRADAY,MARKET,EXECUTED,2026-04-15 08:20:00
TRD001122,C012,Lotus Financial,Meera Kulkarni,meera.kulkarni@lotus.example,Pune,Retail,E005,Vihaan Shah,Operations,Mumbai,WIPRO,Wipro Ltd,NSE,BUY,25,1347.87,33696.75,INTRADAY,MARKET,PARTIALLY_EXECUTED,2026-02-28 19:40:00
TRD001123,C015,Orion Broking,Dev Patel,dev.patel@orion.example,Surat,Retail,E001,Aarav Sharma,Equities,Mumbai,ADANIENT,Adani Enterprises Ltd,NSE,BUY,250,237.27,59317.5,INTRADAY,MARKET,PARTIALLY_EXECUTED,2026-03-07 16:32:00
TRD001124,C002,BlueRock Investments,Neha Shah,neha.shah@bluerock.example,Pune,Institutional,E010,Kiara Kapoor,Operations,Pune,INFY,Infosys Ltd,NSE,SELL,1000,2354.21,2354210.0,INTRADAY,MARKET,EXECUTED,2026-01-13 01:03:00
TRD001125,C009,Indus Prime,Karan Malhotra,karan.malhotra@indusprime.example,Kolkata,Retail,E005,Vihaan Shah,Operations,Mumbai,ASIANPAINT,Asian Paints Ltd,NSE,BUY,75,2678.84,200913.0,DELIVERY,MARKET,EXECUTED,2026-01-28 03:04:00
TRD001126,C002,BlueRock Investments,Neha Shah,neha.shah@bluerock.example,Pune,Institutional,E003,Kabir Singh,Derivatives,Pune,KOTAKBANK,Kotak Mahindra Bank Ltd,NSE,SELL,1000,1390.83,1390830.0,DELIVERY,MARKET,EXECUTED,2026-04-12 03:07:00
TRD001127,C009,Indus Prime,Karan Malhotra,karan.malhotra@indusprime.example,Kolkata,Retail,E001,Aarav Sharma,Equities,Mumbai,SUNPHARMA,Sun Pharmaceutical Industries Ltd,NSE,BUY,1000,1050.78,1050780.0,DELIVERY,LIMIT,EXECUTED,2026-01-21 06:11:00
TRD001128,C017,Quantum Securities,Nikhil Verma,nikhil.verma@quantum.example,Noida,Institutional,E002,Diya Patel,Equities,Mumbai,LT,Larsen & Toubro Ltd,NSE,BUY,150,2432.06,364809.0,DELIVERY,LIMIT,EXECUTED,2026-03-18 02:38:00
TRD001129,C005,Evergreen Holdings,Rohan Iyer,rohan.iyer@evergreen.example,Chennai,HNI,E001,Aarav Sharma,Equities,Mumbai,MARUTI,Maruti Suzuki India Ltd,NSE,SELL,150,4097.53,614629.5,INTRADAY,LIMIT,EXECUTED,2026-03-10 14:24:00
TRD001130,C006,Falcon Broking,Simran Kaur,simran.kaur@falcon.example,Ahmedabad,Retail,E006,Anaya Joshi,Derivatives,Bengaluru,RELIANCE,Reliance Industries Ltd,NSE,SELL,50,3837.36,191868.0,DELIVERY,MARKET,EXECUTED,2026-01-06 00:48:00
TRD001131,C017,Quantum Securities,Nikhil Verma,nikhil.verma@quantum.example,Noida,Institutional,E009,Arnav Rao,Risk,Mumbai,TCS,Tata Consultancy Services Ltd,NSE,SELL,75,1643.93,123294.75,DELIVERY,LIMIT,EXECUTED,2026-01-07 07:40:00
TRD001132,C003,Crestline Wealth,Aman Kapoor,aman.kapoor@crestline.example,Delhi,HNI,E004,Ira Deshmukh,Equities,Delhi,TCS,Tata Consultancy Services Ltd,NSE,SELL,500,3101.48,1550740.0,DELIVERY,LIMIT,PARTIALLY_EXECUTED,2026-04-07 11:03:00
TRD001133,C011,Keystone Asset Mgmt,Arjun Bhat,arjun.bhat@keystone.example,Nashik,HNI,E005,Vihaan Shah,Operations,Mumbai,ITC,ITC Ltd,NSE,SELL,75,1437.54,107815.5,DELIVERY,LIMIT,EXECUTED,2026-03-08 06:41:00
TRD001134,C004,Delta Securities,Priya Nair,priya.nair@delta.example,Bengaluru,Institutional,E004,Ira Deshmukh,Equities,Delhi,ADANIENT,Adani Enterprises Ltd,NSE,SELL,150,412.92,61938.0,DELIVERY,LIMIT,PARTIALLY_EXECUTED,2026-04-13 09:55:00
TRD001135,C020,Trident Capital,Riya Chawla,riya.chawla@trident.example,Chandigarh,Institutional,E004,Ira Deshmukh,Equities,Delhi,ADANIENT,Adani Enterprises Ltd,NSE,SELL,75,2427.84,182088.0,DELIVERY,LIMIT,EXECUTED,2026-01-24 04:36:00
TRD001136,C020,Trident Capital,Riya Chawla,riya.chawla@trident.example,Chandigarh,Institutional,E005,Vihaan Shah,Operations,Mumbai,AXISBANK,Axis Bank Ltd,NSE,SELL,150,570.42,85563.0,INTRADAY,MARKET,PARTIALLY_EXECUTED,2026-03-16 18:01:00
TRD001137,C007,Gateway Financial,Vikram Joshi,vikram.joshi@gateway.example,Mumbai,Institutional,E003,Kabir Singh,Derivatives,Pune,ADANIENT,Adani Enterprises Ltd,NSE,BUY,50,582.05,29102.5,INTRADAY,MARKET,EXECUTED,2026-02-18 07:57:00
TRD001138,C002,BlueRock Investments,Neha Shah,neha.shah@bluerock.example,Pune,Institutional,E007,Reyansh Mehta,Operations,Mumbai,TATASTEEL,Tata Steel Ltd,NSE,BUY,25,629.73,15743.25,INTRADAY,LIMIT,EXECUTED,2026-04-07 17:50:00
TRD001139,C005,Evergreen Holdings,Rohan Iyer,rohan.iyer@evergreen.example,Chennai,HNI,E007,Reyansh Mehta,Operations,Mumbai,BAJFINANCE,Bajaj Finance Ltd,NSE,BUY,100,574.81,57481.0,DELIVERY,MARKET,EXECUTED,2026-03-03 16:03:00
TRD001140,C012,Lotus Financial,Meera Kulkarni,meera.kulkarni@lotus.example,Pune,Retail,E008,Myra Nair,Equities,Hyderabad,HCLTECH,HCL Technologies Ltd,NSE,SELL,200,1275.43,255086.0,DELIVERY,MARKET,EXECUTED,2026-03-29 05:45:00
TRD001141,C005,Evergreen Holdings,Rohan Iyer,rohan.iyer@evergreen.example,Chennai,HNI,E001,Aarav Sharma,Equities,Mumbai,TCS,Tata Consultancy Services Ltd,NSE,SELL,250,1646.13,411532.5,DELIVERY,LIMIT,EXECUTED,2026-03-22 05:27:00
TRD001142,C008,Horizon Partners,Ananya Rao,ananya.rao@horizon.example,Hyderabad,HNI,E005,Vihaan Shah,Operations,Mumbai,ASIANPAINT,Asian Paints Ltd,NSE,SELL,10,2406.4,24064.0,INTRADAY,LIMIT,EXECUTED,2026-04-06 23:51:00
TRD001143,C013,Meridian Capital,Aditya Jain,aditya.jain@meridian.example,Jaipur,Institutional,E006,Anaya Joshi,Derivatives,Bengaluru,SBIN,State Bank of India,NSE,BUY,10,3434.56,34345.6,INTRADAY,LIMIT,EXECUTED,2026-02-08 17:43:00
TRD001144,C004,Delta Securities,Priya Nair,priya.nair@delta.example,Bengaluru,Institutional,E006,Anaya Joshi,Derivatives,Bengaluru,AXISBANK,Axis Bank Ltd,NSE,BUY,25,1269.47,31736.75,INTRADAY,MARKET,EXECUTED,2026-03-30 23:23:00
TRD001145,C010,Jupiter Investments,Ishita Desai,ishita.desai@jupiter.example,Mumbai,Institutional,E005,Vihaan Shah,Operations,Mumbai,ULTRACEMCO,UltraTech Cement Ltd,NSE,BUY,75,2827.37,212052.75,DELIVERY,MARKET,EXECUTED,2026-01-27 01:18:00
TRD001146,C001,Apex Capital Advisors,Raj Mehta,raj.mehta@apexcapital.example,Mumbai,Institutional,E010,Kiara Kapoor,Operations,Pune,RELIANCE,Reliance Industries Ltd,NSE,BUY,10,2094.63,20946.3,INTRADAY,MARKET,EXECUTED,2026-01-06 01:52:00
TRD001147,C019,Summit Investments,Yash Agarwal,yash.agarwal@summit.example,Indore,Retail,E007,Reyansh Mehta,Operations,Mumbai,ADANIENT,Adani Enterprises Ltd,NSE,BUY,250,1298.68,324670.0,DELIVERY,LIMIT,PARTIALLY_EXECUTED,2026-01-21 08:09:00
TRD001148,C016,Pinnacle Finance,Sara Fernandes,sara.fernandes@pinnacle.example,Goa,HNI,E005,Vihaan Shah,Operations,Mumbai,INFY,Infosys Ltd,NSE,BUY,100,3095.67,309567.0,INTRADAY,MARKET,EXECUTED,2026-01-22 14:04:00
TRD001149,C003,Crestline Wealth,Aman Kapoor,aman.kapoor@crestline.example,Delhi,HNI,E006,Anaya Joshi,Derivatives,Bengaluru,SBIN,State Bank of India,NSE,SELL,100,1951.0,195100.0,DELIVERY,LIMIT,EXECUTED,2026-04-04 17:54:00
TRD001150,C014,Northstar Wealth,Tanya Sethi,tanya.sethi@northstar.example,Gurugram,HNI,E002,Diya Patel,Equities,Mumbai,KOTAKBANK,Kotak Mahindra Bank Ltd,NSE,SELL,75,3547.49,266061.75,DELIVERY,MARKET,EXECUTED,2026-01-07 20:56:00
TRD001151,C019,Summit Investments,Yash Agarwal,yash.agarwal@summit.example,Indore,Retail,E007,Reyansh Mehta,Operations,Mumbai,LT,Larsen & Toubro Ltd,NSE,BUY,100,2019.52,201952.0,DELIVERY,LIMIT,EXECUTED,2026-03-30 14:05:00
TRD001152,C005,Evergreen Holdings,Rohan Iyer,rohan.iyer@evergreen.example,Chennai,HNI,E004,Ira Deshmukh,Equities,Delhi,INFY,Infosys Ltd,NSE,BUY,10,1872.22,18722.2,DELIVERY,MARKET,EXECUTED,2026-03-31 17:06:00
TRD001153,C014,Northstar Wealth,Tanya Sethi,tanya.sethi@northstar.example,Gurugram,HNI,E005,Vihaan Shah,Operations,Mumbai,ULTRACEMCO,UltraTech Cement Ltd,NSE,SELL,1000,1050.86,1050860.0,INTRADAY,MARKET,EXECUTED,2026-03-05 20:45:00
TRD001154,C008,Horizon Partners,Ananya Rao,ananya.rao@horizon.example,Hyderabad,HNI,E005,Vihaan Shah,Operations,Mumbai,ASIANPAINT,Asian Paints Ltd,NSE,SELL,200,2545.12,509024.0,INTRADAY,LIMIT,EXECUTED,2026-04-10 07:27:00
TRD001155,C008,Horizon Partners,Ananya Rao,ananya.rao@horizon.example,Hyderabad,HNI,E002,Diya Patel,Equities,Mumbai,AXISBANK,Axis Bank Ltd,NSE,SELL,250,1424.01,356002.5,DELIVERY,MARKET,PARTIALLY_EXECUTED,2026-03-19 17:30:00
TRD001156,C011,Keystone Asset Mgmt,Arjun Bhat,arjun.bhat@keystone.example,Nashik,HNI,E002,Diya Patel,Equities,Mumbai,SUNPHARMA,Sun Pharmaceutical Industries Ltd,NSE,SELL,50,3268.7,163435.0,INTRADAY,LIMIT,EXECUTED,2026-03-30 10:44:00
TRD001157,C001,Apex Capital Advisors,Raj Mehta,raj.mehta@apexcapital.example,Mumbai,Institutional,E005,Vihaan Shah,Operations,Mumbai,WIPRO,Wipro Ltd,NSE,BUY,200,335.21,67042.0,INTRADAY,LIMIT,PARTIALLY_EXECUTED,2026-03-01 05:17:00
TRD001158,C013,Meridian Capital,Aditya Jain,aditya.jain@meridian.example,Jaipur,Institutional,E008,Myra Nair,Equities,Hyderabad,HCLTECH,HCL Technologies Ltd,NSE,SELL,100,3839.4,383940.0,INTRADAY,MARKET,EXECUTED,2026-02-19 05:32:00
TRD001159,C002,BlueRock Investments,Neha Shah,neha.shah@bluerock.example,Pune,Institutional,E005,Vihaan Shah,Operations,Mumbai,ADANIENT,Adani Enterprises Ltd,NSE,SELL,75,2440.86,183064.5,DELIVERY,MARKET,EXECUTED,2026-01-31 16:51:00
TRD001160,C005,Evergreen Holdings,Rohan Iyer,rohan.iyer@evergreen.example,Chennai,HNI,E010,Kiara Kapoor,Operations,Pune,BAJFINANCE,Bajaj Finance Ltd,NSE,BUY,10,3386.93,33869.3,INTRADAY,LIMIT,EXECUTED,2026-01-17 19:34:00
TRD001161,C002,BlueRock Investments,Neha Shah,neha.shah@bluerock.example,Pune,Institutional,E009,Arnav Rao,Risk,Mumbai,ITC,ITC Ltd,NSE,SELL,500,901.58,450790.0,INTRADAY,MARKET,EXECUTED,2026-01-29 23:09:00
TRD001162,C006,Falcon Broking,Simran Kaur,simran.kaur@falcon.example,Ahmedabad,Retail,E006,Anaya Joshi,Derivatives,Bengaluru,MARUTI,Maruti Suzuki India Ltd,NSE,SELL,75,2360.39,177029.25,DELIVERY,MARKET,EXECUTED,2026-02-15 15:51:00
TRD001163,C017,Quantum Securities,Nikhil Verma,nikhil.verma@quantum.example,Noida,Institutional,E002,Diya Patel,Equities,Mumbai,KOTAKBANK,Kotak Mahindra Bank Ltd,NSE,SELL,250,259.0,64750.0,INTRADAY,MARKET,EXECUTED,2026-02-21 22:05:00
TRD001164,C008,Horizon Partners,Ananya Rao,ananya.rao@horizon.example,Hyderabad,HNI,E001,Aarav Sharma,Equities,Mumbai,WIPRO,Wipro Ltd,NSE,BUY,200,2781.46,556292.0,INTRADAY,MARKET,EXECUTED,2026-01-25 06:26:00
TRD001165,C003,Crestline Wealth,Aman Kapoor,aman.kapoor@crestline.example,Delhi,HNI,E009,Arnav Rao,Risk,Mumbai,HCLTECH,HCL Technologies Ltd,NSE,BUY,10,3141.01,31410.1,DELIVERY,MARKET,PARTIALLY_EXECUTED,2026-04-09 23:57:00
TRD001166,C007,Gateway Financial,Vikram Joshi,vikram.joshi@gateway.example,Mumbai,Institutional,E010,Kiara Kapoor,Operations,Pune,AXISBANK,Axis Bank Ltd,NSE,SELL,200,2193.34,438668.0,INTRADAY,LIMIT,PARTIALLY_EXECUTED,2026-01-05 15:37:00
TRD001167,C007,Gateway Financial,Vikram Joshi,vikram.joshi@gateway.example,Mumbai,Institutional,E002,Diya Patel,Equities,Mumbai,WIPRO,Wipro Ltd,NSE,SELL,200,1283.45,256690.0,DELIVERY,LIMIT,EXECUTED,2026-01-18 07:50:00
TRD001168,C016,Pinnacle Finance,Sara Fernandes,sara.fernandes@pinnacle.example,Goa,HNI,E005,Vihaan Shah,Operations,Mumbai,BAJFINANCE,Bajaj Finance Ltd,NSE,BUY,200,155.83,31166.0,INTRADAY,LIMIT,EXECUTED,2026-04-01 20:49:00
TRD001169,C015,Orion Broking,Dev Patel,dev.patel@orion.example,Surat,Retail,E004,Ira Deshmukh,Equities,Delhi,TCS,Tata Consultancy Services Ltd,NSE,BUY,200,3258.51,651702.0,INTRADAY,LIMIT,EXECUTED,2026-03-23 18:35:00
TRD001170,C010,Jupiter Investments,Ishita Desai,ishita.desai@jupiter.example,Mumbai,Institutional,E006,Anaya Joshi,Derivatives,Bengaluru,ICICIBANK,ICICI Bank Ltd,NSE,BUY,25,2393.04,59826.0,INTRADAY,MARKET,EXECUTED,2026-02-08 04:37:00
TRD001171,C005,Evergreen Holdings,Rohan Iyer,rohan.iyer@evergreen.example,Chennai,HNI,E007,Reyansh Mehta,Operations,Mumbai,ULTRACEMCO,UltraTech Cement Ltd,NSE,SELL,500,3060.28,1530140.0,DELIVERY,MARKET,PARTIALLY_EXECUTED,2026-04-14 12:56:00
TRD001172,C009,Indus Prime,Karan Malhotra,karan.malhotra@indusprime.example,Kolkata,Retail,E007,Reyansh Mehta,Operations,Mumbai,AXISBANK,Axis Bank Ltd,NSE,SELL,50,235.24,11762.0,INTRADAY,MARKET,EXECUTED,2026-04-14 07:08:00
TRD001173,C007,Gateway Financial,Vikram Joshi,vikram.joshi@gateway.example,Mumbai,Institutional,E009,Arnav Rao,Risk,Mumbai,ASIANPAINT,Asian Paints Ltd,NSE,SELL,150,4033.24,604986.0,INTRADAY,LIMIT,PARTIALLY_EXECUTED,2026-02-13 07:12:00
TRD001174,C017,Quantum Securities,Nikhil Verma,nikhil.verma@quantum.example,Noida,Institutional,E009,Arnav Rao,Risk,Mumbai,INFY,Infosys Ltd,NSE,BUY,200,2962.44,592488.0,DELIVERY,MARKET,EXECUTED,2026-03-10 18:38:00
TRD001175,C017,Quantum Securities,Nikhil Verma,nikhil.verma@quantum.example,Noida,Institutional,E002,Diya Patel,Equities,Mumbai,SBIN,State Bank of India,NSE,BUY,250,3664.02,916005.0,DELIVERY,LIMIT,PARTIALLY_EXECUTED,2026-01-22 01:51:00
TRD001176,C006,Falcon Broking,Simran Kaur,simran.kaur@falcon.example,Ahmedabad,Retail,E009,Arnav Rao,Risk,Mumbai,ASIANPAINT,Asian Paints Ltd,NSE,BUY,500,1805.68,902840.0,INTRADAY,MARKET,PARTIALLY_EXECUTED,2026-01-03 01:42:00
TRD001177,C010,Jupiter Investments,Ishita Desai,ishita.desai@jupiter.example,Mumbai,Institutional,E005,Vihaan Shah,Operations,Mumbai,KOTAKBANK,Kotak Mahindra Bank Ltd,NSE,SELL,1000,3745.48,3745480.0,DELIVERY,MARKET,EXECUTED,2026-04-14 00:34:00
TRD001178,C017,Quantum Securities,Nikhil Verma,nikhil.verma@quantum.example,Noida,Institutional,E004,Ira Deshmukh,Equities,Delhi,ULTRACEMCO,UltraTech Cement Ltd,NSE,SELL,500,2572.59,1286295.0,INTRADAY,MARKET,EXECUTED,2026-03-28 07:55:00
TRD001179,C005,Evergreen Holdings,Rohan Iyer,rohan.iyer@evergreen.example,Chennai,HNI,E003,Kabir Singh,Derivatives,Pune,KOTAKBANK,Kotak Mahindra Bank Ltd,NSE,SELL,10,1392.29,13922.9,DELIVERY,LIMIT,EXECUTED,2026-02-03 00:17:00
TRD001180,C001,Apex Capital Advisors,Raj Mehta,raj.mehta@apexcapital.example,Mumbai,Institutional,E005,Vihaan Shah,Operations,Mumbai,ITC,ITC Ltd,NSE,BUY,25,2297.77,57444.25,DELIVERY,MARKET,PARTIALLY_EXECUTED,2026-03-02 15:33:00
TRD001181,C020,Trident Capital,Riya Chawla,riya.chawla@trident.example,Chandigarh,Institutional,E003,Kabir Singh,Derivatives,Pune,INFY,Infosys Ltd,NSE,SELL,500,3719.96,1859980.0,DELIVERY,MARKET,EXECUTED,2026-03-05 04:23:00
TRD001182,C010,Jupiter Investments,Ishita Desai,ishita.desai@jupiter.example,Mumbai,Institutional,E007,Reyansh Mehta,Operations,Mumbai,TCS,Tata Consultancy Services Ltd,NSE,SELL,150,2654.82,398223.0,INTRADAY,MARKET,EXECUTED,2026-03-15 19:09:00
TRD001183,C019,Summit Investments,Yash Agarwal,yash.agarwal@summit.example,Indore,Retail,E003,Kabir Singh,Derivatives,Pune,HDFCBANK,HDFC Bank Ltd,NSE,BUY,100,818.81,81881.0,DELIVERY,MARKET,PARTIALLY_EXECUTED,2026-04-13 23:55:00
TRD001184,C011,Keystone Asset Mgmt,Arjun Bhat,arjun.bhat@keystone.example,Nashik,HNI,E010,Kiara Kapoor,Operations,Pune,TCS,Tata Consultancy Services Ltd,NSE,SELL,1000,2835.86,2835860.0,DELIVERY,MARKET,EXECUTED,2026-03-28 13:35:00
TRD001185,C008,Horizon Partners,Ananya Rao,ananya.rao@horizon.example,Hyderabad,HNI,E004,Ira Deshmukh,Equities,Delhi,INFY,Infosys Ltd,NSE,BUY,50,763.23,38161.5,INTRADAY,MARKET,EXECUTED,2026-01-01 10:19:00
TRD001186,C005,Evergreen Holdings,Rohan Iyer,rohan.iyer@evergreen.example,Chennai,HNI,E009,Arnav Rao,Risk,Mumbai,ADANIENT,Adani Enterprises Ltd,NSE,SELL,250,1430.97,357742.5,DELIVERY,MARKET,PARTIALLY_EXECUTED,2026-04-02 11:25:00
TRD001187,C013,Meridian Capital,Aditya Jain,aditya.jain@meridian.example,Jaipur,Institutional,E007,Reyansh Mehta,Operations,Mumbai,ASIANPAINT,Asian Paints Ltd,NSE,SELL,100,3536.04,353604.0,DELIVERY,MARKET,EXECUTED,2026-02-28 02:07:00
TRD001188,C009,Indus Prime,Karan Malhotra,karan.malhotra@indusprime.example,Kolkata,Retail,E003,Kabir Singh,Derivatives,Pune,HCLTECH,HCL Technologies Ltd,NSE,SELL,250,2945.34,736335.0,DELIVERY,LIMIT,EXECUTED,2026-02-15 23:52:00
TRD001189,C006,Falcon Broking,Simran Kaur,simran.kaur@falcon.example,Ahmedabad,Retail,E001,Aarav Sharma,Equities,Mumbai,SUNPHARMA,Sun Pharmaceutical Industries Ltd,NSE,SELL,150,3082.74,462411.0,DELIVERY,LIMIT,EXECUTED,2026-02-09 07:16:00
TRD001190,C006,Falcon Broking,Simran Kaur,simran.kaur@falcon.example,Ahmedabad,Retail,E001,Aarav Sharma,Equities,Mumbai,ITC,ITC Ltd,NSE,SELL,150,2249.5,337425.0,INTRADAY,LIMIT,EXECUTED,2026-01-02 09:46:00
TRD001191,C012,Lotus Financial,Meera Kulkarni,meera.kulkarni@lotus.example,Pune,Retail,E005,Vihaan Shah,Operations,Mumbai,KOTAKBANK,Kotak Mahindra Bank Ltd,NSE,BUY,1000,1208.51,1208510.0,INTRADAY,LIMIT,EXECUTED,2026-02-20 10:31:00
TRD001192,C009,Indus Prime,Karan Malhotra,karan.malhotra@indusprime.example,Kolkata,Retail,E005,Vihaan Shah,Operations,Mumbai,RELIANCE,Reliance Industries Ltd,NSE,BUY,250,4188.61,1047152.5,INTRADAY,MARKET,PARTIALLY_EXECUTED,2026-03-25 02:54:00
TRD001193,C018,Riverstone Advisors,Pooja Menon,pooja.menon@riverstone.example,Kochi,HNI,E002,Diya Patel,Equities,Mumbai,RELIANCE,Reliance Industries Ltd,NSE,SELL,10,2607.17,26071.7,DELIVERY,MARKET,EXECUTED,2026-01-29 06:33:00
TRD001194,C014,Northstar Wealth,Tanya Sethi,tanya.sethi@northstar.example,Gurugram,HNI,E002,Diya Patel,Equities,Mumbai,RELIANCE,Reliance Industries Ltd,NSE,SELL,10,1378.08,13780.8,INTRADAY,MARKET,EXECUTED,2026-04-10 10:23:00
TRD001195,C011,Keystone Asset Mgmt,Arjun Bhat,arjun.bhat@keystone.example,Nashik,HNI,E006,Anaya Joshi,Derivatives,Bengaluru,SBIN,State Bank of India,NSE,SELL,500,143.31,71655.0,INTRADAY,MARKET,EXECUTED,2026-03-15 18:44:00
TRD001196,C007,Gateway Financial,Vikram Joshi,vikram.joshi@gateway.example,Mumbai,Institutional,E009,Arnav Rao,Risk,Mumbai,ICICIBANK,ICICI Bank Ltd,NSE,SELL,25,795.19,19879.75,INTRADAY,MARKET,PARTIALLY_EXECUTED,2026-01-09 11:42:00
TRD001197,C006,Falcon Broking,Simran Kaur,simran.kaur@falcon.example,Ahmedabad,Retail,E001,Aarav Sharma,Equities,Mumbai,AXISBANK,Axis Bank Ltd,NSE,SELL,500,1528.07,764035.0,INTRADAY,MARKET,PARTIALLY_EXECUTED,2026-03-04 13:04:00
TRD001198,C003,Crestline Wealth,Aman Kapoor,aman.kapoor@crestline.example,Delhi,HNI,E002,Diya Patel,Equities,Mumbai,INFY,Infosys Ltd,NSE,BUY,25,848.99,21224.75,DELIVERY,MARKET,EXECUTED,2026-01-05 01:06:00
TRD001199,C012,Lotus Financial,Meera Kulkarni,meera.kulkarni@lotus.example,Pune,Retail,E008,Myra Nair,Equities,Hyderabad,INFY,Infosys Ltd,NSE,BUY,100,3530.52,353052.0,DELIVERY,LIMIT,EXECUTED,2026-02-05 04:07:00
TRD001200,C013,Meridian Capital,Aditya Jain,aditya.jain@meridian.example,Jaipur,Institutional,E005,Vihaan Shah,Operations,Mumbai,SBIN,State Bank of India,NSE,SELL,50,2410.14,120507.0,DELIVERY,MARKET,EXECUTED,2026-03-17 17:58:00
TRD001201,C007,Gateway Financial,Vikram Joshi,vikram.joshi@gateway.example,Mumbai,Institutional,E003,Kabir Singh,Derivatives,Pune,AXISBANK,Axis Bank Ltd,NSE,SELL,250,1173.6,293400.0,INTRADAY,LIMIT,EXECUTED,2026-03-31 13:35:00
TRD001202,C017,Quantum Securities,Nikhil Verma,nikhil.verma@quantum.example,Noida,Institutional,E008,Myra Nair,Equities,Hyderabad,SBIN,State Bank of India,NSE,BUY,1000,1672.08,1672080.0,DELIVERY,LIMIT,EXECUTED,2026-04-09 07:35:00
TRD001203,C010,Jupiter Investments,Ishita Desai,ishita.desai@jupiter.example,Mumbai,Institutional,E004,Ira Deshmukh,Equities,Delhi,MARUTI,Maruti Suzuki India Ltd,NSE,SELL,25,2197.12,54928.0,INTRADAY,MARKET,PARTIALLY_EXECUTED,2026-02-08 17:54:00
TRD001204,C009,Indus Prime,Karan Malhotra,karan.malhotra@indusprime.example,Kolkata,Retail,E001,Aarav Sharma,Equities,Mumbai,HDFCBANK,HDFC Bank Ltd,NSE,BUY,250,660.34,165085.0,INTRADAY,LIMIT,EXECUTED,2026-03-01 04:25:00
TRD001205,C011,Keystone Asset Mgmt,Arjun Bhat,arjun.bhat@keystone.example,Nashik,HNI,E002,Diya Patel,Equities,Mumbai,SUNPHARMA,Sun Pharmaceutical Industries Ltd,NSE,BUY,50,1819.09,90954.5,INTRADAY,MARKET,EXECUTED,2026-03-03 07:37:00
TRD001206,C012,Lotus Financial,Meera Kulkarni,meera.kulkarni@lotus.example,Pune,Retail,E005,Vihaan Shah,Operations,Mumbai,SBIN,State Bank of India,NSE,SELL,500,851.05,425525.0,INTRADAY,LIMIT,PARTIALLY_EXECUTED,2026-01-05 08:16:00
TRD001207,C013,Meridian Capital,Aditya Jain,aditya.jain@meridian.example,Jaipur,Institutional,E008,Myra Nair,Equities,Hyderabad,LT,Larsen & Toubro Ltd,NSE,SELL,150,2557.88,383682.0,INTRADAY,LIMIT,EXECUTED,2026-03-30 05:34:00
TRD001208,C008,Horizon Partners,Ananya Rao,ananya.rao@horizon.example,Hyderabad,HNI,E009,Arnav Rao,Risk,Mumbai,HDFCBANK,HDFC Bank Ltd,NSE,SELL,200,3270.31,654062.0,DELIVERY,MARKET,EXECUTED,2026-03-15 08:09:00
TRD001209,C010,Jupiter Investments,Ishita Desai,ishita.desai@jupiter.example,Mumbai,Institutional,E010,Kiara Kapoor,Operations,Pune,KOTAKBANK,Kotak Mahindra Bank Ltd,NSE,BUY,1000,3178.86,3178860.0,INTRADAY,MARKET,EXECUTED,2026-01-25 00:45:00
TRD001210,C010,Jupiter Investments,Ishita Desai,ishita.desai@jupiter.example,Mumbai,Institutional,E003,Kabir Singh,Derivatives,Pune,SUNPHARMA,Sun Pharmaceutical Industries Ltd,NSE,SELL,200,765.38,153076.0,DELIVERY,MARKET,EXECUTED,2026-01-01 12:56:00
TRD001211,C010,Jupiter Investments,Ishita Desai,ishita.desai@jupiter.example,Mumbai,Institutional,E005,Vihaan Shah,Operations,Mumbai,INFY,Infosys Ltd,NSE,BUY,75,3614.69,271101.75,DELIVERY,MARKET,EXECUTED,2026-03-21 20:33:00
TRD001212,C018,Riverstone Advisors,Pooja Menon,pooja.menon@riverstone.example,Kochi,HNI,E006,Anaya Joshi,Derivatives,Bengaluru,TATASTEEL,Tata Steel Ltd,NSE,SELL,50,1503.49,75174.5,INTRADAY,MARKET,PARTIALLY_EXECUTED,2026-03-28 02:12:00
TRD001213,C013,Meridian Capital,Aditya Jain,aditya.jain@meridian.example,Jaipur,Institutional,E008,Myra Nair,Equities,Hyderabad,LT,Larsen & Toubro Ltd,NSE,BUY,200,613.79,122758.0,INTRADAY,LIMIT,EXECUTED,2026-01-25 16:38:00
TRD001214,C014,Northstar Wealth,Tanya Sethi,tanya.sethi@northstar.example,Gurugram,HNI,E010,Kiara Kapoor,Operations,Pune,BHARTIARTL,Bharti Airtel Ltd,NSE,BUY,150,2094.39,314158.5,DELIVERY,MARKET,EXECUTED,2026-01-06 06:45:00
TRD001215,C012,Lotus Financial,Meera Kulkarni,meera.kulkarni@lotus.example,Pune,Retail,E006,Anaya Joshi,Derivatives,Bengaluru,MARUTI,Maruti Suzuki India Ltd,NSE,BUY,1000,2550.59,2550590.0,DELIVERY,MARKET,EXECUTED,2026-03-14 20:55:00
TRD001216,C016,Pinnacle Finance,Sara Fernandes,sara.fernandes@pinnacle.example,Goa,HNI,E004,Ira Deshmukh,Equities,Delhi,RELIANCE,Reliance Industries Ltd,NSE,BUY,100,1876.67,187667.0,INTRADAY,MARKET,PARTIALLY_EXECUTED,2026-03-04 04:55:00
TRD001217,C005,Evergreen Holdings,Rohan Iyer,rohan.iyer@evergreen.example,Chennai,HNI,E005,Vihaan Shah,Operations,Mumbai,AXISBANK,Axis Bank Ltd,NSE,SELL,250,228.31,57077.5,DELIVERY,MARKET,PARTIALLY_EXECUTED,2026-03-19 03:50:00
TRD001218,C017,Quantum Securities,Nikhil Verma,nikhil.verma@quantum.example,Noida,Institutional,E002,Diya Patel,Equities,Mumbai,ADANIENT,Adani Enterprises Ltd,NSE,BUY,150,2908.16,436224.0,INTRADAY,MARKET,EXECUTED,2026-01-19 20:17:00
TRD001219,C011,Keystone Asset Mgmt,Arjun Bhat,arjun.bhat@keystone.example,Nashik,HNI,E003,Kabir Singh,Derivatives,Pune,TCS,Tata Consultancy Services Ltd,NSE,SELL,250,132.69,33172.5,INTRADAY,MARKET,EXECUTED,2026-03-15 12:19:00
TRD001220,C014,Northstar Wealth,Tanya Sethi,tanya.sethi@northstar.example,Gurugram,HNI,E005,Vihaan Shah,Operations,Mumbai,HDFCBANK,HDFC Bank Ltd,NSE,SELL,500,1619.18,809590.0,INTRADAY,LIMIT,EXECUTED,2026-03-28 14:12:00
TRD001221,C006,Falcon Broking,Simran Kaur,simran.kaur@falcon.example,Ahmedabad,Retail,E007,Reyansh Mehta,Operations,Mumbai,BAJFINANCE,Bajaj Finance Ltd,NSE,SELL,25,703.84,17596.0,INTRADAY,MARKET,PARTIALLY_EXECUTED,2026-03-03 18:07:00
TRD001222,C014,Northstar Wealth,Tanya Sethi,tanya.sethi@northstar.example,Gurugram,HNI,E001,Aarav Sharma,Equities,Mumbai,ADANIENT,Adani Enterprises Ltd,NSE,SELL,10,585.18,5851.8,INTRADAY,LIMIT,EXECUTED,2026-03-31 12:26:00
TRD001223,C020,Trident Capital,Riya Chawla,riya.chawla@trident.example,Chandigarh,Institutional,E006,Anaya Joshi,Derivatives,Bengaluru,WIPRO,Wipro Ltd,NSE,SELL,150,2862.61,429391.5,INTRADAY,MARKET,EXECUTED,2026-01-05 16:03:00
TRD001224,C012,Lotus Financial,Meera Kulkarni,meera.kulkarni@lotus.example,Pune,Retail,E007,Reyansh Mehta,Operations,Mumbai,TATASTEEL,Tata Steel Ltd,NSE,SELL,150,1309.97,196495.5,DELIVERY,LIMIT,EXECUTED,2026-01-07 20:51:00
TRD001225,C018,Riverstone Advisors,Pooja Menon,pooja.menon@riverstone.example,Kochi,HNI,E007,Reyansh Mehta,Operations,Mumbai,LT,Larsen & Toubro Ltd,NSE,BUY,25,2286.46,57161.5,DELIVERY,LIMIT,PARTIALLY_EXECUTED,2026-01-24 07:59:00
TRD001226,C009,Indus Prime,Karan Malhotra,karan.malhotra@indusprime.example,Kolkata,Retail,E006,Anaya Joshi,Derivatives,Bengaluru,ADANIENT,Adani Enterprises Ltd,NSE,BUY,500,2426.72,1213360.0,DELIVERY,LIMIT,EXECUTED,2026-01-08 18:48:00
TRD001227,C002,BlueRock Investments,Neha Shah,neha.shah@bluerock.example,Pune,Institutional,E003,Kabir Singh,Derivatives,Pune,ULTRACEMCO,UltraTech Cement Ltd,NSE,BUY,200,2194.48,438896.0,INTRADAY,LIMIT,PARTIALLY_EXECUTED,2026-01-15 17:22:00
TRD001228,C013,Meridian Capital,Aditya Jain,aditya.jain@meridian.example,Jaipur,Institutional,E001,Aarav Sharma,Equities,Mumbai,SBIN,State Bank of India,NSE,SELL,25,3528.65,88216.25,DELIVERY,MARKET,EXECUTED,2026-03-21 06:57:00
TRD001229,C010,Jupiter Investments,Ishita Desai,ishita.desai@jupiter.example,Mumbai,Institutional,E010,Kiara Kapoor,Operations,Pune,KOTAKBANK,Kotak Mahindra Bank Ltd,NSE,BUY,10,1624.98,16249.8,DELIVERY,LIMIT,EXECUTED,2026-03-28 11:27:00
TRD001230,C006,Falcon Broking,Simran Kaur,simran.kaur@falcon.example,Ahmedabad,Retail,E005,Vihaan Shah,Operations,Mumbai,KOTAKBANK,Kotak Mahindra Bank Ltd,NSE,BUY,1000,1725.53,1725530.0,INTRADAY,LIMIT,EXECUTED,2026-02-03 09:11:00
TRD001231,C014,Northstar Wealth,Tanya Sethi,tanya.sethi@northstar.example,Gurugram,HNI,E004,Ira Deshmukh,Equities,Delhi,TATASTEEL,Tata Steel Ltd,NSE,SELL,50,1215.67,60783.5,INTRADAY,MARKET,EXECUTED,2026-03-26 13:41:00
TRD001232,C008,Horizon Partners,Ananya Rao,ananya.rao@horizon.example,Hyderabad,HNI,E001,Aarav Sharma,Equities,Mumbai,MARUTI,Maruti Suzuki India Ltd,NSE,BUY,25,2600.85,65021.25,INTRADAY,LIMIT,PARTIALLY_EXECUTED,2026-03-26 05:50:00
TRD001233,C016,Pinnacle Finance,Sara Fernandes,sara.fernandes@pinnacle.example,Goa,HNI,E009,Arnav Rao,Risk,Mumbai,TATASTEEL,Tata Steel Ltd,NSE,SELL,150,1400.33,210049.5,DELIVERY,LIMIT,PARTIALLY_EXECUTED,2026-03-23 06:47:00
TRD001234,C007,Gateway Financial,Vikram Joshi,vikram.joshi@gateway.example,Mumbai,Institutional,E009,Arnav Rao,Risk,Mumbai,SBIN,State Bank of India,NSE,SELL,100,1743.09,174309.0,DELIVERY,LIMIT,EXECUTED,2026-04-15 09:21:00
TRD001235,C003,Crestline Wealth,Aman Kapoor,aman.kapoor@crestline.example,Delhi,HNI,E004,Ira Deshmukh,Equities,Delhi,KOTAKBANK,Kotak Mahindra Bank Ltd,NSE,SELL,100,1285.85,128585.0,INTRADAY,LIMIT,EXECUTED,2026-02-27 18:58:00
TRD001236,C005,Evergreen Holdings,Rohan Iyer,rohan.iyer@evergreen.example,Chennai,HNI,E010,Kiara Kapoor,Operations,Pune,TCS,Tata Consultancy Services Ltd,NSE,BUY,1000,1531.94,1531940.0,INTRADAY,MARKET,EXECUTED,2026-03-20 22:38:00
TRD001237,C018,Riverstone Advisors,Pooja Menon,pooja.menon@riverstone.example,Kochi,HNI,E008,Myra Nair,Equities,Hyderabad,LT,Larsen & Toubro Ltd,NSE,SELL,500,626.93,313465.0,DELIVERY,LIMIT,EXECUTED,2026-01-23 20:48:00
TRD001238,C007,Gateway Financial,Vikram Joshi,vikram.joshi@gateway.example,Mumbai,Institutional,E002,Diya Patel,Equities,Mumbai,TCS,Tata Consultancy Services Ltd,NSE,SELL,50,3644.04,182202.0,INTRADAY,LIMIT,EXECUTED,2026-03-15 09:45:00
TRD001239,C014,Northstar Wealth,Tanya Sethi,tanya.sethi@northstar.example,Gurugram,HNI,E010,Kiara Kapoor,Operations,Pune,WIPRO,Wipro Ltd,NSE,SELL,150,2678.58,401787.0,INTRADAY,MARKET,PARTIALLY_EXECUTED,2026-02-28 05:37:00
TRD001240,C016,Pinnacle Finance,Sara Fernandes,sara.fernandes@pinnacle.example,Goa,HNI,E008,Myra Nair,Equities,Hyderabad,AXISBANK,Axis Bank Ltd,NSE,SELL,50,3886.89,194344.5,INTRADAY,LIMIT,EXECUTED,2026-02-02 17:18:00
TRD001241,C018,Riverstone Advisors,Pooja Menon,pooja.menon@riverstone.example,Kochi,HNI,E006,Anaya Joshi,Derivatives,Bengaluru,ADANIENT,Adani Enterprises Ltd,NSE,BUY,25,1662.5,41562.5,INTRADAY,LIMIT,EXECUTED,2026-03-18 11:57:00
TRD001242,C001,Apex Capital Advisors,Raj Mehta,raj.mehta@apexcapital.example,Mumbai,Institutional,E010,Kiara Kapoor,Operations,Pune,LT,Larsen & Toubro Ltd,NSE,BUY,1000,2635.97,2635970.0,INTRADAY,MARKET,EXECUTED,2026-01-16 00:59:00
TRD001243,C020,Trident Capital,Riya Chawla,riya.chawla@trident.example,Chandigarh,Institutional,E004,Ira Deshmukh,Equities,Delhi,SBIN,State Bank of India,NSE,SELL,25,4001.85,100046.25,INTRADAY,MARKET,EXECUTED,2026-01-05 12:30:00
TRD001244,C015,Orion Broking,Dev Patel,dev.patel@orion.example,Surat,Retail,E006,Anaya Joshi,Derivatives,Bengaluru,LT,Larsen & Toubro Ltd,NSE,BUY,250,3941.33,985332.5,INTRADAY,MARKET,EXECUTED,2026-02-06 18:07:00
TRD001245,C003,Crestline Wealth,Aman Kapoor,aman.kapoor@crestline.example,Delhi,HNI,E001,Aarav Sharma,Equities,Mumbai,ITC,ITC Ltd,NSE,SELL,250,1093.37,273342.5,DELIVERY,MARKET,PARTIALLY_EXECUTED,2026-03-23 03:36:00
TRD001246,C017,Quantum Securities,Nikhil Verma,nikhil.verma@quantum.example,Noida,Institutional,E002,Diya Patel,Equities,Mumbai,ULTRACEMCO,UltraTech Cement Ltd,NSE,SELL,50,1092.61,54630.5,DELIVERY,MARKET,PARTIALLY_EXECUTED,2026-01-14 02:23:00
TRD001247,C017,Quantum Securities,Nikhil Verma,nikhil.verma@quantum.example,Noida,Institutional,E008,Myra Nair,Equities,Hyderabad,BHARTIARTL,Bharti Airtel Ltd,NSE,BUY,200,4025.42,805084.0,DELIVERY,MARKET,PARTIALLY_EXECUTED,2026-04-09 04:55:00
TRD001248,C016,Pinnacle Finance,Sara Fernandes,sara.fernandes@pinnacle.example,Goa,HNI,E001,Aarav Sharma,Equities,Mumbai,AXISBANK,Axis Bank Ltd,NSE,SELL,10,1580.28,15802.8,INTRADAY,LIMIT,EXECUTED,2026-04-04 12:17:00
TRD001249,C004,Delta Securities,Priya Nair,priya.nair@delta.example,Bengaluru,Institutional,E003,Kabir Singh,Derivatives,Pune,WIPRO,Wipro Ltd,NSE,BUY,50,1593.0,79650.0,DELIVERY,MARKET,PARTIALLY_EXECUTED,2026-03-04 06:00:00
TRD001250,C007,Gateway Financial,Vikram Joshi,vikram.joshi@gateway.example,Mumbai,Institutional,E005,Vihaan Shah,Operations,Mumbai,HDFCBANK,HDFC Bank Ltd,NSE,SELL,25,1970.67,49266.75,DELIVERY,LIMIT,EXECUTED,2026-03-31 20:58:00
TRD001251,C010,Jupiter Investments,Ishita Desai,ishita.desai@jupiter.example,Mumbai,Institutional,E008,Myra Nair,Equities,Hyderabad,MARUTI,Maruti Suzuki India Ltd,NSE,SELL,100,2423.27,242327.0,DELIVERY,MARKET,EXECUTED,2026-01-07 21:25:00
TRD001252,C001,Apex Capital Advisors,Raj Mehta,raj.mehta@apexcapital.example,Mumbai,Institutional,E004,Ira Deshmukh,Equities,Delhi,SUNPHARMA,Sun Pharmaceutical Industries Ltd,NSE,SELL,100,1346.92,134692.0,INTRADAY,LIMIT,PARTIALLY_EXECUTED,2026-01-30 04:53:00
TRD001253,C010,Jupiter Investments,Ishita Desai,ishita.desai@jupiter.example,Mumbai,Institutional,E003,Kabir Singh,Derivatives,Pune,ICICIBANK,ICICI Bank Ltd,NSE,BUY,1000,1287.95,1287950.0,INTRADAY,MARKET,EXECUTED,2026-03-12 07:57:00
TRD001254,C007,Gateway Financial,Vikram Joshi,vikram.joshi@gateway.example,Mumbai,Institutional,E010,Kiara Kapoor,Operations,Pune,AXISBANK,Axis Bank Ltd,NSE,BUY,1000,134.65,134650.0,INTRADAY,LIMIT,EXECUTED,2026-03-08 16:17:00
TRD001255,C012,Lotus Financial,Meera Kulkarni,meera.kulkarni@lotus.example,Pune,Retail,E003,Kabir Singh,Derivatives,Pune,TCS,Tata Consultancy Services Ltd,NSE,SELL,500,1625.5,812750.0,DELIVERY,LIMIT,EXECUTED,2026-03-30 17:19:00
TRD001256,C016,Pinnacle Finance,Sara Fernandes,sara.fernandes@pinnacle.example,Goa,HNI,E007,Reyansh Mehta,Operations,Mumbai,TATASTEEL,Tata Steel Ltd,NSE,BUY,150,1010.16,151524.0,DELIVERY,MARKET,EXECUTED,2026-02-07 23:09:00
TRD001257,C020,Trident Capital,Riya Chawla,riya.chawla@trident.example,Chandigarh,Institutional,E002,Diya Patel,Equities,Mumbai,ITC,ITC Ltd,NSE,SELL,250,1975.11,493777.5,DELIVERY,MARKET,EXECUTED,2026-01-03 14:33:00
TRD001258,C002,BlueRock Investments,Neha Shah,neha.shah@bluerock.example,Pune,Institutional,E007,Reyansh Mehta,Operations,Mumbai,HDFCBANK,HDFC Bank Ltd,NSE,SELL,500,361.52,180760.0,DELIVERY,MARKET,PARTIALLY_EXECUTED,2026-04-12 02:35:00
TRD001259,C019,Summit Investments,Yash Agarwal,yash.agarwal@summit.example,Indore,Retail,E009,Arnav Rao,Risk,Mumbai,LT,Larsen & Toubro Ltd,NSE,BUY,100,3365.77,336577.0,DELIVERY,MARKET,PARTIALLY_EXECUTED,2026-02-03 15:24:00
TRD001260,C006,Falcon Broking,Simran Kaur,simran.kaur@falcon.example,Ahmedabad,Retail,E001,Aarav Sharma,Equities,Mumbai,ULTRACEMCO,UltraTech Cement Ltd,NSE,SELL,500,1226.82,613410.0,DELIVERY,MARKET,EXECUTED,2026-02-04 23:26:00
TRD001261,C002,BlueRock Investments,Neha Shah,neha.shah@bluerock.example,Pune,Institutional,E004,Ira Deshmukh,Equities,Delhi,LT,Larsen & Toubro Ltd,NSE,BUY,1000,3219.32,3219320.0,INTRADAY,MARKET,EXECUTED,2026-03-29 06:31:00
TRD001262,C011,Keystone Asset Mgmt,Arjun Bhat,arjun.bhat@keystone.example,Nashik,HNI,E002,Diya Patel,Equities,Mumbai,ITC,ITC Ltd,NSE,SELL,25,1903.41,47585.25,DELIVERY,MARKET,EXECUTED,2026-03-29 01:04:00
TRD001263,C020,Trident Capital,Riya Chawla,riya.chawla@trident.example,Chandigarh,Institutional,E008,Myra Nair,Equities,Hyderabad,AXISBANK,Axis Bank Ltd,NSE,BUY,1000,1853.44,1853440.0,INTRADAY,MARKET,PARTIALLY_EXECUTED,2026-01-21 16:30:00
TRD001264,C001,Apex Capital Advisors,Raj Mehta,raj.mehta@apexcapital.example,Mumbai,Institutional,E005,Vihaan Shah,Operations,Mumbai,HCLTECH,HCL Technologies Ltd,NSE,SELL,250,2682.09,670522.5,INTRADAY,LIMIT,EXECUTED,2026-03-02 05:05:00
TRD001265,C009,Indus Prime,Karan Malhotra,karan.malhotra@indusprime.example,Kolkata,Retail,E009,Arnav Rao,Risk,Mumbai,LT,Larsen & Toubro Ltd,NSE,SELL,100,2874.32,287432.0,INTRADAY,LIMIT,EXECUTED,2026-04-02 23:09:00
TRD001266,C006,Falcon Broking,Simran Kaur,simran.kaur@falcon.example,Ahmedabad,Retail,E008,Myra Nair,Equities,Hyderabad,TATASTEEL,Tata Steel Ltd,NSE,SELL,500,2021.13,1010565.0,DELIVERY,MARKET,PARTIALLY_EXECUTED,2026-01-31 01:58:00
TRD001267,C010,Jupiter Investments,Ishita Desai,ishita.desai@jupiter.example,Mumbai,Institutional,E002,Diya Patel,Equities,Mumbai,ADANIENT,Adani Enterprises Ltd,NSE,SELL,500,3469.82,1734910.0,DELIVERY,MARKET,EXECUTED,2026-02-05 15:04:00
TRD001268,C010,Jupiter Investments,Ishita Desai,ishita.desai@jupiter.example,Mumbai,Institutional,E009,Arnav Rao,Risk,Mumbai,AXISBANK,Axis Bank Ltd,NSE,SELL,500,2026.77,1013385.0,DELIVERY,MARKET,EXECUTED,2026-02-25 00:14:00
TRD001269,C006,Falcon Broking,Simran Kaur,simran.kaur@falcon.example,Ahmedabad,Retail,E004,Ira Deshmukh,Equities,Delhi,BHARTIARTL,Bharti Airtel Ltd,NSE,BUY,50,2595.66,129783.0,INTRADAY,LIMIT,PARTIALLY_EXECUTED,2026-01-29 23:46:00
TRD001270,C009,Indus Prime,Karan Malhotra,karan.malhotra@indusprime.example,Kolkata,Retail,E004,Ira Deshmukh,Equities,Delhi,WIPRO,Wipro Ltd,NSE,SELL,100,1610.81,161081.0,INTRADAY,LIMIT,EXECUTED,2026-02-26 03:11:00
TRD001271,C015,Orion Broking,Dev Patel,dev.patel@orion.example,Surat,Retail,E005,Vihaan Shah,Operations,Mumbai,HCLTECH,HCL Technologies Ltd,NSE,SELL,200,108.34,21668.0,DELIVERY,LIMIT,EXECUTED,2026-03-15 22:42:00
TRD001272,C005,Evergreen Holdings,Rohan Iyer,rohan.iyer@evergreen.example,Chennai,HNI,E008,Myra Nair,Equities,Hyderabad,WIPRO,Wipro Ltd,NSE,BUY,75,943.43,70757.25,INTRADAY,LIMIT,EXECUTED,2026-02-16 23:25:00
TRD001273,C011,Keystone Asset Mgmt,Arjun Bhat,arjun.bhat@keystone.example,Nashik,HNI,E007,Reyansh Mehta,Operations,Mumbai,BHARTIARTL,Bharti Airtel Ltd,NSE,SELL,500,2389.29,1194645.0,DELIVERY,LIMIT,EXECUTED,2026-02-06 16:40:00
TRD001274,C004,Delta Securities,Priya Nair,priya.nair@delta.example,Bengaluru,Institutional,E002,Diya Patel,Equities,Mumbai,LT,Larsen & Toubro Ltd,NSE,BUY,150,3059.52,458928.0,DELIVERY,LIMIT,PARTIALLY_EXECUTED,2026-03-27 22:09:00
TRD001275,C008,Horizon Partners,Ananya Rao,ananya.rao@horizon.example,Hyderabad,HNI,E005,Vihaan Shah,Operations,Mumbai,ULTRACEMCO,UltraTech Cement Ltd,NSE,SELL,10,502.43,5024.3,INTRADAY,LIMIT,PARTIALLY_EXECUTED,2026-03-04 18:29:00
TRD001276,C010,Jupiter Investments,Ishita Desai,ishita.desai@jupiter.example,Mumbai,Institutional,E002,Diya Patel,Equities,Mumbai,ASIANPAINT,Asian Paints Ltd,NSE,BUY,25,1420.5,35512.5,DELIVERY,MARKET,EXECUTED,2026-03-17 17:04:00
TRD001277,C019,Summit Investments,Yash Agarwal,yash.agarwal@summit.example,Indore,Retail,E004,Ira Deshmukh,Equities,Delhi,BAJFINANCE,Bajaj Finance Ltd,NSE,BUY,250,1094.11,273527.5,INTRADAY,LIMIT,EXECUTED,2026-04-10 21:19:00
TRD001278,C005,Evergreen Holdings,Rohan Iyer,rohan.iyer@evergreen.example,Chennai,HNI,E002,Diya Patel,Equities,Mumbai,MARUTI,Maruti Suzuki India Ltd,NSE,SELL,250,3160.03,790007.5,DELIVERY,LIMIT,PARTIALLY_EXECUTED,2026-02-09 11:46:00
TRD001279,C008,Horizon Partners,Ananya Rao,ananya.rao@horizon.example,Hyderabad,HNI,E008,Myra Nair,Equities,Hyderabad,SUNPHARMA,Sun Pharmaceutical Industries Ltd,NSE,SELL,75,2873.61,215520.75,INTRADAY,MARKET,EXECUTED,2026-02-17 12:57:00
TRD001280,C004,Delta Securities,Priya Nair,priya.nair@delta.example,Bengaluru,Institutional,E007,Reyansh Mehta,Operations,Mumbai,HCLTECH,HCL Technologies Ltd,NSE,SELL,250,3369.17,842292.5,DELIVERY,LIMIT,EXECUTED,2026-04-07 13:51:00
TRD001281,C019,Summit Investments,Yash Agarwal,yash.agarwal@summit.example,Indore,Retail,E007,Reyansh Mehta,Operations,Mumbai,RELIANCE,Reliance Industries Ltd,NSE,SELL,500,2109.62,1054810.0,DELIVERY,MARKET,EXECUTED,2026-03-03 03:26:00
TRD001282,C018,Riverstone Advisors,Pooja Menon,pooja.menon@riverstone.example,Kochi,HNI,E002,Diya Patel,Equities,Mumbai,BAJFINANCE,Bajaj Finance Ltd,NSE,BUY,500,3567.52,1783760.0,INTRADAY,MARKET,EXECUTED,2026-01-17 08:32:00
TRD001283,C014,Northstar Wealth,Tanya Sethi,tanya.sethi@northstar.example,Gurugram,HNI,E005,Vihaan Shah,Operations,Mumbai,ADANIENT,Adani Enterprises Ltd,NSE,SELL,50,2761.58,138079.0,DELIVERY,LIMIT,PARTIALLY_EXECUTED,2026-01-14 16:18:00
TRD001284,C017,Quantum Securities,Nikhil Verma,nikhil.verma@quantum.example,Noida,Institutional,E007,Reyansh Mehta,Operations,Mumbai,TATASTEEL,Tata Steel Ltd,NSE,SELL,1000,1294.04,1294040.0,DELIVERY,MARKET,EXECUTED,2026-03-13 08:57:00
TRD001285,C011,Keystone Asset Mgmt,Arjun Bhat,arjun.bhat@keystone.example,Nashik,HNI,E007,Reyansh Mehta,Operations,Mumbai,ICICIBANK,ICICI Bank Ltd,NSE,SELL,75,2489.71,186728.25,INTRADAY,MARKET,EXECUTED,2026-03-01 20:16:00
TRD001286,C019,Summit Investments,Yash Agarwal,yash.agarwal@summit.example,Indore,Retail,E003,Kabir Singh,Derivatives,Pune,ITC,ITC Ltd,NSE,BUY,75,1354.4,101580.0,DELIVERY,MARKET,EXECUTED,2026-01-19 18:04:00
TRD001287,C018,Riverstone Advisors,Pooja Menon,pooja.menon@riverstone.example,Kochi,HNI,E006,Anaya Joshi,Derivatives,Bengaluru,INFY,Infosys Ltd,NSE,SELL,150,3905.64,585846.0,DELIVERY,LIMIT,EXECUTED,2026-02-08 09:32:00
TRD001288,C014,Northstar Wealth,Tanya Sethi,tanya.sethi@northstar.example,Gurugram,HNI,E005,Vihaan Shah,Operations,Mumbai,LT,Larsen & Toubro Ltd,NSE,BUY,150,197.32,29598.0,DELIVERY,LIMIT,EXECUTED,2026-03-22 10:04:00
TRD001289,C015,Orion Broking,Dev Patel,dev.patel@orion.example,Surat,Retail,E004,Ira Deshmukh,Equities,Delhi,BHARTIARTL,Bharti Airtel Ltd,NSE,BUY,250,1889.62,472405.0,DELIVERY,LIMIT,EXECUTED,2026-02-06 13:06:00
TRD001290,C003,Crestline Wealth,Aman Kapoor,aman.kapoor@crestline.example,Delhi,HNI,E003,Kabir Singh,Derivatives,Pune,KOTAKBANK,Kotak Mahindra Bank Ltd,NSE,BUY,50,3198.44,159922.0,INTRADAY,LIMIT,EXECUTED,2026-01-23 07:06:00
TRD001291,C014,Northstar Wealth,Tanya Sethi,tanya.sethi@northstar.example,Gurugram,HNI,E004,Ira Deshmukh,Equities,Delhi,ITC,ITC Ltd,NSE,BUY,500,1565.82,782910.0,DELIVERY,LIMIT,EXECUTED,2026-02-16 20:36:00
TRD001292,C001,Apex Capital Advisors,Raj Mehta,raj.mehta@apexcapital.example,Mumbai,Institutional,E007,Reyansh Mehta,Operations,Mumbai,HCLTECH,HCL Technologies Ltd,NSE,SELL,25,1544.51,38612.75,DELIVERY,LIMIT,EXECUTED,2026-02-26 19:34:00
TRD001293,C008,Horizon Partners,Ananya Rao,ananya.rao@horizon.example,Hyderabad,HNI,E002,Diya Patel,Equities,Mumbai,BHARTIARTL,Bharti Airtel Ltd,NSE,SELL,10,3999.64,39996.4,INTRADAY,MARKET,EXECUTED,2026-02-20 09:30:00
TRD001294,C008,Horizon Partners,Ananya Rao,ananya.rao@horizon.example,Hyderabad,HNI,E003,Kabir Singh,Derivatives,Pune,TCS,Tata Consultancy Services Ltd,NSE,BUY,50,2219.13,110956.5,INTRADAY,MARKET,EXECUTED,2026-01-26 21:52:00
TRD001295,C020,Trident Capital,Riya Chawla,riya.chawla@trident.example,Chandigarh,Institutional,E004,Ira Deshmukh,Equities,Delhi,AXISBANK,Axis Bank Ltd,NSE,SELL,1000,1792.22,1792220.0,INTRADAY,MARKET,EXECUTED,2026-01-30 01:18:00
TRD001296,C017,Quantum Securities,Nikhil Verma,nikhil.verma@quantum.example,Noida,Institutional,E003,Kabir Singh,Derivatives,Pune,SBIN,State Bank of India,NSE,SELL,25,3321.68,83042.0,INTRADAY,MARKET,EXECUTED,2026-01-06 20:14:00
TRD001297,C013,Meridian Capital,Aditya Jain,aditya.jain@meridian.example,Jaipur,Institutional,E006,Anaya Joshi,Derivatives,Bengaluru,WIPRO,Wipro Ltd,NSE,SELL,10,3308.15,33081.5,DELIVERY,LIMIT,EXECUTED,2026-03-02 17:57:00
TRD001298,C005,Evergreen Holdings,Rohan Iyer,rohan.iyer@evergreen.example,Chennai,HNI,E007,Reyansh Mehta,Operations,Mumbai,RELIANCE,Reliance Industries Ltd,NSE,SELL,1000,3058.18,3058180.0,DELIVERY,MARKET,EXECUTED,2026-02-01 06:51:00
TRD001299,C012,Lotus Financial,Meera Kulkarni,meera.kulkarni@lotus.example,Pune,Retail,E004,Ira Deshmukh,Equities,Delhi,INFY,Infosys Ltd,NSE,SELL,25,547.57,13689.25,INTRADAY,LIMIT,PARTIALLY_EXECUTED,2026-03-28 23:34:00
TRD001300,C005,Evergreen Holdings,Rohan Iyer,rohan.iyer@evergreen.example,Chennai,HNI,E010,Kiara Kapoor,Operations,Pune,TATASTEEL,Tata Steel Ltd,NSE,SELL,250,2016.94,504235.0,DELIVERY,LIMIT,EXECUTED,2026-02-17 03:29:00
TRD001301,C020,Trident Capital,Riya Chawla,riya.chawla@trident.example,Chandigarh,Institutional,E002,Diya Patel,Equities,Mumbai,ASIANPAINT,Asian Paints Ltd,NSE,SELL,1000,892.72,892720.0,DELIVERY,MARKET,EXECUTED,2026-02-10 07:26:00
TRD001302,C003,Crestline Wealth,Aman Kapoor,aman.kapoor@crestline.example,Delhi,HNI,E002,Diya Patel,Equities,Mumbai,BHARTIARTL,Bharti Airtel Ltd,NSE,SELL,1000,518.01,518010.0,INTRADAY,MARKET,EXECUTED,2026-02-11 13:38:00
TRD001303,C011,Keystone Asset Mgmt,Arjun Bhat,arjun.bhat@keystone.example,Nashik,HNI,E008,Myra Nair,Equities,Hyderabad,TCS,Tata Consultancy Services Ltd,NSE,SELL,50,1434.49,71724.5,DELIVERY,MARKET,PARTIALLY_EXECUTED,2026-03-10 14:38:00
TRD001304,C002,BlueRock Investments,Neha Shah,neha.shah@bluerock.example,Pune,Institutional,E004,Ira Deshmukh,Equities,Delhi,SBIN,State Bank of India,NSE,BUY,50,2696.51,134825.5,DELIVERY,LIMIT,EXECUTED,2026-02-13 16:20:00
TRD001305,C001,Apex Capital Advisors,Raj Mehta,raj.mehta@apexcapital.example,Mumbai,Institutional,E010,Kiara Kapoor,Operations,Pune,ASIANPAINT,Asian Paints Ltd,NSE,SELL,150,857.58,128637.0,INTRADAY,MARKET,PARTIALLY_EXECUTED,2026-03-16 05:35:00
TRD001306,C020,Trident Capital,Riya Chawla,riya.chawla@trident.example,Chandigarh,Institutional,E005,Vihaan Shah,Operations,Mumbai,BAJFINANCE,Bajaj Finance Ltd,NSE,SELL,25,3150.51,78762.75,INTRADAY,LIMIT,EXECUTED,2026-04-05 01:05:00
TRD001307,C009,Indus Prime,Karan Malhotra,karan.malhotra@indusprime.example,Kolkata,Retail,E006,Anaya Joshi,Derivatives,Bengaluru,ASIANPAINT,Asian Paints Ltd,NSE,SELL,25,2833.87,70846.75,INTRADAY,MARKET,EXECUTED,2026-03-04 17:06:00
TRD001308,C014,Northstar Wealth,Tanya Sethi,tanya.sethi@northstar.example,Gurugram,HNI,E001,Aarav Sharma,Equities,Mumbai,BAJFINANCE,Bajaj Finance Ltd,NSE,BUY,25,1019.62,25490.5,DELIVERY,MARKET,EXECUTED,2026-03-25 15:48:00
TRD001309,C005,Evergreen Holdings,Rohan Iyer,rohan.iyer@evergreen.example,Chennai,HNI,E006,Anaya Joshi,Derivatives,Bengaluru,AXISBANK,Axis Bank Ltd,NSE,SELL,200,2361.82,472364.0,DELIVERY,LIMIT,EXECUTED,2026-01-16 11:44:00
TRD001310,C005,Evergreen Holdings,Rohan Iyer,rohan.iyer@evergreen.example,Chennai,HNI,E004,Ira Deshmukh,Equities,Delhi,TATASTEEL,Tata Steel Ltd,NSE,BUY,150,2247.74,337161.0,DELIVERY,LIMIT,EXECUTED,2026-01-29 00:20:00
TRD001311,C017,Quantum Securities,Nikhil Verma,nikhil.verma@quantum.example,Noida,Institutional,E003,Kabir Singh,Derivatives,Pune,SUNPHARMA,Sun Pharmaceutical Industries Ltd,NSE,BUY,25,2884.83,72120.75,DELIVERY,LIMIT,EXECUTED,2026-02-11 13:47:00
TRD001312,C009,Indus Prime,Karan Malhotra,karan.malhotra@indusprime.example,Kolkata,Retail,E001,Aarav Sharma,Equities,Mumbai,BHARTIARTL,Bharti Airtel Ltd,NSE,SELL,200,3792.44,758488.0,INTRADAY,LIMIT,EXECUTED,2026-03-19 01:46:00
TRD001313,C005,Evergreen Holdings,Rohan Iyer,rohan.iyer@evergreen.example,Chennai,HNI,E005,Vihaan Shah,Operations,Mumbai,TATASTEEL,Tata Steel Ltd,NSE,BUY,100,2999.82,299982.0,DELIVERY,MARKET,EXECUTED,2026-02-27 02:40:00
TRD001314,C014,Northstar Wealth,Tanya Sethi,tanya.sethi@northstar.example,Gurugram,HNI,E003,Kabir Singh,Derivatives,Pune,ICICIBANK,ICICI Bank Ltd,NSE,SELL,50,3231.3,161565.0,INTRADAY,MARKET,PARTIALLY_EXECUTED,2026-02-14 12:35:00
TRD001315,C013,Meridian Capital,Aditya Jain,aditya.jain@meridian.example,Jaipur,Institutional,E010,Kiara Kapoor,Operations,Pune,ITC,ITC Ltd,NSE,BUY,150,375.24,56286.0,DELIVERY,LIMIT,EXECUTED,2026-02-20 16:03:00
TRD001316,C019,Summit Investments,Yash Agarwal,yash.agarwal@summit.example,Indore,Retail,E003,Kabir Singh,Derivatives,Pune,ITC,ITC Ltd,NSE,SELL,50,2851.26,142563.0,DELIVERY,MARKET,EXECUTED,2026-03-01 23:59:00
TRD001317,C017,Quantum Securities,Nikhil Verma,nikhil.verma@quantum.example,Noida,Institutional,E002,Diya Patel,Equities,Mumbai,ULTRACEMCO,UltraTech Cement Ltd,NSE,SELL,75,2802.63,210197.25,DELIVERY,LIMIT,EXECUTED,2026-02-24 18:49:00
TRD001318,C003,Crestline Wealth,Aman Kapoor,aman.kapoor@crestline.example,Delhi,HNI,E006,Anaya Joshi,Derivatives,Bengaluru,WIPRO,Wipro Ltd,NSE,BUY,200,3533.28,706656.0,DELIVERY,LIMIT,PARTIALLY_EXECUTED,2026-02-16 21:20:00
TRD001319,C019,Summit Investments,Yash Agarwal,yash.agarwal@summit.example,Indore,Retail,E003,Kabir Singh,Derivatives,Pune,ASIANPAINT,Asian Paints Ltd,NSE,SELL,75,2236.48,167736.0,INTRADAY,MARKET,PARTIALLY_EXECUTED,2026-01-17 12:13:00
TRD001320,C014,Northstar Wealth,Tanya Sethi,tanya.sethi@northstar.example,Gurugram,HNI,E007,Reyansh Mehta,Operations,Mumbai,RELIANCE,Reliance Industries Ltd,NSE,BUY,100,3551.17,355117.0,INTRADAY,LIMIT,PARTIALLY_EXECUTED,2026-02-20 14:31:00
TRD001321,C009,Indus Prime,Karan Malhotra,karan.malhotra@indusprime.example,Kolkata,Retail,E006,Anaya Joshi,Derivatives,Bengaluru,INFY,Infosys Ltd,NSE,BUY,25,3019.39,75484.75,DELIVERY,LIMIT,EXECUTED,2026-03-30 18:38:00
TRD001322,C019,Summit Investments,Yash Agarwal,yash.agarwal@summit.example,Indore,Retail,E007,Reyansh Mehta,Operations,Mumbai,WIPRO,Wipro Ltd,NSE,BUY,250,2392.16,598040.0,INTRADAY,LIMIT,EXECUTED,2026-04-14 08:28:00
TRD001323,C020,Trident Capital,Riya Chawla,riya.chawla@trident.example,Chandigarh,Institutional,E002,Diya Patel,Equities,Mumbai,TCS,Tata Consultancy Services Ltd,NSE,BUY,1000,475.57,475570.0,INTRADAY,LIMIT,PARTIALLY_EXECUTED,2026-02-13 19:46:00
TRD001324,C002,BlueRock Investments,Neha Shah,neha.shah@bluerock.example,Pune,Institutional,E006,Anaya Joshi,Derivatives,Bengaluru,ADANIENT,Adani Enterprises Ltd,NSE,SELL,1000,3637.94,3637940.0,INTRADAY,LIMIT,EXECUTED,2026-01-08 04:06:00
TRD001325,C007,Gateway Financial,Vikram Joshi,vikram.joshi@gateway.example,Mumbai,Institutional,E010,Kiara Kapoor,Operations,Pune,SBIN,State Bank of India,NSE,BUY,150,491.58,73737.0,DELIVERY,LIMIT,EXECUTED,2026-03-17 09:56:00
TRD001326,C012,Lotus Financial,Meera Kulkarni,meera.kulkarni@lotus.example,Pune,Retail,E006,Anaya Joshi,Derivatives,Bengaluru,SUNPHARMA,Sun Pharmaceutical Industries Ltd,NSE,BUY,100,1920.32,192032.0,INTRADAY,LIMIT,EXECUTED,2026-01-10 02:05:00
TRD001327,C006,Falcon Broking,Simran Kaur,simran.kaur@falcon.example,Ahmedabad,Retail,E004,Ira Deshmukh,Equities,Delhi,BAJFINANCE,Bajaj Finance Ltd,NSE,SELL,200,3184.91,636982.0,INTRADAY,MARKET,EXECUTED,2026-02-01 16:58:00
TRD001328,C012,Lotus Financial,Meera Kulkarni,meera.kulkarni@lotus.example,Pune,Retail,E010,Kiara Kapoor,Operations,Pune,BAJFINANCE,Bajaj Finance Ltd,NSE,BUY,150,3495.03,524254.5,DELIVERY,LIMIT,EXECUTED,2026-01-19 19:49:00
TRD001329,C020,Trident Capital,Riya Chawla,riya.chawla@trident.example,Chandigarh,Institutional,E008,Myra Nair,Equities,Hyderabad,SBIN,State Bank of India,NSE,SELL,75,1174.16,88062.0,INTRADAY,LIMIT,PARTIALLY_EXECUTED,2026-03-30 18:10:00
TRD001330,C012,Lotus Financial,Meera Kulkarni,meera.kulkarni@lotus.example,Pune,Retail,E003,Kabir Singh,Derivatives,Pune,SBIN,State Bank of India,NSE,SELL,10,543.74,5437.4,INTRADAY,MARKET,PARTIALLY_EXECUTED,2026-02-26 21:57:00
TRD001331,C020,Trident Capital,Riya Chawla,riya.chawla@trident.example,Chandigarh,Institutional,E002,Diya Patel,Equities,Mumbai,ITC,ITC Ltd,NSE,BUY,25,3013.5,75337.5,INTRADAY,MARKET,EXECUTED,2026-03-16 01:08:00
TRD001332,C018,Riverstone Advisors,Pooja Menon,pooja.menon@riverstone.example,Kochi,HNI,E006,Anaya Joshi,Derivatives,Bengaluru,BHARTIARTL,Bharti Airtel Ltd,NSE,BUY,200,511.42,102284.0,DELIVERY,LIMIT,EXECUTED,2026-02-23 21:22:00
TRD001333,C015,Orion Broking,Dev Patel,dev.patel@orion.example,Surat,Retail,E001,Aarav Sharma,Equities,Mumbai,LT,Larsen & Toubro Ltd,NSE,BUY,100,193.47,19347.0,DELIVERY,MARKET,EXECUTED,2026-02-11 05:58:00
TRD001334,C015,Orion Broking,Dev Patel,dev.patel@orion.example,Surat,Retail,E004,Ira Deshmukh,Equities,Delhi,ICICIBANK,ICICI Bank Ltd,NSE,BUY,100,1087.74,108774.0,INTRADAY,LIMIT,PARTIALLY_EXECUTED,2026-01-05 04:00:00
TRD001335,C018,Riverstone Advisors,Pooja Menon,pooja.menon@riverstone.example,Kochi,HNI,E009,Arnav Rao,Risk,Mumbai,TCS,Tata Consultancy Services Ltd,NSE,BUY,200,850.63,170126.0,INTRADAY,LIMIT,EXECUTED,2026-04-05 18:55:00
TRD001336,C012,Lotus Financial,Meera Kulkarni,meera.kulkarni@lotus.example,Pune,Retail,E005,Vihaan Shah,Operations,Mumbai,HCLTECH,HCL Technologies Ltd,NSE,SELL,150,3788.72,568308.0,INTRADAY,LIMIT,EXECUTED,2026-02-13 02:41:00
TRD001337,C005,Evergreen Holdings,Rohan Iyer,rohan.iyer@evergreen.example,Chennai,HNI,E006,Anaya Joshi,Derivatives,Bengaluru,LT,Larsen & Toubro Ltd,NSE,BUY,25,4121.86,103046.5,INTRADAY,LIMIT,EXECUTED,2026-04-03 18:20:00
TRD001338,C020,Trident Capital,Riya Chawla,riya.chawla@trident.example,Chandigarh,Institutional,E004,Ira Deshmukh,Equities,Delhi,SUNPHARMA,Sun Pharmaceutical Industries Ltd,NSE,BUY,250,1192.48,298120.0,INTRADAY,LIMIT,PARTIALLY_EXECUTED,2026-01-11 01:41:00
TRD001339,C019,Summit Investments,Yash Agarwal,yash.agarwal@summit.example,Indore,Retail,E007,Reyansh Mehta,Operations,Mumbai,INFY,Infosys Ltd,NSE,BUY,10,2389.23,23892.3,DELIVERY,LIMIT,PARTIALLY_EXECUTED,2026-04-13 03:32:00
TRD001340,C005,Evergreen Holdings,Rohan Iyer,rohan.iyer@evergreen.example,Chennai,HNI,E002,Diya Patel,Equities,Mumbai,SUNPHARMA,Sun Pharmaceutical Industries Ltd,NSE,BUY,100,2429.54,242954.0,INTRADAY,LIMIT,EXECUTED,2026-01-06 09:44:00
TRD001341,C013,Meridian Capital,Aditya Jain,aditya.jain@meridian.example,Jaipur,Institutional,E004,Ira Deshmukh,Equities,Delhi,ADANIENT,Adani Enterprises Ltd,NSE,SELL,500,2954.0,1477000.0,INTRADAY,MARKET,PARTIALLY_EXECUTED,2026-02-25 20:20:00
TRD001342,C005,Evergreen Holdings,Rohan Iyer,rohan.iyer@evergreen.example,Chennai,HNI,E009,Arnav Rao,Risk,Mumbai,TCS,Tata Consultancy Services Ltd,NSE,SELL,10,4080.21,40802.1,INTRADAY,MARKET,EXECUTED,2026-01-11 00:41:00
TRD001343,C020,Trident Capital,Riya Chawla,riya.chawla@trident.example,Chandigarh,Institutional,E002,Diya Patel,Equities,Mumbai,KOTAKBANK,Kotak Mahindra Bank Ltd,NSE,SELL,50,3099.47,154973.5,DELIVERY,MARKET,EXECUTED,2026-02-15 16:16:00
TRD001344,C016,Pinnacle Finance,Sara Fernandes,sara.fernandes@pinnacle.example,Goa,HNI,E002,Diya Patel,Equities,Mumbai,MARUTI,Maruti Suzuki India Ltd,NSE,BUY,25,3978.4,99460.0,INTRADAY,LIMIT,PARTIALLY_EXECUTED,2026-03-12 22:02:00
TRD001345,C005,Evergreen Holdings,Rohan Iyer,rohan.iyer@evergreen.example,Chennai,HNI,E006,Anaya Joshi,Derivatives,Bengaluru,SBIN,State Bank of India,NSE,BUY,100,1546.47,154647.0,INTRADAY,LIMIT,EXECUTED,2026-03-20 17:31:00
TRD001346,C006,Falcon Broking,Simran Kaur,simran.kaur@falcon.example,Ahmedabad,Retail,E005,Vihaan Shah,Operations,Mumbai,BHARTIARTL,Bharti Airtel Ltd,NSE,BUY,75,1530.19,114764.25,INTRADAY,LIMIT,EXECUTED,2026-01-16 05:37:00
TRD001347,C017,Quantum Securities,Nikhil Verma,nikhil.verma@quantum.example,Noida,Institutional,E005,Vihaan Shah,Operations,Mumbai,TATASTEEL,Tata Steel Ltd,NSE,BUY,500,328.39,164195.0,DELIVERY,MARKET,EXECUTED,2026-03-10 07:33:00
TRD001348,C017,Quantum Securities,Nikhil Verma,nikhil.verma@quantum.example,Noida,Institutional,E001,Aarav Sharma,Equities,Mumbai,TATASTEEL,Tata Steel Ltd,NSE,SELL,200,1345.28,269056.0,INTRADAY,MARKET,EXECUTED,2026-04-14 19:13:00
TRD001349,C007,Gateway Financial,Vikram Joshi,vikram.joshi@gateway.example,Mumbai,Institutional,E010,Kiara Kapoor,Operations,Pune,ASIANPAINT,Asian Paints Ltd,NSE,BUY,500,983.61,491805.0,DELIVERY,MARKET,EXECUTED,2026-03-05 05:39:00
TRD001350,C019,Summit Investments,Yash Agarwal,yash.agarwal@summit.example,Indore,Retail,E003,Kabir Singh,Derivatives,Pune,ADANIENT,Adani Enterprises Ltd,NSE,BUY,500,697.52,348760.0,DELIVERY,MARKET,EXECUTED,2026-03-23 09:56:00
TRD001351,C010,Jupiter Investments,Ishita Desai,ishita.desai@jupiter.example,Mumbai,Institutional,E005,Vihaan Shah,Operations,Mumbai,HDFCBANK,HDFC Bank Ltd,NSE,SELL,50,2513.29,125664.5,DELIVERY,LIMIT,EXECUTED,2026-01-31 20:34:00
TRD001352,C020,Trident Capital,Riya Chawla,riya.chawla@trident.example,Chandigarh,Institutional,E003,Kabir Singh,Derivatives,Pune,ULTRACEMCO,UltraTech Cement Ltd,NSE,SELL,250,3906.22,976555.0,INTRADAY,LIMIT,EXECUTED,2026-04-11 03:24:00
TRD001353,C018,Riverstone Advisors,Pooja Menon,pooja.menon@riverstone.example,Kochi,HNI,E002,Diya Patel,Equities,Mumbai,MARUTI,Maruti Suzuki India Ltd,NSE,BUY,150,666.78,100017.0,DELIVERY,LIMIT,EXECUTED,2026-03-31 17:26:00
TRD001354,C012,Lotus Financial,Meera Kulkarni,meera.kulkarni@lotus.example,Pune,Retail,E001,Aarav Sharma,Equities,Mumbai,ASIANPAINT,Asian Paints Ltd,NSE,BUY,500,459.27,229635.0,INTRADAY,MARKET,EXECUTED,2026-02-28 17:46:00
TRD001355,C011,Keystone Asset Mgmt,Arjun Bhat,arjun.bhat@keystone.example,Nashik,HNI,E003,Kabir Singh,Derivatives,Pune,ADANIENT,Adani Enterprises Ltd,NSE,BUY,100,3970.58,397058.0,INTRADAY,LIMIT,PARTIALLY_EXECUTED,2026-03-19 23:52:00
TRD001356,C003,Crestline Wealth,Aman Kapoor,aman.kapoor@crestline.example,Delhi,HNI,E008,Myra Nair,Equities,Hyderabad,TATASTEEL,Tata Steel Ltd,NSE,SELL,25,1408.03,35200.75,INTRADAY,LIMIT,PARTIALLY_EXECUTED,2026-03-30 12:20:00
TRD001357,C010,Jupiter Investments,Ishita Desai,ishita.desai@jupiter.example,Mumbai,Institutional,E001,Aarav Sharma,Equities,Mumbai,KOTAKBANK,Kotak Mahindra Bank Ltd,NSE,BUY,75,3981.0,298575.0,DELIVERY,LIMIT,EXECUTED,2026-02-26 07:04:00
TRD001358,C018,Riverstone Advisors,Pooja Menon,pooja.menon@riverstone.example,Kochi,HNI,E001,Aarav Sharma,Equities,Mumbai,RELIANCE,Reliance Industries Ltd,NSE,SELL,200,859.6,171920.0,DELIVERY,LIMIT,EXECUTED,2026-04-09 06:46:00
TRD001359,C017,Quantum Securities,Nikhil Verma,nikhil.verma@quantum.example,Noida,Institutional,E006,Anaya Joshi,Derivatives,Bengaluru,RELIANCE,Reliance Industries Ltd,NSE,BUY,25,1966.52,49163.0,DELIVERY,LIMIT,EXECUTED,2026-02-04 04:36:00
TRD001360,C007,Gateway Financial,Vikram Joshi,vikram.joshi@gateway.example,Mumbai,Institutional,E008,Myra Nair,Equities,Hyderabad,ITC,ITC Ltd,NSE,BUY,10,3879.39,38793.9,DELIVERY,LIMIT,EXECUTED,2026-02-07 21:24:00
TRD001361,C008,Horizon Partners,Ananya Rao,ananya.rao@horizon.example,Hyderabad,HNI,E006,Anaya Joshi,Derivatives,Bengaluru,SBIN,State Bank of India,NSE,SELL,75,1614.89,121116.75,DELIVERY,MARKET,EXECUTED,2026-03-15 13:26:00
TRD001362,C020,Trident Capital,Riya Chawla,riya.chawla@trident.example,Chandigarh,Institutional,E004,Ira Deshmukh,Equities,Delhi,ULTRACEMCO,UltraTech Cement Ltd,NSE,SELL,200,2884.83,576966.0,DELIVERY,LIMIT,PARTIALLY_EXECUTED,2026-02-26 18:31:00
TRD001363,C001,Apex Capital Advisors,Raj Mehta,raj.mehta@apexcapital.example,Mumbai,Institutional,E007,Reyansh Mehta,Operations,Mumbai,HCLTECH,HCL Technologies Ltd,NSE,SELL,100,3552.44,355244.0,INTRADAY,LIMIT,EXECUTED,2026-02-04 21:10:00
TRD001364,C013,Meridian Capital,Aditya Jain,aditya.jain@meridian.example,Jaipur,Institutional,E001,Aarav Sharma,Equities,Mumbai,ADANIENT,Adani Enterprises Ltd,NSE,BUY,75,375.21,28140.75,DELIVERY,MARKET,PARTIALLY_EXECUTED,2026-01-22 04:59:00
TRD001365,C003,Crestline Wealth,Aman Kapoor,aman.kapoor@crestline.example,Delhi,HNI,E003,Kabir Singh,Derivatives,Pune,BAJFINANCE,Bajaj Finance Ltd,NSE,SELL,50,3967.52,198376.0,INTRADAY,LIMIT,EXECUTED,2026-02-17 01:54:00
TRD001366,C010,Jupiter Investments,Ishita Desai,ishita.desai@jupiter.example,Mumbai,Institutional,E010,Kiara Kapoor,Operations,Pune,WIPRO,Wipro Ltd,NSE,BUY,25,1710.04,42751.0,DELIVERY,LIMIT,EXECUTED,2026-02-07 04:21:00
TRD001367,C005,Evergreen Holdings,Rohan Iyer,rohan.iyer@evergreen.example,Chennai,HNI,E009,Arnav Rao,Risk,Mumbai,RELIANCE,Reliance Industries Ltd,NSE,SELL,250,534.95,133737.5,DELIVERY,LIMIT,EXECUTED,2026-02-12 00:12:00
TRD001368,C003,Crestline Wealth,Aman Kapoor,aman.kapoor@crestline.example,Delhi,HNI,E002,Diya Patel,Equities,Mumbai,LT,Larsen & Toubro Ltd,NSE,SELL,1000,1611.26,1611260.0,INTRADAY,MARKET,EXECUTED,2026-01-27 08:58:00
TRD001369,C007,Gateway Financial,Vikram Joshi,vikram.joshi@gateway.example,Mumbai,Institutional,E006,Anaya Joshi,Derivatives,Bengaluru,RELIANCE,Reliance Industries Ltd,NSE,BUY,50,1489.64,74482.0,DELIVERY,LIMIT,PARTIALLY_EXECUTED,2026-02-16 01:01:00
TRD001370,C007,Gateway Financial,Vikram Joshi,vikram.joshi@gateway.example,Mumbai,Institutional,E001,Aarav Sharma,Equities,Mumbai,BHARTIARTL,Bharti Airtel Ltd,NSE,SELL,50,3981.17,199058.5,DELIVERY,MARKET,EXECUTED,2026-04-03 10:13:00
TRD001371,C007,Gateway Financial,Vikram Joshi,vikram.joshi@gateway.example,Mumbai,Institutional,E006,Anaya Joshi,Derivatives,Bengaluru,ADANIENT,Adani Enterprises Ltd,NSE,BUY,250,370.51,92627.5,INTRADAY,MARKET,EXECUTED,2026-02-15 03:03:00
TRD001372,C018,Riverstone Advisors,Pooja Menon,pooja.menon@riverstone.example,Kochi,HNI,E006,Anaya Joshi,Derivatives,Bengaluru,RELIANCE,Reliance Industries Ltd,NSE,BUY,25,1771.84,44296.0,DELIVERY,MARKET,EXECUTED,2026-04-08 15:31:00
TRD001373,C012,Lotus Financial,Meera Kulkarni,meera.kulkarni@lotus.example,Pune,Retail,E001,Aarav Sharma,Equities,Mumbai,ICICIBANK,ICICI Bank Ltd,NSE,BUY,75,109.29,8196.75,DELIVERY,LIMIT,EXECUTED,2026-01-02 00:11:00
TRD001374,C008,Horizon Partners,Ananya Rao,ananya.rao@horizon.example,Hyderabad,HNI,E001,Aarav Sharma,Equities,Mumbai,TCS,Tata Consultancy Services Ltd,NSE,BUY,10,2755.07,27550.7,INTRADAY,LIMIT,PARTIALLY_EXECUTED,2026-03-29 02:47:00
TRD001375,C015,Orion Broking,Dev Patel,dev.patel@orion.example,Surat,Retail,E004,Ira Deshmukh,Equities,Delhi,ASIANPAINT,Asian Paints Ltd,NSE,SELL,150,4118.24,617736.0,INTRADAY,MARKET,PARTIALLY_EXECUTED,2026-03-25 05:06:00
TRD001376,C018,Riverstone Advisors,Pooja Menon,pooja.menon@riverstone.example,Kochi,HNI,E006,Anaya Joshi,Derivatives,Bengaluru,LT,Larsen & Toubro Ltd,NSE,BUY,100,2706.64,270664.0,INTRADAY,LIMIT,EXECUTED,2026-02-02 03:00:00
TRD001377,C012,Lotus Financial,Meera Kulkarni,meera.kulkarni@lotus.example,Pune,Retail,E001,Aarav Sharma,Equities,Mumbai,HCLTECH,HCL Technologies Ltd,NSE,SELL,50,260.11,13005.5,DELIVERY,LIMIT,EXECUTED,2026-03-17 02:11:00
TRD001378,C012,Lotus Financial,Meera Kulkarni,meera.kulkarni@lotus.example,Pune,Retail,E004,Ira Deshmukh,Equities,Delhi,BHARTIARTL,Bharti Airtel Ltd,NSE,SELL,200,1980.29,396058.0,INTRADAY,LIMIT,PARTIALLY_EXECUTED,2026-03-24 17:25:00
TRD001379,C012,Lotus Financial,Meera Kulkarni,meera.kulkarni@lotus.example,Pune,Retail,E006,Anaya Joshi,Derivatives,Bengaluru,MARUTI,Maruti Suzuki India Ltd,NSE,SELL,50,3061.41,153070.5,DELIVERY,MARKET,EXECUTED,2026-02-07 20:54:00
TRD001380,C019,Summit Investments,Yash Agarwal,yash.agarwal@summit.example,Indore,Retail,E004,Ira Deshmukh,Equities,Delhi,ULTRACEMCO,UltraTech Cement Ltd,NSE,SELL,250,2340.87,585217.5,INTRADAY,LIMIT,EXECUTED,2026-03-16 16:44:00
TRD001381,C013,Meridian Capital,Aditya Jain,aditya.jain@meridian.example,Jaipur,Institutional,E003,Kabir Singh,Derivatives,Pune,ASIANPAINT,Asian Paints Ltd,NSE,BUY,500,2768.96,1384480.0,INTRADAY,MARKET,EXECUTED,2026-02-25 01:22:00
TRD001382,C007,Gateway Financial,Vikram Joshi,vikram.joshi@gateway.example,Mumbai,Institutional,E006,Anaya Joshi,Derivatives,Bengaluru,BAJFINANCE,Bajaj Finance Ltd,NSE,BUY,200,3941.26,788252.0,DELIVERY,LIMIT,EXECUTED,2026-03-20 23:44:00
TRD001383,C007,Gateway Financial,Vikram Joshi,vikram.joshi@gateway.example,Mumbai,Institutional,E007,Reyansh Mehta,Operations,Mumbai,TCS,Tata Consultancy Services Ltd,NSE,BUY,100,4132.65,413265.0,DELIVERY,LIMIT,EXECUTED,2026-04-13 22:37:00
TRD001384,C005,Evergreen Holdings,Rohan Iyer,rohan.iyer@evergreen.example,Chennai,HNI,E007,Reyansh Mehta,Operations,Mumbai,MARUTI,Maruti Suzuki India Ltd,NSE,SELL,75,3656.94,274270.5,INTRADAY,LIMIT,EXECUTED,2026-01-25 03:39:00
TRD001385,C004,Delta Securities,Priya Nair,priya.nair@delta.example,Bengaluru,Institutional,E002,Diya Patel,Equities,Mumbai,INFY,Infosys Ltd,NSE,BUY,10,3871.51,38715.1,INTRADAY,MARKET,EXECUTED,2026-01-10 23:43:00
TRD001386,C012,Lotus Financial,Meera Kulkarni,meera.kulkarni@lotus.example,Pune,Retail,E004,Ira Deshmukh,Equities,Delhi,ICICIBANK,ICICI Bank Ltd,NSE,BUY,100,3544.39,354439.0,INTRADAY,LIMIT,PARTIALLY_EXECUTED,2026-03-08 10:57:00
TRD001387,C011,Keystone Asset Mgmt,Arjun Bhat,arjun.bhat@keystone.example,Nashik,HNI,E003,Kabir Singh,Derivatives,Pune,AXISBANK,Axis Bank Ltd,NSE,SELL,25,3386.61,84665.25,DELIVERY,MARKET,PARTIALLY_EXECUTED,2026-01-30 11:28:00
TRD001388,C004,Delta Securities,Priya Nair,priya.nair@delta.example,Bengaluru,Institutional,E009,Arnav Rao,Risk,Mumbai,ULTRACEMCO,UltraTech Cement Ltd,NSE,SELL,50,2396.25,119812.5,INTRADAY,MARKET,EXECUTED,2026-03-27 20:49:00
TRD001389,C005,Evergreen Holdings,Rohan Iyer,rohan.iyer@evergreen.example,Chennai,HNI,E008,Myra Nair,Equities,Hyderabad,HDFCBANK,HDFC Bank Ltd,NSE,BUY,50,3707.15,185357.5,INTRADAY,LIMIT,EXECUTED,2026-03-28 11:00:00
TRD001390,C001,Apex Capital Advisors,Raj Mehta,raj.mehta@apexcapital.example,Mumbai,Institutional,E010,Kiara Kapoor,Operations,Pune,SUNPHARMA,Sun Pharmaceutical Industries Ltd,NSE,SELL,1000,2438.41,2438410.0,DELIVERY,LIMIT,EXECUTED,2026-03-23 19:40:00
TRD001391,C011,Keystone Asset Mgmt,Arjun Bhat,arjun.bhat@keystone.example,Nashik,HNI,E002,Diya Patel,Equities,Mumbai,SUNPHARMA,Sun Pharmaceutical Industries Ltd,NSE,BUY,50,640.29,32014.5,INTRADAY,MARKET,EXECUTED,2026-02-25 00:25:00
TRD001392,C007,Gateway Financial,Vikram Joshi,vikram.joshi@gateway.example,Mumbai,Institutional,E006,Anaya Joshi,Derivatives,Bengaluru,AXISBANK,Axis Bank Ltd,NSE,BUY,150,2565.57,384835.5,DELIVERY,LIMIT,EXECUTED,2026-04-01 10:50:00
TRD001393,C012,Lotus Financial,Meera Kulkarni,meera.kulkarni@lotus.example,Pune,Retail,E005,Vihaan Shah,Operations,Mumbai,ITC,ITC Ltd,NSE,SELL,500,3806.11,1903055.0,INTRADAY,LIMIT,EXECUTED,2026-01-05 15:40:00
TRD001394,C002,BlueRock Investments,Neha Shah,neha.shah@bluerock.example,Pune,Institutional,E004,Ira Deshmukh,Equities,Delhi,AXISBANK,Axis Bank Ltd,NSE,SELL,250,4184.17,1046042.5,DELIVERY,LIMIT,PARTIALLY_EXECUTED,2026-03-03 19:53:00
TRD001395,C003,Crestline Wealth,Aman Kapoor,aman.kapoor@crestline.example,Delhi,HNI,E006,Anaya Joshi,Derivatives,Bengaluru,BAJFINANCE,Bajaj Finance Ltd,NSE,BUY,50,3673.44,183672.0,DELIVERY,LIMIT,PARTIALLY_EXECUTED,2026-01-03 07:54:00
TRD001396,C007,Gateway Financial,Vikram Joshi,vikram.joshi@gateway.example,Mumbai,Institutional,E008,Myra Nair,Equities,Hyderabad,BHARTIARTL,Bharti Airtel Ltd,NSE,SELL,10,2946.11,29461.1,INTRADAY,LIMIT,EXECUTED,2026-02-19 14:08:00
TRD001397,C017,Quantum Securities,Nikhil Verma,nikhil.verma@quantum.example,Noida,Institutional,E007,Reyansh Mehta,Operations,Mumbai,HCLTECH,HCL Technologies Ltd,NSE,SELL,50,3965.06,198253.0,DELIVERY,LIMIT,EXECUTED,2026-02-18 00:08:00
TRD001398,C009,Indus Prime,Karan Malhotra,karan.malhotra@indusprime.example,Kolkata,Retail,E002,Diya Patel,Equities,Mumbai,ADANIENT,Adani Enterprises Ltd,NSE,BUY,150,3629.99,544498.5,DELIVERY,MARKET,EXECUTED,2026-01-22 01:14:00
TRD001399,C008,Horizon Partners,Ananya Rao,ananya.rao@horizon.example,Hyderabad,HNI,E002,Diya Patel,Equities,Mumbai,SBIN,State Bank of India,NSE,SELL,25,718.74,17968.5,DELIVERY,MARKET,EXECUTED,2026-02-13 12:28:00
TRD001400,C001,Apex Capital Advisors,Raj Mehta,raj.mehta@apexcapital.example,Mumbai,Institutional,E006,Anaya Joshi,Derivatives,Bengaluru,ULTRACEMCO,UltraTech Cement Ltd,NSE,BUY,50,2483.04,124152.0,INTRADAY,MARKET,EXECUTED,2026-03-26 06:21:00
TRD001401,C002,BlueRock Investments,Neha Shah,neha.shah@bluerock.example,Pune,Institutional,E003,Kabir Singh,Derivatives,Pune,ITC,ITC Ltd,NSE,BUY,50,462.36,23118.0,DELIVERY,LIMIT,EXECUTED,2026-01-18 01:23:00
TRD001402,C007,Gateway Financial,Vikram Joshi,vikram.joshi@gateway.example,Mumbai,Institutional,E001,Aarav Sharma,Equities,Mumbai,INFY,Infosys Ltd,NSE,SELL,150,2658.73,398809.5,INTRADAY,MARKET,PARTIALLY_EXECUTED,2026-02-05 10:54:00
TRD001403,C020,Trident Capital,Riya Chawla,riya.chawla@trident.example,Chandigarh,Institutional,E003,Kabir Singh,Derivatives,Pune,ASIANPAINT,Asian Paints Ltd,NSE,SELL,1000,3644.51,3644510.0,INTRADAY,MARKET,EXECUTED,2026-01-12 12:55:00
TRD001404,C003,Crestline Wealth,Aman Kapoor,aman.kapoor@crestline.example,Delhi,HNI,E003,Kabir Singh,Derivatives,Pune,ITC,ITC Ltd,NSE,SELL,50,3698.7,184935.0,DELIVERY,MARKET,EXECUTED,2026-02-04 20:30:00
TRD001405,C006,Falcon Broking,Simran Kaur,simran.kaur@falcon.example,Ahmedabad,Retail,E006,Anaya Joshi,Derivatives,Bengaluru,LT,Larsen & Toubro Ltd,NSE,BUY,200,2699.25,539850.0,INTRADAY,LIMIT,EXECUTED,2026-02-24 09:38:00
TRD001406,C014,Northstar Wealth,Tanya Sethi,tanya.sethi@northstar.example,Gurugram,HNI,E005,Vihaan Shah,Operations,Mumbai,SUNPHARMA,Sun Pharmaceutical Industries Ltd,NSE,BUY,500,113.74,56870.0,INTRADAY,MARKET,EXECUTED,2026-02-16 04:48:00
TRD001407,C002,BlueRock Investments,Neha Shah,neha.shah@bluerock.example,Pune,Institutional,E002,Diya Patel,Equities,Mumbai,ASIANPAINT,Asian Paints Ltd,NSE,SELL,10,2635.66,26356.6,DELIVERY,LIMIT,EXECUTED,2026-03-20 16:21:00
TRD001408,C003,Crestline Wealth,Aman Kapoor,aman.kapoor@crestline.example,Delhi,HNI,E006,Anaya Joshi,Derivatives,Bengaluru,TCS,Tata Consultancy Services Ltd,NSE,SELL,1000,2875.77,2875770.0,INTRADAY,LIMIT,PARTIALLY_EXECUTED,2026-01-13 09:04:00
TRD001409,C012,Lotus Financial,Meera Kulkarni,meera.kulkarni@lotus.example,Pune,Retail,E008,Myra Nair,Equities,Hyderabad,SUNPHARMA,Sun Pharmaceutical Industries Ltd,NSE,SELL,100,3226.44,322644.0,DELIVERY,MARKET,EXECUTED,2026-02-27 10:50:00
TRD001410,C002,BlueRock Investments,Neha Shah,neha.shah@bluerock.example,Pune,Institutional,E006,Anaya Joshi,Derivatives,Bengaluru,HCLTECH,HCL Technologies Ltd,NSE,SELL,250,1419.77,354942.5,INTRADAY,LIMIT,PARTIALLY_EXECUTED,2026-03-15 19:02:00
TRD001411,C005,Evergreen Holdings,Rohan Iyer,rohan.iyer@evergreen.example,Chennai,HNI,E003,Kabir Singh,Derivatives,Pune,BHARTIARTL,Bharti Airtel Ltd,NSE,SELL,10,3678.88,36788.8,INTRADAY,MARKET,PARTIALLY_EXECUTED,2026-02-28 01:02:00
TRD001412,C012,Lotus Financial,Meera Kulkarni,meera.kulkarni@lotus.example,Pune,Retail,E001,Aarav Sharma,Equities,Mumbai,HCLTECH,HCL Technologies Ltd,NSE,BUY,50,2524.94,126247.0,DELIVERY,MARKET,EXECUTED,2026-02-03 20:45:00
TRD001413,C013,Meridian Capital,Aditya Jain,aditya.jain@meridian.example,Jaipur,Institutional,E008,Myra Nair,Equities,Hyderabad,ICICIBANK,ICICI Bank Ltd,NSE,SELL,150,898.77,134815.5,INTRADAY,MARKET,EXECUTED,2026-04-01 22:05:00
TRD001414,C018,Riverstone Advisors,Pooja Menon,pooja.menon@riverstone.example,Kochi,HNI,E005,Vihaan Shah,Operations,Mumbai,LT,Larsen & Toubro Ltd,NSE,BUY,250,2582.08,645520.0,INTRADAY,LIMIT,EXECUTED,2026-04-02 06:00:00
TRD001415,C016,Pinnacle Finance,Sara Fernandes,sara.fernandes@pinnacle.example,Goa,HNI,E001,Aarav Sharma,Equities,Mumbai,SUNPHARMA,Sun Pharmaceutical Industries Ltd,NSE,BUY,25,4006.39,100159.75,INTRADAY,MARKET,EXECUTED,2026-03-29 03:59:00
TRD001416,C017,Quantum Securities,Nikhil Verma,nikhil.verma@quantum.example,Noida,Institutional,E008,Myra Nair,Equities,Hyderabad,ITC,ITC Ltd,NSE,SELL,250,138.36,34590.0,DELIVERY,LIMIT,EXECUTED,2026-02-26 10:57:00
TRD001417,C020,Trident Capital,Riya Chawla,riya.chawla@trident.example,Chandigarh,Institutional,E007,Reyansh Mehta,Operations,Mumbai,ULTRACEMCO,UltraTech Cement Ltd,NSE,BUY,1000,617.6,617600.0,INTRADAY,LIMIT,EXECUTED,2026-02-21 16:52:00
TRD001418,C012,Lotus Financial,Meera Kulkarni,meera.kulkarni@lotus.example,Pune,Retail,E010,Kiara Kapoor,Operations,Pune,ASIANPAINT,Asian Paints Ltd,NSE,BUY,10,1924.73,19247.3,DELIVERY,MARKET,EXECUTED,2026-03-18 07:09:00
TRD001419,C008,Horizon Partners,Ananya Rao,ananya.rao@horizon.example,Hyderabad,HNI,E006,Anaya Joshi,Derivatives,Bengaluru,ASIANPAINT,Asian Paints Ltd,NSE,SELL,500,1487.22,743610.0,DELIVERY,MARKET,EXECUTED,2026-03-02 15:40:00
TRD001420,C019,Summit Investments,Yash Agarwal,yash.agarwal@summit.example,Indore,Retail,E004,Ira Deshmukh,Equities,Delhi,TCS,Tata Consultancy Services Ltd,NSE,BUY,75,2095.54,157165.5,DELIVERY,LIMIT,EXECUTED,2026-03-27 21:37:00
TRD001421,C013,Meridian Capital,Aditya Jain,aditya.jain@meridian.example,Jaipur,Institutional,E003,Kabir Singh,Derivatives,Pune,ULTRACEMCO,UltraTech Cement Ltd,NSE,SELL,25,2262.8,56570.0,INTRADAY,MARKET,PARTIALLY_EXECUTED,2026-03-26 14:46:00
TRD001422,C013,Meridian Capital,Aditya Jain,aditya.jain@meridian.example,Jaipur,Institutional,E004,Ira Deshmukh,Equities,Delhi,WIPRO,Wipro Ltd,NSE,BUY,150,3573.59,536038.5,INTRADAY,MARKET,EXECUTED,2026-01-12 03:07:00
TRD001423,C001,Apex Capital Advisors,Raj Mehta,raj.mehta@apexcapital.example,Mumbai,Institutional,E006,Anaya Joshi,Derivatives,Bengaluru,SUNPHARMA,Sun Pharmaceutical Industries Ltd,NSE,SELL,500,686.28,343140.0,INTRADAY,LIMIT,EXECUTED,2026-02-20 00:56:00
TRD001424,C020,Trident Capital,Riya Chawla,riya.chawla@trident.example,Chandigarh,Institutional,E009,Arnav Rao,Risk,Mumbai,ITC,ITC Ltd,NSE,BUY,1000,2574.91,2574910.0,DELIVERY,MARKET,EXECUTED,2026-02-24 04:49:00
TRD001425,C008,Horizon Partners,Ananya Rao,ananya.rao@horizon.example,Hyderabad,HNI,E007,Reyansh Mehta,Operations,Mumbai,HCLTECH,HCL Technologies Ltd,NSE,BUY,100,1158.97,115897.0,INTRADAY,MARKET,EXECUTED,2026-01-27 14:39:00
TRD001426,C014,Northstar Wealth,Tanya Sethi,tanya.sethi@northstar.example,Gurugram,HNI,E002,Diya Patel,Equities,Mumbai,SUNPHARMA,Sun Pharmaceutical Industries Ltd,NSE,SELL,50,1923.11,96155.5,DELIVERY,LIMIT,EXECUTED,2026-03-11 22:19:00
TRD001427,C004,Delta Securities,Priya Nair,priya.nair@delta.example,Bengaluru,Institutional,E005,Vihaan Shah,Operations,Mumbai,ADANIENT,Adani Enterprises Ltd,NSE,SELL,75,2991.41,224355.75,INTRADAY,MARKET,EXECUTED,2026-03-24 21:53:00
TRD001428,C011,Keystone Asset Mgmt,Arjun Bhat,arjun.bhat@keystone.example,Nashik,HNI,E001,Aarav Sharma,Equities,Mumbai,HDFCBANK,HDFC Bank Ltd,NSE,BUY,150,2358.85,353827.5,DELIVERY,LIMIT,PARTIALLY_EXECUTED,2026-03-09 12:39:00
TRD001429,C018,Riverstone Advisors,Pooja Menon,pooja.menon@riverstone.example,Kochi,HNI,E001,Aarav Sharma,Equities,Mumbai,HCLTECH,HCL Technologies Ltd,NSE,SELL,200,817.46,163492.0,INTRADAY,LIMIT,EXECUTED,2026-01-07 16:07:00
TRD001430,C017,Quantum Securities,Nikhil Verma,nikhil.verma@quantum.example,Noida,Institutional,E001,Aarav Sharma,Equities,Mumbai,ICICIBANK,ICICI Bank Ltd,NSE,SELL,25,3899.39,97484.75,DELIVERY,MARKET,EXECUTED,2026-01-26 20:31:00
TRD001431,C008,Horizon Partners,Ananya Rao,ananya.rao@horizon.example,Hyderabad,HNI,E002,Diya Patel,Equities,Mumbai,SUNPHARMA,Sun Pharmaceutical Industries Ltd,NSE,SELL,150,418.97,62845.5,DELIVERY,LIMIT,PARTIALLY_EXECUTED,2026-03-04 22:20:00
TRD001432,C018,Riverstone Advisors,Pooja Menon,pooja.menon@riverstone.example,Kochi,HNI,E001,Aarav Sharma,Equities,Mumbai,KOTAKBANK,Kotak Mahindra Bank Ltd,NSE,SELL,200,2943.22,588644.0,DELIVERY,MARKET,PARTIALLY_EXECUTED,2026-04-11 03:55:00
TRD001433,C006,Falcon Broking,Simran Kaur,simran.kaur@falcon.example,Ahmedabad,Retail,E002,Diya Patel,Equities,Mumbai,WIPRO,Wipro Ltd,NSE,BUY,75,317.56,23817.0,DELIVERY,MARKET,EXECUTED,2026-04-12 21:48:00
TRD001434,C016,Pinnacle Finance,Sara Fernandes,sara.fernandes@pinnacle.example,Goa,HNI,E001,Aarav Sharma,Equities,Mumbai,RELIANCE,Reliance Industries Ltd,NSE,BUY,75,3994.11,299558.25,INTRADAY,LIMIT,PARTIALLY_EXECUTED,2026-01-26 10:45:00
TRD001435,C013,Meridian Capital,Aditya Jain,aditya.jain@meridian.example,Jaipur,Institutional,E001,Aarav Sharma,Equities,Mumbai,KOTAKBANK,Kotak Mahindra Bank Ltd,NSE,SELL,250,181.76,45440.0,DELIVERY,MARKET,EXECUTED,2026-03-17 22:08:00
TRD001436,C019,Summit Investments,Yash Agarwal,yash.agarwal@summit.example,Indore,Retail,E001,Aarav Sharma,Equities,Mumbai,ITC,ITC Ltd,NSE,BUY,1000,2107.38,2107380.0,DELIVERY,LIMIT,EXECUTED,2026-03-05 23:43:00
TRD001437,C013,Meridian Capital,Aditya Jain,aditya.jain@meridian.example,Jaipur,Institutional,E004,Ira Deshmukh,Equities,Delhi,ICICIBANK,ICICI Bank Ltd,NSE,BUY,1000,1243.03,1243030.0,INTRADAY,LIMIT,EXECUTED,2026-04-12 15:35:00
TRD001438,C007,Gateway Financial,Vikram Joshi,vikram.joshi@gateway.example,Mumbai,Institutional,E010,Kiara Kapoor,Operations,Pune,WIPRO,Wipro Ltd,NSE,SELL,75,1430.84,107313.0,INTRADAY,MARKET,EXECUTED,2026-02-17 18:42:00
TRD001439,C015,Orion Broking,Dev Patel,dev.patel@orion.example,Surat,Retail,E001,Aarav Sharma,Equities,Mumbai,ADANIENT,Adani Enterprises Ltd,NSE,SELL,75,845.58,63418.5,INTRADAY,MARKET,EXECUTED,2026-01-08 23:15:00
TRD001440,C007,Gateway Financial,Vikram Joshi,vikram.joshi@gateway.example,Mumbai,Institutional,E010,Kiara Kapoor,Operations,Pune,AXISBANK,Axis Bank Ltd,NSE,BUY,1000,3450.5,3450500.0,INTRADAY,MARKET,EXECUTED,2026-03-08 02:12:00
TRD001441,C019,Summit Investments,Yash Agarwal,yash.agarwal@summit.example,Indore,Retail,E005,Vihaan Shah,Operations,Mumbai,ITC,ITC Ltd,NSE,BUY,100,135.86,13586.0,INTRADAY,MARKET,PARTIALLY_EXECUTED,2026-02-03 07:41:00
TRD001442,C013,Meridian Capital,Aditya Jain,aditya.jain@meridian.example,Jaipur,Institutional,E006,Anaya Joshi,Derivatives,Bengaluru,ADANIENT,Adani Enterprises Ltd,NSE,SELL,1000,3187.13,3187130.0,INTRADAY,LIMIT,EXECUTED,2026-03-31 21:26:00
TRD001443,C003,Crestline Wealth,Aman Kapoor,aman.kapoor@crestline.example,Delhi,HNI,E010,Kiara Kapoor,Operations,Pune,HDFCBANK,HDFC Bank Ltd,NSE,BUY,10,2633.32,26333.2,INTRADAY,MARKET,EXECUTED,2026-01-03 10:14:00
TRD001444,C015,Orion Broking,Dev Patel,dev.patel@orion.example,Surat,Retail,E007,Reyansh Mehta,Operations,Mumbai,TCS,Tata Consultancy Services Ltd,NSE,BUY,25,305.31,7632.75,DELIVERY,LIMIT,EXECUTED,2026-02-09 13:56:00
TRD001445,C003,Crestline Wealth,Aman Kapoor,aman.kapoor@crestline.example,Delhi,HNI,E005,Vihaan Shah,Operations,Mumbai,HCLTECH,HCL Technologies Ltd,NSE,BUY,100,3255.38,325538.0,INTRADAY,MARKET,EXECUTED,2026-01-23 05:52:00
TRD001446,C015,Orion Broking,Dev Patel,dev.patel@orion.example,Surat,Retail,E004,Ira Deshmukh,Equities,Delhi,HDFCBANK,HDFC Bank Ltd,NSE,BUY,250,803.4,200850.0,DELIVERY,MARKET,PARTIALLY_EXECUTED,2026-01-21 21:08:00
TRD001447,C019,Summit Investments,Yash Agarwal,yash.agarwal@summit.example,Indore,Retail,E009,Arnav Rao,Risk,Mumbai,WIPRO,Wipro Ltd,NSE,SELL,10,2977.34,29773.4,DELIVERY,MARKET,EXECUTED,2026-03-29 17:12:00
TRD001448,C003,Crestline Wealth,Aman Kapoor,aman.kapoor@crestline.example,Delhi,HNI,E007,Reyansh Mehta,Operations,Mumbai,BHARTIARTL,Bharti Airtel Ltd,NSE,BUY,10,2131.9,21319.0,INTRADAY,MARKET,EXECUTED,2026-03-27 03:55:00
TRD001449,C019,Summit Investments,Yash Agarwal,yash.agarwal@summit.example,Indore,Retail,E001,Aarav Sharma,Equities,Mumbai,INFY,Infosys Ltd,NSE,SELL,100,3043.15,304315.0,INTRADAY,MARKET,EXECUTED,2026-02-07 06:51:00
TRD001450,C007,Gateway Financial,Vikram Joshi,vikram.joshi@gateway.example,Mumbai,Institutional,E004,Ira Deshmukh,Equities,Delhi,ADANIENT,Adani Enterprises Ltd,NSE,BUY,10,3679.54,36795.4,INTRADAY,MARKET,EXECUTED,2026-03-21 15:17:00
TRD001451,C010,Jupiter Investments,Ishita Desai,ishita.desai@jupiter.example,Mumbai,Institutional,E006,Anaya Joshi,Derivatives,Bengaluru,INFY,Infosys Ltd,NSE,SELL,250,3462.24,865560.0,DELIVERY,LIMIT,EXECUTED,2026-04-10 12:36:00
TRD001452,C018,Riverstone Advisors,Pooja Menon,pooja.menon@riverstone.example,Kochi,HNI,E009,Arnav Rao,Risk,Mumbai,ICICIBANK,ICICI Bank Ltd,NSE,SELL,150,1759.81,263971.5,INTRADAY,LIMIT,EXECUTED,2026-03-15 12:39:00
TRD001453,C010,Jupiter Investments,Ishita Desai,ishita.desai@jupiter.example,Mumbai,Institutional,E003,Kabir Singh,Derivatives,Pune,ASIANPAINT,Asian Paints Ltd,NSE,SELL,150,4041.11,606166.5,INTRADAY,MARKET,EXECUTED,2026-01-17 02:56:00
TRD001454,C012,Lotus Financial,Meera Kulkarni,meera.kulkarni@lotus.example,Pune,Retail,E008,Myra Nair,Equities,Hyderabad,ADANIENT,Adani Enterprises Ltd,NSE,BUY,10,1498.31,14983.1,INTRADAY,MARKET,EXECUTED,2026-01-27 18:59:00
TRD001455,C007,Gateway Financial,Vikram Joshi,vikram.joshi@gateway.example,Mumbai,Institutional,E007,Reyansh Mehta,Operations,Mumbai,INFY,Infosys Ltd,NSE,SELL,25,4160.92,104023.0,DELIVERY,MARKET,EXECUTED,2026-04-10 10:00:00
TRD001456,C009,Indus Prime,Karan Malhotra,karan.malhotra@indusprime.example,Kolkata,Retail,E009,Arnav Rao,Risk,Mumbai,SBIN,State Bank of India,NSE,BUY,150,2097.98,314697.0,INTRADAY,LIMIT,PARTIALLY_EXECUTED,2026-03-01 15:19:00
TRD001457,C008,Horizon Partners,Ananya Rao,ananya.rao@horizon.example,Hyderabad,HNI,E010,Kiara Kapoor,Operations,Pune,SUNPHARMA,Sun Pharmaceutical Industries Ltd,NSE,SELL,25,1014.23,25355.75,DELIVERY,MARKET,EXECUTED,2026-03-24 23:17:00
TRD001458,C017,Quantum Securities,Nikhil Verma,nikhil.verma@quantum.example,Noida,Institutional,E002,Diya Patel,Equities,Mumbai,ASIANPAINT,Asian Paints Ltd,NSE,BUY,25,2944.67,73616.75,DELIVERY,LIMIT,EXECUTED,2026-02-26 04:36:00
TRD001459,C007,Gateway Financial,Vikram Joshi,vikram.joshi@gateway.example,Mumbai,Institutional,E009,Arnav Rao,Risk,Mumbai,HDFCBANK,HDFC Bank Ltd,NSE,BUY,10,151.75,1517.5,DELIVERY,MARKET,EXECUTED,2026-02-24 05:33:00
TRD001460,C003,Crestline Wealth,Aman Kapoor,aman.kapoor@crestline.example,Delhi,HNI,E002,Diya Patel,Equities,Mumbai,WIPRO,Wipro Ltd,NSE,SELL,25,1821.19,45529.75,INTRADAY,MARKET,EXECUTED,2026-03-07 11:15:00
TRD001461,C011,Keystone Asset Mgmt,Arjun Bhat,arjun.bhat@keystone.example,Nashik,HNI,E007,Reyansh Mehta,Operations,Mumbai,SUNPHARMA,Sun Pharmaceutical Industries Ltd,NSE,BUY,100,1848.38,184838.0,DELIVERY,LIMIT,EXECUTED,2026-03-29 11:35:00
TRD001462,C016,Pinnacle Finance,Sara Fernandes,sara.fernandes@pinnacle.example,Goa,HNI,E006,Anaya Joshi,Derivatives,Bengaluru,SUNPHARMA,Sun Pharmaceutical Industries Ltd,NSE,BUY,100,2968.1,296810.0,DELIVERY,LIMIT,EXECUTED,2026-03-12 05:54:00
TRD001463,C016,Pinnacle Finance,Sara Fernandes,sara.fernandes@pinnacle.example,Goa,HNI,E001,Aarav Sharma,Equities,Mumbai,BHARTIARTL,Bharti Airtel Ltd,NSE,BUY,250,3208.49,802122.5,INTRADAY,LIMIT,EXECUTED,2026-01-17 04:36:00
TRD001464,C003,Crestline Wealth,Aman Kapoor,aman.kapoor@crestline.example,Delhi,HNI,E004,Ira Deshmukh,Equities,Delhi,HDFCBANK,HDFC Bank Ltd,NSE,SELL,200,3167.35,633470.0,INTRADAY,MARKET,EXECUTED,2026-02-14 07:50:00
TRD001465,C010,Jupiter Investments,Ishita Desai,ishita.desai@jupiter.example,Mumbai,Institutional,E009,Arnav Rao,Risk,Mumbai,ADANIENT,Adani Enterprises Ltd,NSE,BUY,1000,1774.65,1774650.0,DELIVERY,MARKET,PARTIALLY_EXECUTED,2026-01-03 06:13:00
TRD001466,C003,Crestline Wealth,Aman Kapoor,aman.kapoor@crestline.example,Delhi,HNI,E009,Arnav Rao,Risk,Mumbai,SBIN,State Bank of India,NSE,SELL,100,2953.69,295369.0,DELIVERY,LIMIT,EXECUTED,2026-03-13 01:13:00
TRD001467,C017,Quantum Securities,Nikhil Verma,nikhil.verma@quantum.example,Noida,Institutional,E008,Myra Nair,Equities,Hyderabad,SBIN,State Bank of India,NSE,SELL,100,3597.38,359738.0,INTRADAY,LIMIT,PARTIALLY_EXECUTED,2026-01-08 15:12:00
TRD001468,C004,Delta Securities,Priya Nair,priya.nair@delta.example,Bengaluru,Institutional,E003,Kabir Singh,Derivatives,Pune,INFY,Infosys Ltd,NSE,BUY,250,2085.91,521477.5,INTRADAY,MARKET,PARTIALLY_EXECUTED,2026-01-02 10:07:00
TRD001469,C002,BlueRock Investments,Neha Shah,neha.shah@bluerock.example,Pune,Institutional,E005,Vihaan Shah,Operations,Mumbai,SBIN,State Bank of India,NSE,BUY,150,3646.8,547020.0,DELIVERY,LIMIT,EXECUTED,2026-04-01 04:44:00
TRD001470,C004,Delta Securities,Priya Nair,priya.nair@delta.example,Bengaluru,Institutional,E003,Kabir Singh,Derivatives,Pune,ICICIBANK,ICICI Bank Ltd,NSE,BUY,1000,2400.8,2400800.0,INTRADAY,LIMIT,PARTIALLY_EXECUTED,2026-03-22 03:19:00
TRD001471,C001,Apex Capital Advisors,Raj Mehta,raj.mehta@apexcapital.example,Mumbai,Institutional,E009,Arnav Rao,Risk,Mumbai,SUNPHARMA,Sun Pharmaceutical Industries Ltd,NSE,BUY,200,2034.1,406820.0,INTRADAY,LIMIT,EXECUTED,2026-02-21 03:47:00
TRD001472,C003,Crestline Wealth,Aman Kapoor,aman.kapoor@crestline.example,Delhi,HNI,E002,Diya Patel,Equities,Mumbai,WIPRO,Wipro Ltd,NSE,SELL,250,1736.46,434115.0,DELIVERY,MARKET,EXECUTED,2026-02-14 15:56:00
TRD001473,C006,Falcon Broking,Simran Kaur,simran.kaur@falcon.example,Ahmedabad,Retail,E002,Diya Patel,Equities,Mumbai,TCS,Tata Consultancy Services Ltd,NSE,BUY,75,1920.71,144053.25,INTRADAY,LIMIT,PARTIALLY_EXECUTED,2026-04-10 18:24:00
TRD001474,C003,Crestline Wealth,Aman Kapoor,aman.kapoor@crestline.example,Delhi,HNI,E003,Kabir Singh,Derivatives,Pune,TCS,Tata Consultancy Services Ltd,NSE,SELL,25,2388.03,59700.75,DELIVERY,MARKET,EXECUTED,2026-02-12 15:57:00
TRD001475,C005,Evergreen Holdings,Rohan Iyer,rohan.iyer@evergreen.example,Chennai,HNI,E007,Reyansh Mehta,Operations,Mumbai,TATASTEEL,Tata Steel Ltd,NSE,SELL,10,2184.46,21844.6,DELIVERY,LIMIT,EXECUTED,2026-01-03 14:24:00
TRD001476,C010,Jupiter Investments,Ishita Desai,ishita.desai@jupiter.example,Mumbai,Institutional,E003,Kabir Singh,Derivatives,Pune,MARUTI,Maruti Suzuki India Ltd,NSE,BUY,250,3382.04,845510.0,INTRADAY,LIMIT,PARTIALLY_EXECUTED,2026-02-04 17:32:00
TRD001477,C007,Gateway Financial,Vikram Joshi,vikram.joshi@gateway.example,Mumbai,Institutional,E002,Diya Patel,Equities,Mumbai,SBIN,State Bank of India,NSE,SELL,500,2691.43,1345715.0,DELIVERY,MARKET,EXECUTED,2026-04-09 22:40:00
TRD001478,C017,Quantum Securities,Nikhil Verma,nikhil.verma@quantum.example,Noida,Institutional,E003,Kabir Singh,Derivatives,Pune,INFY,Infosys Ltd,NSE,SELL,500,4158.3,2079150.0,DELIVERY,MARKET,PARTIALLY_EXECUTED,2026-01-14 14:24:00
TRD001479,C012,Lotus Financial,Meera Kulkarni,meera.kulkarni@lotus.example,Pune,Retail,E004,Ira Deshmukh,Equities,Delhi,WIPRO,Wipro Ltd,NSE,SELL,10,3181.01,31810.1,INTRADAY,LIMIT,EXECUTED,2026-01-09 04:43:00
TRD001480,C007,Gateway Financial,Vikram Joshi,vikram.joshi@gateway.example,Mumbai,Institutional,E006,Anaya Joshi,Derivatives,Bengaluru,BHARTIARTL,Bharti Airtel Ltd,NSE,SELL,1000,3526.67,3526670.0,DELIVERY,LIMIT,PARTIALLY_EXECUTED,2026-02-11 07:04:00
TRD001481,C006,Falcon Broking,Simran Kaur,simran.kaur@falcon.example,Ahmedabad,Retail,E004,Ira Deshmukh,Equities,Delhi,ULTRACEMCO,UltraTech Cement Ltd,NSE,SELL,250,3266.3,816575.0,DELIVERY,LIMIT,EXECUTED,2026-03-21 03:55:00
TRD001482,C018,Riverstone Advisors,Pooja Menon,pooja.menon@riverstone.example,Kochi,HNI,E002,Diya Patel,Equities,Mumbai,ICICIBANK,ICICI Bank Ltd,NSE,BUY,150,1226.46,183969.0,INTRADAY,LIMIT,EXECUTED,2026-02-21 12:13:00
TRD001483,C018,Riverstone Advisors,Pooja Menon,pooja.menon@riverstone.example,Kochi,HNI,E010,Kiara Kapoor,Operations,Pune,MARUTI,Maruti Suzuki India Ltd,NSE,SELL,250,2189.58,547395.0,DELIVERY,LIMIT,EXECUTED,2026-03-12 16:07:00
TRD001484,C003,Crestline Wealth,Aman Kapoor,aman.kapoor@crestline.example,Delhi,HNI,E008,Myra Nair,Equities,Hyderabad,MARUTI,Maruti Suzuki India Ltd,NSE,BUY,100,2673.83,267383.0,INTRADAY,MARKET,EXECUTED,2026-02-19 18:21:00
TRD001485,C011,Keystone Asset Mgmt,Arjun Bhat,arjun.bhat@keystone.example,Nashik,HNI,E004,Ira Deshmukh,Equities,Delhi,TCS,Tata Consultancy Services Ltd,NSE,BUY,150,4086.18,612927.0,INTRADAY,LIMIT,EXECUTED,2026-02-05 07:26:00
TRD001486,C009,Indus Prime,Karan Malhotra,karan.malhotra@indusprime.example,Kolkata,Retail,E010,Kiara Kapoor,Operations,Pune,HCLTECH,HCL Technologies Ltd,NSE,BUY,1000,3749.61,3749610.0,INTRADAY,MARKET,EXECUTED,2026-01-26 17:45:00
TRD001487,C018,Riverstone Advisors,Pooja Menon,pooja.menon@riverstone.example,Kochi,HNI,E009,Arnav Rao,Risk,Mumbai,MARUTI,Maruti Suzuki India Ltd,NSE,BUY,250,2478.9,619725.0,DELIVERY,LIMIT,EXECUTED,2026-02-01 22:54:00
TRD001488,C007,Gateway Financial,Vikram Joshi,vikram.joshi@gateway.example,Mumbai,Institutional,E010,Kiara Kapoor,Operations,Pune,MARUTI,Maruti Suzuki India Ltd,NSE,BUY,250,1628.12,407030.0,INTRADAY,LIMIT,PARTIALLY_EXECUTED,2026-03-13 16:18:00
TRD001489,C018,Riverstone Advisors,Pooja Menon,pooja.menon@riverstone.example,Kochi,HNI,E006,Anaya Joshi,Derivatives,Bengaluru,ICICIBANK,ICICI Bank Ltd,NSE,SELL,1000,381.49,381490.0,INTRADAY,LIMIT,EXECUTED,2026-01-24 00:53:00
TRD001490,C003,Crestline Wealth,Aman Kapoor,aman.kapoor@crestline.example,Delhi,HNI,E004,Ira Deshmukh,Equities,Delhi,WIPRO,Wipro Ltd,NSE,SELL,250,3931.5,982875.0,INTRADAY,LIMIT,EXECUTED,2026-04-11 15:03:00
TRD001491,C009,Indus Prime,Karan Malhotra,karan.malhotra@indusprime.example,Kolkata,Retail,E001,Aarav Sharma,Equities,Mumbai,HCLTECH,HCL Technologies Ltd,NSE,SELL,1000,529.75,529750.0,INTRADAY,LIMIT,EXECUTED,2026-03-21 23:17:00
TRD001492,C005,Evergreen Holdings,Rohan Iyer,rohan.iyer@evergreen.example,Chennai,HNI,E003,Kabir Singh,Derivatives,Pune,HDFCBANK,HDFC Bank Ltd,NSE,SELL,10,253.86,2538.6,INTRADAY,MARKET,EXECUTED,2026-01-14 04:18:00
TRD001493,C005,Evergreen Holdings,Rohan Iyer,rohan.iyer@evergreen.example,Chennai,HNI,E002,Diya Patel,Equities,Mumbai,HCLTECH,HCL Technologies Ltd,NSE,BUY,10,3752.75,37527.5,DELIVERY,MARKET,EXECUTED,2026-04-14 12:37:00
TRD001494,C011,Keystone Asset Mgmt,Arjun Bhat,arjun.bhat@keystone.example,Nashik,HNI,E010,Kiara Kapoor,Operations,Pune,WIPRO,Wipro Ltd,NSE,SELL,200,1075.4,215080.0,INTRADAY,LIMIT,EXECUTED,2026-02-10 12:21:00
TRD001495,C005,Evergreen Holdings,Rohan Iyer,rohan.iyer@evergreen.example,Chennai,HNI,E001,Aarav Sharma,Equities,Mumbai,BAJFINANCE,Bajaj Finance Ltd,NSE,SELL,75,792.13,59409.75,DELIVERY,MARKET,EXECUTED,2026-03-12 03:47:00
TRD001496,C003,Crestline Wealth,Aman Kapoor,aman.kapoor@crestline.example,Delhi,HNI,E010,Kiara Kapoor,Operations,Pune,ULTRACEMCO,UltraTech Cement Ltd,NSE,SELL,250,597.58,149395.0,INTRADAY,MARKET,EXECUTED,2026-02-15 04:53:00
TRD001497,C015,Orion Broking,Dev Patel,dev.patel@orion.example,Surat,Retail,E010,Kiara Kapoor,Operations,Pune,SBIN,State Bank of India,NSE,BUY,75,1235.02,92626.5,DELIVERY,LIMIT,PARTIALLY_EXECUTED,2026-01-01 23:05:00
TRD001498,C019,Summit Investments,Yash Agarwal,yash.agarwal@summit.example,Indore,Retail,E010,Kiara Kapoor,Operations,Pune,BHARTIARTL,Bharti Airtel Ltd,NSE,SELL,75,1040.42,78031.5,INTRADAY,LIMIT,PARTIALLY_EXECUTED,2026-01-16 07:30:00
TRD001499,C005,Evergreen Holdings,Rohan Iyer,rohan.iyer@evergreen.example,Chennai,HNI,E007,Reyansh Mehta,Operations,Mumbai,ULTRACEMCO,UltraTech Cement Ltd,NSE,SELL,10,2312.3,23123.0,DELIVERY,LIMIT,PARTIALLY_EXECUTED,2026-02-19 20:25:00
TRD001500,C017,Quantum Securities,Nikhil Verma,nikhil.verma@quantum.example,Noida,Institutional,E006,Anaya Joshi,Derivatives,Bengaluru,MARUTI,Maruti Suzuki India Ltd,NSE,BUY,250,2173.61,543402.5,INTRADAY,MARKET,EXECUTED,2026-03-13 00:00:00
TRD001501,C005,Evergreen Holdings,Rohan Iyer,rohan.iyer@evergreen.example,Chennai,HNI,E002,Diya Patel,Equities,Mumbai,ULTRACEMCO,UltraTech Cement Ltd,NSE,SELL,50,3327.91,166395.5,DELIVERY,LIMIT,EXECUTED,2026-02-08 02:13:00
TRD001502,C013,Meridian Capital,Aditya Jain,aditya.jain@meridian.example,Jaipur,Institutional,E005,Vihaan Shah,Operations,Mumbai,LT,Larsen & Toubro Ltd,NSE,SELL,75,1646.41,123480.75,DELIVERY,MARKET,EXECUTED,2026-03-27 21:27:00
TRD001503,C015,Orion Broking,Dev Patel,dev.patel@orion.example,Surat,Retail,E001,Aarav Sharma,Equities,Mumbai,BHARTIARTL,Bharti Airtel Ltd,NSE,SELL,150,1652.7,247905.0,INTRADAY,LIMIT,PARTIALLY_EXECUTED,2026-03-31 18:16:00
TRD001504,C003,Crestline Wealth,Aman Kapoor,aman.kapoor@crestline.example,Delhi,HNI,E007,Reyansh Mehta,Operations,Mumbai,WIPRO,Wipro Ltd,NSE,SELL,75,1192.44,89433.0,INTRADAY,MARKET,EXECUTED,2026-02-17 16:35:00
TRD001505,C008,Horizon Partners,Ananya Rao,ananya.rao@horizon.example,Hyderabad,HNI,E010,Kiara Kapoor,Operations,Pune,KOTAKBANK,Kotak Mahindra Bank Ltd,NSE,BUY,10,4114.25,41142.5,DELIVERY,MARKET,EXECUTED,2026-03-08 18:05:00
TRD001506,C006,Falcon Broking,Simran Kaur,simran.kaur@falcon.example,Ahmedabad,Retail,E002,Diya Patel,Equities,Mumbai,ULTRACEMCO,UltraTech Cement Ltd,NSE,BUY,100,411.14,41114.0,INTRADAY,MARKET,EXECUTED,2026-02-16 19:59:00
TRD001507,C005,Evergreen Holdings,Rohan Iyer,rohan.iyer@evergreen.example,Chennai,HNI,E007,Reyansh Mehta,Operations,Mumbai,WIPRO,Wipro Ltd,NSE,BUY,75,1769.95,132746.25,DELIVERY,MARKET,EXECUTED,2026-01-31 17:15:00
TRD001508,C020,Trident Capital,Riya Chawla,riya.chawla@trident.example,Chandigarh,Institutional,E001,Aarav Sharma,Equities,Mumbai,TCS,Tata Consultancy Services Ltd,NSE,BUY,100,2339.77,233977.0,DELIVERY,MARKET,EXECUTED,2026-03-19 10:31:00
TRD001509,C007,Gateway Financial,Vikram Joshi,vikram.joshi@gateway.example,Mumbai,Institutional,E010,Kiara Kapoor,Operations,Pune,INFY,Infosys Ltd,NSE,BUY,25,1192.12,29803.0,DELIVERY,LIMIT,EXECUTED,2026-02-02 22:08:00
TRD001510,C006,Falcon Broking,Simran Kaur,simran.kaur@falcon.example,Ahmedabad,Retail,E003,Kabir Singh,Derivatives,Pune,BAJFINANCE,Bajaj Finance Ltd,NSE,BUY,75,3323.13,249234.75,DELIVERY,LIMIT,EXECUTED,2026-03-01 15:17:00
TRD001511,C017,Quantum Securities,Nikhil Verma,nikhil.verma@quantum.example,Noida,Institutional,E009,Arnav Rao,Risk,Mumbai,RELIANCE,Reliance Industries Ltd,NSE,SELL,50,772.21,38610.5,DELIVERY,MARKET,EXECUTED,2026-03-27 18:38:00
TRD001512,C020,Trident Capital,Riya Chawla,riya.chawla@trident.example,Chandigarh,Institutional,E006,Anaya Joshi,Derivatives,Bengaluru,TCS,Tata Consultancy Services Ltd,NSE,SELL,250,1096.42,274105.0,DELIVERY,MARKET,EXECUTED,2026-02-02 06:28:00
TRD001513,C020,Trident Capital,Riya Chawla,riya.chawla@trident.example,Chandigarh,Institutional,E001,Aarav Sharma,Equities,Mumbai,INFY,Infosys Ltd,NSE,SELL,50,87.36,4368.0,INTRADAY,LIMIT,PARTIALLY_EXECUTED,2026-03-26 06:23:00
TRD001514,C017,Quantum Securities,Nikhil Verma,nikhil.verma@quantum.example,Noida,Institutional,E008,Myra Nair,Equities,Hyderabad,KOTAKBANK,Kotak Mahindra Bank Ltd,NSE,SELL,1000,2461.3,2461300.0,INTRADAY,LIMIT,EXECUTED,2026-03-16 03:35:00
TRD001515,C017,Quantum Securities,Nikhil Verma,nikhil.verma@quantum.example,Noida,Institutional,E008,Myra Nair,Equities,Hyderabad,ICICIBANK,ICICI Bank Ltd,NSE,BUY,75,387.11,29033.25,INTRADAY,MARKET,PARTIALLY_EXECUTED,2026-03-09 06:53:00
TRD001516,C013,Meridian Capital,Aditya Jain,aditya.jain@meridian.example,Jaipur,Institutional,E007,Reyansh Mehta,Operations,Mumbai,AXISBANK,Axis Bank Ltd,NSE,SELL,10,1379.35,13793.5,DELIVERY,MARKET,PARTIALLY_EXECUTED,2026-02-06 13:23:00
TRD001517,C005,Evergreen Holdings,Rohan Iyer,rohan.iyer@evergreen.example,Chennai,HNI,E008,Myra Nair,Equities,Hyderabad,TCS,Tata Consultancy Services Ltd,NSE,BUY,100,1716.02,171602.0,DELIVERY,MARKET,PARTIALLY_EXECUTED,2026-01-27 07:02:00
TRD001518,C009,Indus Prime,Karan Malhotra,karan.malhotra@indusprime.example,Kolkata,Retail,E008,Myra Nair,Equities,Hyderabad,BHARTIARTL,Bharti Airtel Ltd,NSE,SELL,250,1614.0,403500.0,INTRADAY,MARKET,PARTIALLY_EXECUTED,2026-02-07 15:33:00
TRD001519,C002,BlueRock Investments,Neha Shah,neha.shah@bluerock.example,Pune,Institutional,E004,Ira Deshmukh,Equities,Delhi,ICICIBANK,ICICI Bank Ltd,NSE,BUY,100,1624.16,162416.0,INTRADAY,LIMIT,PARTIALLY_EXECUTED,2026-03-06 04:50:00
TRD001520,C003,Crestline Wealth,Aman Kapoor,aman.kapoor@crestline.example,Delhi,HNI,E010,Kiara Kapoor,Operations,Pune,AXISBANK,Axis Bank Ltd,NSE,SELL,500,2354.86,1177430.0,INTRADAY,MARKET,EXECUTED,2026-01-08 18:18:00
TRD001521,C011,Keystone Asset Mgmt,Arjun Bhat,arjun.bhat@keystone.example,Nashik,HNI,E004,Ira Deshmukh,Equities,Delhi,AXISBANK,Axis Bank Ltd,NSE,BUY,10,4167.49,41674.9,INTRADAY,MARKET,EXECUTED,2026-01-27 22:52:00
TRD001522,C017,Quantum Securities,Nikhil Verma,nikhil.verma@quantum.example,Noida,Institutional,E004,Ira Deshmukh,Equities,Delhi,KOTAKBANK,Kotak Mahindra Bank Ltd,NSE,SELL,10,1930.0,19300.0,INTRADAY,LIMIT,EXECUTED,2026-03-03 04:41:00
TRD001523,C010,Jupiter Investments,Ishita Desai,ishita.desai@jupiter.example,Mumbai,Institutional,E006,Anaya Joshi,Derivatives,Bengaluru,RELIANCE,Reliance Industries Ltd,NSE,BUY,250,3206.2,801550.0,DELIVERY,MARKET,EXECUTED,2026-03-21 06:50:00
TRD001524,C013,Meridian Capital,Aditya Jain,aditya.jain@meridian.example,Jaipur,Institutional,E006,Anaya Joshi,Derivatives,Bengaluru,ADANIENT,Adani Enterprises Ltd,NSE,SELL,50,670.2,33510.0,DELIVERY,LIMIT,EXECUTED,2026-02-06 03:02:00
TRD001525,C013,Meridian Capital,Aditya Jain,aditya.jain@meridian.example,Jaipur,Institutional,E004,Ira Deshmukh,Equities,Delhi,RELIANCE,Reliance Industries Ltd,NSE,BUY,100,134.85,13485.0,DELIVERY,LIMIT,EXECUTED,2026-01-25 14:04:00
TRD001526,C014,Northstar Wealth,Tanya Sethi,tanya.sethi@northstar.example,Gurugram,HNI,E003,Kabir Singh,Derivatives,Pune,HCLTECH,HCL Technologies Ltd,NSE,SELL,75,87.33,6549.75,DELIVERY,MARKET,EXECUTED,2026-01-13 10:36:00
TRD001527,C016,Pinnacle Finance,Sara Fernandes,sara.fernandes@pinnacle.example,Goa,HNI,E002,Diya Patel,Equities,Mumbai,LT,Larsen & Toubro Ltd,NSE,SELL,50,3890.64,194532.0,DELIVERY,MARKET,PARTIALLY_EXECUTED,2026-04-01 05:18:00
TRD001528,C011,Keystone Asset Mgmt,Arjun Bhat,arjun.bhat@keystone.example,Nashik,HNI,E010,Kiara Kapoor,Operations,Pune,SUNPHARMA,Sun Pharmaceutical Industries Ltd,NSE,SELL,100,2459.53,245953.0,INTRADAY,LIMIT,EXECUTED,2026-04-11 03:10:00
TRD001529,C019,Summit Investments,Yash Agarwal,yash.agarwal@summit.example,Indore,Retail,E009,Arnav Rao,Risk,Mumbai,WIPRO,Wipro Ltd,NSE,BUY,75,3438.44,257883.0,INTRADAY,LIMIT,EXECUTED,2026-03-21 08:52:00
TRD001530,C017,Quantum Securities,Nikhil Verma,nikhil.verma@quantum.example,Noida,Institutional,E005,Vihaan Shah,Operations,Mumbai,ASIANPAINT,Asian Paints Ltd,NSE,SELL,10,4002.89,40028.9,INTRADAY,MARKET,EXECUTED,2026-02-25 01:27:00
TRD001531,C018,Riverstone Advisors,Pooja Menon,pooja.menon@riverstone.example,Kochi,HNI,E004,Ira Deshmukh,Equities,Delhi,LT,Larsen & Toubro Ltd,NSE,BUY,250,3809.79,952447.5,INTRADAY,LIMIT,PARTIALLY_EXECUTED,2026-01-19 08:01:00
TRD001532,C014,Northstar Wealth,Tanya Sethi,tanya.sethi@northstar.example,Gurugram,HNI,E010,Kiara Kapoor,Operations,Pune,MARUTI,Maruti Suzuki India Ltd,NSE,SELL,25,1082.86,27071.5,DELIVERY,LIMIT,EXECUTED,2026-03-29 23:31:00
TRD001533,C014,Northstar Wealth,Tanya Sethi,tanya.sethi@northstar.example,Gurugram,HNI,E007,Reyansh Mehta,Operations,Mumbai,HCLTECH,HCL Technologies Ltd,NSE,BUY,200,2032.11,406422.0,INTRADAY,LIMIT,EXECUTED,2026-01-06 22:55:00
TRD001534,C010,Jupiter Investments,Ishita Desai,ishita.desai@jupiter.example,Mumbai,Institutional,E004,Ira Deshmukh,Equities,Delhi,ASIANPAINT,Asian Paints Ltd,NSE,SELL,200,2506.36,501272.0,INTRADAY,MARKET,EXECUTED,2026-03-16 04:06:00
TRD001535,C008,Horizon Partners,Ananya Rao,ananya.rao@horizon.example,Hyderabad,HNI,E010,Kiara Kapoor,Operations,Pune,SBIN,State Bank of India,NSE,SELL,50,2545.7,127285.0,DELIVERY,MARKET,EXECUTED,2026-03-10 23:43:00
TRD001536,C003,Crestline Wealth,Aman Kapoor,aman.kapoor@crestline.example,Delhi,HNI,E001,Aarav Sharma,Equities,Mumbai,ICICIBANK,ICICI Bank Ltd,NSE,SELL,250,3774.43,943607.5,DELIVERY,MARKET,PARTIALLY_EXECUTED,2026-01-29 00:51:00
TRD001537,C006,Falcon Broking,Simran Kaur,simran.kaur@falcon.example,Ahmedabad,Retail,E001,Aarav Sharma,Equities,Mumbai,ICICIBANK,ICICI Bank Ltd,NSE,SELL,150,2878.01,431701.5,DELIVERY,MARKET,EXECUTED,2026-03-07 10:06:00
TRD001538,C010,Jupiter Investments,Ishita Desai,ishita.desai@jupiter.example,Mumbai,Institutional,E006,Anaya Joshi,Derivatives,Bengaluru,HDFCBANK,HDFC Bank Ltd,NSE,BUY,1000,423.85,423850.0,DELIVERY,MARKET,EXECUTED,2026-01-08 13:53:00
TRD001539,C013,Meridian Capital,Aditya Jain,aditya.jain@meridian.example,Jaipur,Institutional,E008,Myra Nair,Equities,Hyderabad,HDFCBANK,HDFC Bank Ltd,NSE,SELL,1000,1284.23,1284230.0,DELIVERY,LIMIT,EXECUTED,2026-04-07 03:45:00
TRD001540,C003,Crestline Wealth,Aman Kapoor,aman.kapoor@crestline.example,Delhi,HNI,E008,Myra Nair,Equities,Hyderabad,ULTRACEMCO,UltraTech Cement Ltd,NSE,SELL,50,2732.85,136642.5,DELIVERY,LIMIT,EXECUTED,2026-04-05 02:50:00
TRD001541,C010,Jupiter Investments,Ishita Desai,ishita.desai@jupiter.example,Mumbai,Institutional,E001,Aarav Sharma,Equities,Mumbai,BHARTIARTL,Bharti Airtel Ltd,NSE,SELL,50,2944.55,147227.5,INTRADAY,LIMIT,EXECUTED,2026-03-24 18:17:00
TRD001542,C013,Meridian Capital,Aditya Jain,aditya.jain@meridian.example,Jaipur,Institutional,E007,Reyansh Mehta,Operations,Mumbai,LT,Larsen & Toubro Ltd,NSE,SELL,150,951.4,142710.0,DELIVERY,MARKET,EXECUTED,2026-03-26 08:38:00
TRD001543,C003,Crestline Wealth,Aman Kapoor,aman.kapoor@crestline.example,Delhi,HNI,E001,Aarav Sharma,Equities,Mumbai,TCS,Tata Consultancy Services Ltd,NSE,BUY,50,528.08,26404.0,DELIVERY,MARKET,EXECUTED,2026-03-24 02:36:00
TRD001544,C010,Jupiter Investments,Ishita Desai,ishita.desai@jupiter.example,Mumbai,Institutional,E006,Anaya Joshi,Derivatives,Bengaluru,MARUTI,Maruti Suzuki India Ltd,NSE,BUY,250,1876.4,469100.0,INTRADAY,MARKET,PARTIALLY_EXECUTED,2026-01-23 16:58:00
TRD001545,C002,BlueRock Investments,Neha Shah,neha.shah@bluerock.example,Pune,Institutional,E006,Anaya Joshi,Derivatives,Bengaluru,SBIN,State Bank of India,NSE,SELL,75,1505.03,112877.25,DELIVERY,LIMIT,PARTIALLY_EXECUTED,2026-01-10 06:57:00
TRD001546,C006,Falcon Broking,Simran Kaur,simran.kaur@falcon.example,Ahmedabad,Retail,E008,Myra Nair,Equities,Hyderabad,ADANIENT,Adani Enterprises Ltd,NSE,SELL,150,1935.15,290272.5,INTRADAY,LIMIT,EXECUTED,2026-03-01 21:32:00
TRD001547,C001,Apex Capital Advisors,Raj Mehta,raj.mehta@apexcapital.example,Mumbai,Institutional,E003,Kabir Singh,Derivatives,Pune,WIPRO,Wipro Ltd,NSE,SELL,25,2088.57,52214.25,DELIVERY,MARKET,EXECUTED,2026-03-03 06:56:00
TRD001548,C008,Horizon Partners,Ananya Rao,ananya.rao@horizon.example,Hyderabad,HNI,E009,Arnav Rao,Risk,Mumbai,ULTRACEMCO,UltraTech Cement Ltd,NSE,SELL,100,3818.57,381857.0,INTRADAY,MARKET,EXECUTED,2026-02-03 05:55:00
TRD001549,C012,Lotus Financial,Meera Kulkarni,meera.kulkarni@lotus.example,Pune,Retail,E006,Anaya Joshi,Derivatives,Bengaluru,ULTRACEMCO,UltraTech Cement Ltd,NSE,SELL,150,96.26,14439.0,DELIVERY,MARKET,EXECUTED,2026-03-30 06:37:00
TRD001550,C011,Keystone Asset Mgmt,Arjun Bhat,arjun.bhat@keystone.example,Nashik,HNI,E009,Arnav Rao,Risk,Mumbai,WIPRO,Wipro Ltd,NSE,SELL,500,4173.79,2086895.0,INTRADAY,MARKET,PARTIALLY_EXECUTED,2026-02-06 04:28:00
TRD001551,C019,Summit Investments,Yash Agarwal,yash.agarwal@summit.example,Indore,Retail,E009,Arnav Rao,Risk,Mumbai,AXISBANK,Axis Bank Ltd,NSE,SELL,10,1255.66,12556.6,INTRADAY,MARKET,PARTIALLY_EXECUTED,2026-01-04 15:31:00
TRD001552,C014,Northstar Wealth,Tanya Sethi,tanya.sethi@northstar.example,Gurugram,HNI,E008,Myra Nair,Equities,Hyderabad,ULTRACEMCO,UltraTech Cement Ltd,NSE,BUY,150,3520.21,528031.5,INTRADAY,LIMIT,EXECUTED,2026-02-10 23:06:00
TRD001553,C002,BlueRock Investments,Neha Shah,neha.shah@bluerock.example,Pune,Institutional,E004,Ira Deshmukh,Equities,Delhi,TCS,Tata Consultancy Services Ltd,NSE,SELL,200,1176.98,235396.0,DELIVERY,MARKET,EXECUTED,2026-04-08 00:06:00
TRD001554,C015,Orion Broking,Dev Patel,dev.patel@orion.example,Surat,Retail,E004,Ira Deshmukh,Equities,Delhi,BHARTIARTL,Bharti Airtel Ltd,NSE,BUY,200,281.55,56310.0,INTRADAY,LIMIT,EXECUTED,2026-01-15 05:45:00
TRD001555,C017,Quantum Securities,Nikhil Verma,nikhil.verma@quantum.example,Noida,Institutional,E005,Vihaan Shah,Operations,Mumbai,ULTRACEMCO,UltraTech Cement Ltd,NSE,BUY,250,4154.19,1038547.5,INTRADAY,MARKET,EXECUTED,2026-02-09 05:40:00
TRD001556,C013,Meridian Capital,Aditya Jain,aditya.jain@meridian.example,Jaipur,Institutional,E009,Arnav Rao,Risk,Mumbai,MARUTI,Maruti Suzuki India Ltd,NSE,BUY,500,2784.86,1392430.0,INTRADAY,MARKET,EXECUTED,2026-01-03 23:20:00
TRD001557,C008,Horizon Partners,Ananya Rao,ananya.rao@horizon.example,Hyderabad,HNI,E008,Myra Nair,Equities,Hyderabad,TATASTEEL,Tata Steel Ltd,NSE,BUY,50,3916.4,195820.0,DELIVERY,LIMIT,EXECUTED,2026-02-17 09:18:00
TRD001558,C014,Northstar Wealth,Tanya Sethi,tanya.sethi@northstar.example,Gurugram,HNI,E003,Kabir Singh,Derivatives,Pune,HCLTECH,HCL Technologies Ltd,NSE,BUY,50,1572.28,78614.0,INTRADAY,MARKET,EXECUTED,2026-02-22 22:56:00
TRD001559,C005,Evergreen Holdings,Rohan Iyer,rohan.iyer@evergreen.example,Chennai,HNI,E002,Diya Patel,Equities,Mumbai,TATASTEEL,Tata Steel Ltd,NSE,BUY,25,3289.21,82230.25,DELIVERY,MARKET,PARTIALLY_EXECUTED,2026-02-19 13:07:00
TRD001560,C011,Keystone Asset Mgmt,Arjun Bhat,arjun.bhat@keystone.example,Nashik,HNI,E002,Diya Patel,Equities,Mumbai,KOTAKBANK,Kotak Mahindra Bank Ltd,NSE,SELL,500,587.43,293715.0,DELIVERY,LIMIT,EXECUTED,2026-02-21 01:09:00
TRD001561,C012,Lotus Financial,Meera Kulkarni,meera.kulkarni@lotus.example,Pune,Retail,E003,Kabir Singh,Derivatives,Pune,BHARTIARTL,Bharti Airtel Ltd,NSE,BUY,500,3973.43,1986715.0,DELIVERY,MARKET,EXECUTED,2026-01-04 16:53:00
TRD001562,C005,Evergreen Holdings,Rohan Iyer,rohan.iyer@evergreen.example,Chennai,HNI,E006,Anaya Joshi,Derivatives,Bengaluru,SBIN,State Bank of India,NSE,BUY,250,4163.43,1040857.5,DELIVERY,LIMIT,PARTIALLY_EXECUTED,2026-03-06 08:27:00
TRD001563,C014,Northstar Wealth,Tanya Sethi,tanya.sethi@northstar.example,Gurugram,HNI,E002,Diya Patel,Equities,Mumbai,KOTAKBANK,Kotak Mahindra Bank Ltd,NSE,SELL,75,774.36,58077.0,DELIVERY,MARKET,PARTIALLY_EXECUTED,2026-03-30 09:21:00
TRD001564,C018,Riverstone Advisors,Pooja Menon,pooja.menon@riverstone.example,Kochi,HNI,E008,Myra Nair,Equities,Hyderabad,BHARTIARTL,Bharti Airtel Ltd,NSE,SELL,150,904.35,135652.5,DELIVERY,LIMIT,EXECUTED,2026-01-09 00:35:00
TRD001565,C001,Apex Capital Advisors,Raj Mehta,raj.mehta@apexcapital.example,Mumbai,Institutional,E010,Kiara Kapoor,Operations,Pune,SUNPHARMA,Sun Pharmaceutical Industries Ltd,NSE,BUY,150,2754.47,413170.5,DELIVERY,LIMIT,PARTIALLY_EXECUTED,2026-03-18 00:44:00
TRD001566,C003,Crestline Wealth,Aman Kapoor,aman.kapoor@crestline.example,Delhi,HNI,E003,Kabir Singh,Derivatives,Pune,HDFCBANK,HDFC Bank Ltd,NSE,BUY,1000,643.69,643690.0,INTRADAY,MARKET,EXECUTED,2026-04-01 09:04:00
TRD001567,C011,Keystone Asset Mgmt,Arjun Bhat,arjun.bhat@keystone.example,Nashik,HNI,E004,Ira Deshmukh,Equities,Delhi,AXISBANK,Axis Bank Ltd,NSE,SELL,100,245.23,24523.0,DELIVERY,LIMIT,EXECUTED,2026-01-20 18:52:00
TRD001568,C009,Indus Prime,Karan Malhotra,karan.malhotra@indusprime.example,Kolkata,Retail,E007,Reyansh Mehta,Operations,Mumbai,ICICIBANK,ICICI Bank Ltd,NSE,SELL,150,3581.67,537250.5,INTRADAY,MARKET,PARTIALLY_EXECUTED,2026-01-14 22:17:00
TRD001569,C010,Jupiter Investments,Ishita Desai,ishita.desai@jupiter.example,Mumbai,Institutional,E005,Vihaan Shah,Operations,Mumbai,HCLTECH,HCL Technologies Ltd,NSE,BUY,10,4122.86,41228.6,DELIVERY,MARKET,EXECUTED,2026-03-02 01:13:00
TRD001570,C017,Quantum Securities,Nikhil Verma,nikhil.verma@quantum.example,Noida,Institutional,E010,Kiara Kapoor,Operations,Pune,ULTRACEMCO,UltraTech Cement Ltd,NSE,BUY,150,551.53,82729.5,INTRADAY,LIMIT,EXECUTED,2026-02-18 11:33:00
TRD001571,C006,Falcon Broking,Simran Kaur,simran.kaur@falcon.example,Ahmedabad,Retail,E010,Kiara Kapoor,Operations,Pune,ITC,ITC Ltd,NSE,BUY,75,286.96,21522.0,DELIVERY,LIMIT,EXECUTED,2026-02-27 02:09:00
TRD001572,C004,Delta Securities,Priya Nair,priya.nair@delta.example,Bengaluru,Institutional,E007,Reyansh Mehta,Operations,Mumbai,RELIANCE,Reliance Industries Ltd,NSE,SELL,200,467.56,93512.0,INTRADAY,MARKET,EXECUTED,2026-03-03 01:18:00
TRD001573,C003,Crestline Wealth,Aman Kapoor,aman.kapoor@crestline.example,Delhi,HNI,E002,Diya Patel,Equities,Mumbai,TCS,Tata Consultancy Services Ltd,NSE,BUY,25,3753.12,93828.0,INTRADAY,LIMIT,PARTIALLY_EXECUTED,2026-01-09 03:02:00
TRD001574,C018,Riverstone Advisors,Pooja Menon,pooja.menon@riverstone.example,Kochi,HNI,E002,Diya Patel,Equities,Mumbai,WIPRO,Wipro Ltd,NSE,BUY,1000,3951.69,3951690.0,DELIVERY,LIMIT,EXECUTED,2026-02-15 10:55:00
TRD001575,C006,Falcon Broking,Simran Kaur,simran.kaur@falcon.example,Ahmedabad,Retail,E010,Kiara Kapoor,Operations,Pune,HDFCBANK,HDFC Bank Ltd,NSE,BUY,250,983.79,245947.5,DELIVERY,MARKET,PARTIALLY_EXECUTED,2026-01-24 10:38:00
TRD001576,C001,Apex Capital Advisors,Raj Mehta,raj.mehta@apexcapital.example,Mumbai,Institutional,E009,Arnav Rao,Risk,Mumbai,WIPRO,Wipro Ltd,NSE,BUY,250,2338.22,584555.0,INTRADAY,MARKET,PARTIALLY_EXECUTED,2026-01-12 04:38:00
TRD001577,C007,Gateway Financial,Vikram Joshi,vikram.joshi@gateway.example,Mumbai,Institutional,E009,Arnav Rao,Risk,Mumbai,AXISBANK,Axis Bank Ltd,NSE,SELL,50,1749.6,87480.0,INTRADAY,LIMIT,EXECUTED,2026-03-17 07:18:00
TRD001578,C020,Trident Capital,Riya Chawla,riya.chawla@trident.example,Chandigarh,Institutional,E002,Diya Patel,Equities,Mumbai,HCLTECH,HCL Technologies Ltd,NSE,SELL,1000,2132.94,2132940.0,INTRADAY,MARKET,EXECUTED,2026-01-22 05:59:00
TRD001579,C005,Evergreen Holdings,Rohan Iyer,rohan.iyer@evergreen.example,Chennai,HNI,E010,Kiara Kapoor,Operations,Pune,SBIN,State Bank of India,NSE,BUY,75,630.03,47252.25,DELIVERY,MARKET,EXECUTED,2026-01-08 16:54:00
TRD001580,C003,Crestline Wealth,Aman Kapoor,aman.kapoor@crestline.example,Delhi,HNI,E007,Reyansh Mehta,Operations,Mumbai,ICICIBANK,ICICI Bank Ltd,NSE,BUY,100,4032.93,403293.0,DELIVERY,MARKET,EXECUTED,2026-01-01 21:33:00
TRD001581,C014,Northstar Wealth,Tanya Sethi,tanya.sethi@northstar.example,Gurugram,HNI,E002,Diya Patel,Equities,Mumbai,MARUTI,Maruti Suzuki India Ltd,NSE,BUY,250,679.14,169785.0,INTRADAY,LIMIT,PARTIALLY_EXECUTED,2026-01-23 19:42:00
TRD001582,C013,Meridian Capital,Aditya Jain,aditya.jain@meridian.example,Jaipur,Institutional,E009,Arnav Rao,Risk,Mumbai,WIPRO,Wipro Ltd,NSE,SELL,75,3614.67,271100.25,DELIVERY,LIMIT,EXECUTED,2026-01-27 22:45:00
TRD001583,C007,Gateway Financial,Vikram Joshi,vikram.joshi@gateway.example,Mumbai,Institutional,E004,Ira Deshmukh,Equities,Delhi,ASIANPAINT,Asian Paints Ltd,NSE,SELL,100,1885.11,188511.0,DELIVERY,LIMIT,PARTIALLY_EXECUTED,2026-02-16 06:44:00
TRD001584,C006,Falcon Broking,Simran Kaur,simran.kaur@falcon.example,Ahmedabad,Retail,E001,Aarav Sharma,Equities,Mumbai,RELIANCE,Reliance Industries Ltd,NSE,SELL,500,1274.53,637265.0,DELIVERY,LIMIT,EXECUTED,2026-03-17 15:26:00
TRD001585,C010,Jupiter Investments,Ishita Desai,ishita.desai@jupiter.example,Mumbai,Institutional,E005,Vihaan Shah,Operations,Mumbai,SBIN,State Bank of India,NSE,SELL,10,2032.36,20323.6,DELIVERY,LIMIT,EXECUTED,2026-04-07 19:04:00
TRD001586,C010,Jupiter Investments,Ishita Desai,ishita.desai@jupiter.example,Mumbai,Institutional,E004,Ira Deshmukh,Equities,Delhi,ADANIENT,Adani Enterprises Ltd,NSE,BUY,100,3539.41,353941.0,INTRADAY,MARKET,PARTIALLY_EXECUTED,2026-03-13 11:47:00
TRD001587,C008,Horizon Partners,Ananya Rao,ananya.rao@horizon.example,Hyderabad,HNI,E008,Myra Nair,Equities,Hyderabad,ICICIBANK,ICICI Bank Ltd,NSE,BUY,75,2740.08,205506.0,DELIVERY,MARKET,EXECUTED,2026-03-12 09:30:00
TRD001588,C009,Indus Prime,Karan Malhotra,karan.malhotra@indusprime.example,Kolkata,Retail,E006,Anaya Joshi,Derivatives,Bengaluru,KOTAKBANK,Kotak Mahindra Bank Ltd,NSE,SELL,25,1203.51,30087.75,INTRADAY,LIMIT,EXECUTED,2026-04-05 09:47:00
TRD001589,C003,Crestline Wealth,Aman Kapoor,aman.kapoor@crestline.example,Delhi,HNI,E010,Kiara Kapoor,Operations,Pune,HDFCBANK,HDFC Bank Ltd,NSE,BUY,100,1122.39,112239.0,DELIVERY,LIMIT,EXECUTED,2026-02-14 20:35:00
TRD001590,C005,Evergreen Holdings,Rohan Iyer,rohan.iyer@evergreen.example,Chennai,HNI,E001,Aarav Sharma,Equities,Mumbai,MARUTI,Maruti Suzuki India Ltd,NSE,SELL,1000,1489.43,1489430.0,DELIVERY,MARKET,EXECUTED,2026-03-29 22:51:00
TRD001591,C010,Jupiter Investments,Ishita Desai,ishita.desai@jupiter.example,Mumbai,Institutional,E007,Reyansh Mehta,Operations,Mumbai,WIPRO,Wipro Ltd,NSE,SELL,1000,905.81,905810.0,INTRADAY,MARKET,PARTIALLY_EXECUTED,2026-03-15 13:24:00
TRD001592,C016,Pinnacle Finance,Sara Fernandes,sara.fernandes@pinnacle.example,Goa,HNI,E010,Kiara Kapoor,Operations,Pune,ITC,ITC Ltd,NSE,BUY,150,273.48,41022.0,INTRADAY,LIMIT,EXECUTED,2026-03-03 13:54:00
TRD001593,C018,Riverstone Advisors,Pooja Menon,pooja.menon@riverstone.example,Kochi,HNI,E006,Anaya Joshi,Derivatives,Bengaluru,ASIANPAINT,Asian Paints Ltd,NSE,BUY,200,4025.12,805024.0,DELIVERY,MARKET,EXECUTED,2026-01-04 09:02:00
TRD001594,C008,Horizon Partners,Ananya Rao,ananya.rao@horizon.example,Hyderabad,HNI,E007,Reyansh Mehta,Operations,Mumbai,RELIANCE,Reliance Industries Ltd,NSE,BUY,250,1781.86,445465.0,DELIVERY,LIMIT,EXECUTED,2026-01-14 14:27:00
TRD001595,C008,Horizon Partners,Ananya Rao,ananya.rao@horizon.example,Hyderabad,HNI,E004,Ira Deshmukh,Equities,Delhi,ITC,ITC Ltd,NSE,SELL,25,235.67,5891.75,INTRADAY,MARKET,EXECUTED,2026-01-03 12:21:00
TRD001596,C019,Summit Investments,Yash Agarwal,yash.agarwal@summit.example,Indore,Retail,E008,Myra Nair,Equities,Hyderabad,ITC,ITC Ltd,NSE,BUY,150,3885.48,582822.0,DELIVERY,LIMIT,EXECUTED,2026-01-23 00:12:00
TRD001597,C002,BlueRock Investments,Neha Shah,neha.shah@bluerock.example,Pune,Institutional,E008,Myra Nair,Equities,Hyderabad,WIPRO,Wipro Ltd,NSE,BUY,10,3896.43,38964.3,DELIVERY,LIMIT,EXECUTED,2026-03-31 12:07:00
TRD001598,C004,Delta Securities,Priya Nair,priya.nair@delta.example,Bengaluru,Institutional,E002,Diya Patel,Equities,Mumbai,KOTAKBANK,Kotak Mahindra Bank Ltd,NSE,BUY,1000,1227.61,1227610.0,INTRADAY,LIMIT,PARTIALLY_EXECUTED,2026-03-20 03:18:00
TRD001599,C018,Riverstone Advisors,Pooja Menon,pooja.menon@riverstone.example,Kochi,HNI,E003,Kabir Singh,Derivatives,Pune,TATASTEEL,Tata Steel Ltd,NSE,BUY,1000,172.9,172900.0,DELIVERY,MARKET,EXECUTED,2026-02-20 11:52:00
TRD001600,C008,Horizon Partners,Ananya Rao,ananya.rao@horizon.example,Hyderabad,HNI,E001,Aarav Sharma,Equities,Mumbai,SBIN,State Bank of India,NSE,BUY,75,898.31,67373.25,INTRADAY,MARKET,PARTIALLY_EXECUTED,2026-02-24 02:07:00
TRD001601,C008,Horizon Partners,Ananya Rao,ananya.rao@horizon.example,Hyderabad,HNI,E010,Kiara Kapoor,Operations,Pune,ICICIBANK,ICICI Bank Ltd,NSE,BUY,25,3071.44,76786.0,INTRADAY,LIMIT,PARTIALLY_EXECUTED,2026-02-07 13:15:00
TRD001602,C005,Evergreen Holdings,Rohan Iyer,rohan.iyer@evergreen.example,Chennai,HNI,E002,Diya Patel,Equities,Mumbai,SBIN,State Bank of India,NSE,SELL,200,116.37,23274.0,DELIVERY,MARKET,PARTIALLY_EXECUTED,2026-03-10 13:37:00
TRD001603,C004,Delta Securities,Priya Nair,priya.nair@delta.example,Bengaluru,Institutional,E002,Diya Patel,Equities,Mumbai,SBIN,State Bank of India,NSE,BUY,25,717.64,17941.0,INTRADAY,MARKET,EXECUTED,2026-01-21 03:01:00
TRD001604,C009,Indus Prime,Karan Malhotra,karan.malhotra@indusprime.example,Kolkata,Retail,E009,Arnav Rao,Risk,Mumbai,BAJFINANCE,Bajaj Finance Ltd,NSE,SELL,250,732.69,183172.5,DELIVERY,LIMIT,PARTIALLY_EXECUTED,2026-04-08 09:17:00
TRD001605,C006,Falcon Broking,Simran Kaur,simran.kaur@falcon.example,Ahmedabad,Retail,E010,Kiara Kapoor,Operations,Pune,ADANIENT,Adani Enterprises Ltd,NSE,SELL,150,1155.84,173376.0,DELIVERY,MARKET,PARTIALLY_EXECUTED,2026-02-09 08:52:00
TRD001606,C010,Jupiter Investments,Ishita Desai,ishita.desai@jupiter.example,Mumbai,Institutional,E007,Reyansh Mehta,Operations,Mumbai,BAJFINANCE,Bajaj Finance Ltd,NSE,SELL,25,3684.49,92112.25,DELIVERY,MARKET,EXECUTED,2026-01-22 09:12:00
TRD001607,C018,Riverstone Advisors,Pooja Menon,pooja.menon@riverstone.example,Kochi,HNI,E002,Diya Patel,Equities,Mumbai,BAJFINANCE,Bajaj Finance Ltd,NSE,SELL,200,3826.91,765382.0,DELIVERY,MARKET,EXECUTED,2026-01-26 00:01:00
TRD001608,C005,Evergreen Holdings,Rohan Iyer,rohan.iyer@evergreen.example,Chennai,HNI,E004,Ira Deshmukh,Equities,Delhi,RELIANCE,Reliance Industries Ltd,NSE,BUY,75,2303.0,172725.0,INTRADAY,MARKET,EXECUTED,2026-01-16 14:21:00
TRD001609,C009,Indus Prime,Karan Malhotra,karan.malhotra@indusprime.example,Kolkata,Retail,E006,Anaya Joshi,Derivatives,Bengaluru,BAJFINANCE,Bajaj Finance Ltd,NSE,BUY,50,266.14,13307.0,DELIVERY,MARKET,EXECUTED,2026-03-31 16:18:00
TRD001610,C003,Crestline Wealth,Aman Kapoor,aman.kapoor@crestline.example,Delhi,HNI,E009,Arnav Rao,Risk,Mumbai,ICICIBANK,ICICI Bank Ltd,NSE,SELL,25,1822.03,45550.75,DELIVERY,LIMIT,PARTIALLY_EXECUTED,2026-04-10 21:56:00
TRD001611,C006,Falcon Broking,Simran Kaur,simran.kaur@falcon.example,Ahmedabad,Retail,E005,Vihaan Shah,Operations,Mumbai,MARUTI,Maruti Suzuki India Ltd,NSE,BUY,10,3234.95,32349.5,DELIVERY,MARKET,EXECUTED,2026-01-06 08:37:00
TRD001612,C011,Keystone Asset Mgmt,Arjun Bhat,arjun.bhat@keystone.example,Nashik,HNI,E003,Kabir Singh,Derivatives,Pune,TCS,Tata Consultancy Services Ltd,NSE,BUY,25,2915.94,72898.5,DELIVERY,LIMIT,EXECUTED,2026-03-29 21:48:00
TRD001613,C002,BlueRock Investments,Neha Shah,neha.shah@bluerock.example,Pune,Institutional,E010,Kiara Kapoor,Operations,Pune,TATASTEEL,Tata Steel Ltd,NSE,BUY,150,1372.35,205852.5,INTRADAY,LIMIT,EXECUTED,2026-01-22 08:22:00
TRD001614,C006,Falcon Broking,Simran Kaur,simran.kaur@falcon.example,Ahmedabad,Retail,E002,Diya Patel,Equities,Mumbai,BAJFINANCE,Bajaj Finance Ltd,NSE,BUY,1000,2834.41,2834410.0,INTRADAY,LIMIT,PARTIALLY_EXECUTED,2026-04-09 16:36:00
TRD001615,C017,Quantum Securities,Nikhil Verma,nikhil.verma@quantum.example,Noida,Institutional,E002,Diya Patel,Equities,Mumbai,ICICIBANK,ICICI Bank Ltd,NSE,BUY,100,2148.32,214832.0,INTRADAY,LIMIT,PARTIALLY_EXECUTED,2026-01-09 02:45:00
TRD001616,C002,BlueRock Investments,Neha Shah,neha.shah@bluerock.example,Pune,Institutional,E009,Arnav Rao,Risk,Mumbai,HCLTECH,HCL Technologies Ltd,NSE,SELL,10,266.66,2666.6,DELIVERY,LIMIT,EXECUTED,2026-01-10 06:41:00
TRD001617,C013,Meridian Capital,Aditya Jain,aditya.jain@meridian.example,Jaipur,Institutional,E006,Anaya Joshi,Derivatives,Bengaluru,MARUTI,Maruti Suzuki India Ltd,NSE,BUY,150,3063.85,459577.5,DELIVERY,LIMIT,PARTIALLY_EXECUTED,2026-02-20 11:05:00
TRD001618,C019,Summit Investments,Yash Agarwal,yash.agarwal@summit.example,Indore,Retail,E002,Diya Patel,Equities,Mumbai,LT,Larsen & Toubro Ltd,NSE,SELL,50,3367.54,168377.0,DELIVERY,LIMIT,EXECUTED,2026-04-04 12:49:00
TRD001619,C002,BlueRock Investments,Neha Shah,neha.shah@bluerock.example,Pune,Institutional,E006,Anaya Joshi,Derivatives,Bengaluru,AXISBANK,Axis Bank Ltd,NSE,BUY,1000,1629.46,1629460.0,DELIVERY,LIMIT,EXECUTED,2026-01-09 00:11:00
TRD001620,C014,Northstar Wealth,Tanya Sethi,tanya.sethi@northstar.example,Gurugram,HNI,E004,Ira Deshmukh,Equities,Delhi,LT,Larsen & Toubro Ltd,NSE,SELL,1000,3607.55,3607550.0,INTRADAY,LIMIT,EXECUTED,2026-04-13 00:20:00
TRD001621,C020,Trident Capital,Riya Chawla,riya.chawla@trident.example,Chandigarh,Institutional,E009,Arnav Rao,Risk,Mumbai,SBIN,State Bank of India,NSE,BUY,25,334.83,8370.75,DELIVERY,LIMIT,EXECUTED,2026-01-09 22:32:00
TRD001622,C017,Quantum Securities,Nikhil Verma,nikhil.verma@quantum.example,Noida,Institutional,E002,Diya Patel,Equities,Mumbai,BAJFINANCE,Bajaj Finance Ltd,NSE,BUY,100,2659.26,265926.0,DELIVERY,LIMIT,PARTIALLY_EXECUTED,2026-02-17 11:21:00
TRD001623,C008,Horizon Partners,Ananya Rao,ananya.rao@horizon.example,Hyderabad,HNI,E009,Arnav Rao,Risk,Mumbai,ITC,ITC Ltd,NSE,SELL,75,2259.04,169428.0,INTRADAY,LIMIT,EXECUTED,2026-01-13 01:35:00
TRD001624,C005,Evergreen Holdings,Rohan Iyer,rohan.iyer@evergreen.example,Chennai,HNI,E002,Diya Patel,Equities,Mumbai,ICICIBANK,ICICI Bank Ltd,NSE,SELL,1000,2874.57,2874570.0,INTRADAY,LIMIT,EXECUTED,2026-02-01 11:47:00
TRD001625,C006,Falcon Broking,Simran Kaur,simran.kaur@falcon.example,Ahmedabad,Retail,E001,Aarav Sharma,Equities,Mumbai,LT,Larsen & Toubro Ltd,NSE,SELL,50,1600.38,80019.0,INTRADAY,MARKET,EXECUTED,2026-04-07 13:31:00
TRD001626,C010,Jupiter Investments,Ishita Desai,ishita.desai@jupiter.example,Mumbai,Institutional,E005,Vihaan Shah,Operations,Mumbai,INFY,Infosys Ltd,NSE,SELL,10,3467.68,34676.8,INTRADAY,MARKET,EXECUTED,2026-02-23 11:22:00
TRD001627,C012,Lotus Financial,Meera Kulkarni,meera.kulkarni@lotus.example,Pune,Retail,E005,Vihaan Shah,Operations,Mumbai,RELIANCE,Reliance Industries Ltd,NSE,BUY,200,3330.33,666066.0,INTRADAY,MARKET,EXECUTED,2026-03-09 13:38:00
TRD001628,C007,Gateway Financial,Vikram Joshi,vikram.joshi@gateway.example,Mumbai,Institutional,E001,Aarav Sharma,Equities,Mumbai,INFY,Infosys Ltd,NSE,SELL,200,1351.31,270262.0,INTRADAY,MARKET,EXECUTED,2026-02-21 07:39:00
TRD001629,C004,Delta Securities,Priya Nair,priya.nair@delta.example,Bengaluru,Institutional,E006,Anaya Joshi,Derivatives,Bengaluru,LT,Larsen & Toubro Ltd,NSE,BUY,100,1449.33,144933.0,INTRADAY,MARKET,EXECUTED,2026-01-25 19:48:00
TRD001630,C002,BlueRock Investments,Neha Shah,neha.shah@bluerock.example,Pune,Institutional,E005,Vihaan Shah,Operations,Mumbai,RELIANCE,Reliance Industries Ltd,NSE,SELL,75,927.09,69531.75,DELIVERY,LIMIT,EXECUTED,2026-02-09 17:33:00
TRD001631,C017,Quantum Securities,Nikhil Verma,nikhil.verma@quantum.example,Noida,Institutional,E005,Vihaan Shah,Operations,Mumbai,TCS,Tata Consultancy Services Ltd,NSE,SELL,25,1709.27,42731.75,DELIVERY,MARKET,EXECUTED,2026-02-10 18:39:00
TRD001632,C004,Delta Securities,Priya Nair,priya.nair@delta.example,Bengaluru,Institutional,E010,Kiara Kapoor,Operations,Pune,ADANIENT,Adani Enterprises Ltd,NSE,SELL,25,2325.12,58128.0,DELIVERY,MARKET,EXECUTED,2026-02-06 13:01:00
TRD001633,C016,Pinnacle Finance,Sara Fernandes,sara.fernandes@pinnacle.example,Goa,HNI,E004,Ira Deshmukh,Equities,Delhi,ICICIBANK,ICICI Bank Ltd,NSE,SELL,150,4197.71,629656.5,INTRADAY,MARKET,EXECUTED,2026-01-08 12:33:00
TRD001634,C003,Crestline Wealth,Aman Kapoor,aman.kapoor@crestline.example,Delhi,HNI,E010,Kiara Kapoor,Operations,Pune,KOTAKBANK,Kotak Mahindra Bank Ltd,NSE,SELL,150,4164.7,624705.0,INTRADAY,LIMIT,EXECUTED,2026-01-18 17:39:00
TRD001635,C001,Apex Capital Advisors,Raj Mehta,raj.mehta@apexcapital.example,Mumbai,Institutional,E003,Kabir Singh,Derivatives,Pune,ITC,ITC Ltd,NSE,BUY,10,2496.76,24967.6,INTRADAY,MARKET,EXECUTED,2026-03-03 07:05:00
TRD001636,C020,Trident Capital,Riya Chawla,riya.chawla@trident.example,Chandigarh,Institutional,E009,Arnav Rao,Risk,Mumbai,TATASTEEL,Tata Steel Ltd,NSE,BUY,200,1458.8,291760.0,INTRADAY,LIMIT,EXECUTED,2026-04-01 22:12:00
TRD001637,C014,Northstar Wealth,Tanya Sethi,tanya.sethi@northstar.example,Gurugram,HNI,E001,Aarav Sharma,Equities,Mumbai,ULTRACEMCO,UltraTech Cement Ltd,NSE,BUY,200,1598.93,319786.0,DELIVERY,MARKET,EXECUTED,2026-03-05 08:02:00
TRD001638,C010,Jupiter Investments,Ishita Desai,ishita.desai@jupiter.example,Mumbai,Institutional,E010,Kiara Kapoor,Operations,Pune,INFY,Infosys Ltd,NSE,BUY,500,2715.67,1357835.0,DELIVERY,LIMIT,EXECUTED,2026-02-22 14:27:00
TRD001639,C008,Horizon Partners,Ananya Rao,ananya.rao@horizon.example,Hyderabad,HNI,E007,Reyansh Mehta,Operations,Mumbai,KOTAKBANK,Kotak Mahindra Bank Ltd,NSE,SELL,150,3533.64,530046.0,INTRADAY,MARKET,EXECUTED,2026-01-26 17:49:00
TRD001640,C006,Falcon Broking,Simran Kaur,simran.kaur@falcon.example,Ahmedabad,Retail,E004,Ira Deshmukh,Equities,Delhi,ULTRACEMCO,UltraTech Cement Ltd,NSE,BUY,25,1073.19,26829.75,INTRADAY,LIMIT,PARTIALLY_EXECUTED,2026-02-20 10:49:00
TRD001641,C003,Crestline Wealth,Aman Kapoor,aman.kapoor@crestline.example,Delhi,HNI,E002,Diya Patel,Equities,Mumbai,WIPRO,Wipro Ltd,NSE,BUY,100,620.17,62017.0,INTRADAY,MARKET,EXECUTED,2026-04-08 23:31:00
TRD001642,C001,Apex Capital Advisors,Raj Mehta,raj.mehta@apexcapital.example,Mumbai,Institutional,E006,Anaya Joshi,Derivatives,Bengaluru,LT,Larsen & Toubro Ltd,NSE,SELL,200,1848.98,369796.0,DELIVERY,MARKET,EXECUTED,2026-01-09 19:47:00
TRD001643,C014,Northstar Wealth,Tanya Sethi,tanya.sethi@northstar.example,Gurugram,HNI,E001,Aarav Sharma,Equities,Mumbai,RELIANCE,Reliance Industries Ltd,NSE,BUY,10,2225.86,22258.6,INTRADAY,LIMIT,PARTIALLY_EXECUTED,2026-02-07 08:57:00
TRD001644,C020,Trident Capital,Riya Chawla,riya.chawla@trident.example,Chandigarh,Institutional,E002,Diya Patel,Equities,Mumbai,TATASTEEL,Tata Steel Ltd,NSE,SELL,50,2903.4,145170.0,INTRADAY,MARKET,EXECUTED,2026-01-14 14:47:00
TRD001645,C006,Falcon Broking,Simran Kaur,simran.kaur@falcon.example,Ahmedabad,Retail,E004,Ira Deshmukh,Equities,Delhi,WIPRO,Wipro Ltd,NSE,SELL,150,299.19,44878.5,DELIVERY,LIMIT,EXECUTED,2026-03-20 15:02:00
TRD001646,C016,Pinnacle Finance,Sara Fernandes,sara.fernandes@pinnacle.example,Goa,HNI,E008,Myra Nair,Equities,Hyderabad,HCLTECH,HCL Technologies Ltd,NSE,BUY,1000,952.68,952680.0,INTRADAY,LIMIT,EXECUTED,2026-04-06 20:47:00
TRD001647,C004,Delta Securities,Priya Nair,priya.nair@delta.example,Bengaluru,Institutional,E004,Ira Deshmukh,Equities,Delhi,AXISBANK,Axis Bank Ltd,NSE,BUY,500,4138.88,2069440.0,INTRADAY,LIMIT,EXECUTED,2026-02-05 17:09:00
TRD001648,C016,Pinnacle Finance,Sara Fernandes,sara.fernandes@pinnacle.example,Goa,HNI,E009,Arnav Rao,Risk,Mumbai,KOTAKBANK,Kotak Mahindra Bank Ltd,NSE,BUY,200,274.79,54958.0,INTRADAY,MARKET,EXECUTED,2026-02-12 22:30:00
TRD001649,C004,Delta Securities,Priya Nair,priya.nair@delta.example,Bengaluru,Institutional,E006,Anaya Joshi,Derivatives,Bengaluru,ADANIENT,Adani Enterprises Ltd,NSE,BUY,1000,3468.59,3468590.0,INTRADAY,MARKET,EXECUTED,2026-04-03 18:06:00
TRD001650,C010,Jupiter Investments,Ishita Desai,ishita.desai@jupiter.example,Mumbai,Institutional,E010,Kiara Kapoor,Operations,Pune,SBIN,State Bank of India,NSE,BUY,250,4166.64,1041660.0,INTRADAY,LIMIT,PARTIALLY_EXECUTED,2026-01-31 12:46:00
TRD001651,C010,Jupiter Investments,Ishita Desai,ishita.desai@jupiter.example,Mumbai,Institutional,E009,Arnav Rao,Risk,Mumbai,ULTRACEMCO,UltraTech Cement Ltd,NSE,SELL,25,3743.86,93596.5,DELIVERY,LIMIT,PARTIALLY_EXECUTED,2026-02-24 04:31:00
TRD001652,C019,Summit Investments,Yash Agarwal,yash.agarwal@summit.example,Indore,Retail,E004,Ira Deshmukh,Equities,Delhi,ICICIBANK,ICICI Bank Ltd,NSE,SELL,1000,508.61,508610.0,INTRADAY,MARKET,EXECUTED,2026-01-05 06:11:00
TRD001653,C007,Gateway Financial,Vikram Joshi,vikram.joshi@gateway.example,Mumbai,Institutional,E002,Diya Patel,Equities,Mumbai,SBIN,State Bank of India,NSE,BUY,100,3296.87,329687.0,INTRADAY,MARKET,PARTIALLY_EXECUTED,2026-03-20 15:24:00
TRD001654,C020,Trident Capital,Riya Chawla,riya.chawla@trident.example,Chandigarh,Institutional,E001,Aarav Sharma,Equities,Mumbai,BAJFINANCE,Bajaj Finance Ltd,NSE,SELL,50,1722.74,86137.0,INTRADAY,LIMIT,EXECUTED,2026-01-22 19:33:00
TRD001655,C015,Orion Broking,Dev Patel,dev.patel@orion.example,Surat,Retail,E003,Kabir Singh,Derivatives,Pune,ITC,ITC Ltd,NSE,SELL,500,3965.57,1982785.0,DELIVERY,LIMIT,EXECUTED,2026-02-11 21:52:00
TRD001656,C008,Horizon Partners,Ananya Rao,ananya.rao@horizon.example,Hyderabad,HNI,E009,Arnav Rao,Risk,Mumbai,ICICIBANK,ICICI Bank Ltd,NSE,BUY,100,3492.28,349228.0,INTRADAY,MARKET,EXECUTED,2026-03-05 03:11:00
TRD001657,C019,Summit Investments,Yash Agarwal,yash.agarwal@summit.example,Indore,Retail,E010,Kiara Kapoor,Operations,Pune,HCLTECH,HCL Technologies Ltd,NSE,SELL,10,2345.17,23451.7,INTRADAY,LIMIT,EXECUTED,2026-01-28 04:33:00
TRD001658,C014,Northstar Wealth,Tanya Sethi,tanya.sethi@northstar.example,Gurugram,HNI,E005,Vihaan Shah,Operations,Mumbai,INFY,Infosys Ltd,NSE,SELL,1000,1641.69,1641690.0,DELIVERY,MARKET,EXECUTED,2026-03-16 11:07:00
TRD001659,C018,Riverstone Advisors,Pooja Menon,pooja.menon@riverstone.example,Kochi,HNI,E008,Myra Nair,Equities,Hyderabad,HCLTECH,HCL Technologies Ltd,NSE,BUY,50,3239.11,161955.5,INTRADAY,LIMIT,EXECUTED,2026-04-07 14:19:00
TRD001660,C009,Indus Prime,Karan Malhotra,karan.malhotra@indusprime.example,Kolkata,Retail,E004,Ira Deshmukh,Equities,Delhi,WIPRO,Wipro Ltd,NSE,SELL,500,697.94,348970.0,INTRADAY,MARKET,EXECUTED,2026-02-26 22:54:00
TRD001661,C006,Falcon Broking,Simran Kaur,simran.kaur@falcon.example,Ahmedabad,Retail,E008,Myra Nair,Equities,Hyderabad,LT,Larsen & Toubro Ltd,NSE,BUY,10,2832.65,28326.5,INTRADAY,LIMIT,PARTIALLY_EXECUTED,2026-04-04 22:30:00
TRD001662,C003,Crestline Wealth,Aman Kapoor,aman.kapoor@crestline.example,Delhi,HNI,E001,Aarav Sharma,Equities,Mumbai,HDFCBANK,HDFC Bank Ltd,NSE,SELL,500,916.47,458235.0,DELIVERY,LIMIT,EXECUTED,2026-01-16 04:04:00
TRD001663,C002,BlueRock Investments,Neha Shah,neha.shah@bluerock.example,Pune,Institutional,E002,Diya Patel,Equities,Mumbai,BHARTIARTL,Bharti Airtel Ltd,NSE,BUY,1000,2752.69,2752690.0,INTRADAY,MARKET,EXECUTED,2026-01-15 23:13:00
TRD001664,C002,BlueRock Investments,Neha Shah,neha.shah@bluerock.example,Pune,Institutional,E008,Myra Nair,Equities,Hyderabad,HCLTECH,HCL Technologies Ltd,NSE,BUY,500,891.13,445565.0,INTRADAY,MARKET,EXECUTED,2026-03-23 02:07:00
TRD001665,C012,Lotus Financial,Meera Kulkarni,meera.kulkarni@lotus.example,Pune,Retail,E004,Ira Deshmukh,Equities,Delhi,WIPRO,Wipro Ltd,NSE,SELL,10,3770.88,37708.8,INTRADAY,LIMIT,PARTIALLY_EXECUTED,2026-03-22 14:28:00
TRD001666,C006,Falcon Broking,Simran Kaur,simran.kaur@falcon.example,Ahmedabad,Retail,E001,Aarav Sharma,Equities,Mumbai,ADANIENT,Adani Enterprises Ltd,NSE,BUY,200,3224.61,644922.0,DELIVERY,MARKET,EXECUTED,2026-03-17 07:45:00
TRD001667,C001,Apex Capital Advisors,Raj Mehta,raj.mehta@apexcapital.example,Mumbai,Institutional,E009,Arnav Rao,Risk,Mumbai,INFY,Infosys Ltd,NSE,SELL,250,3882.44,970610.0,DELIVERY,MARKET,EXECUTED,2026-01-10 01:37:00
TRD001668,C001,Apex Capital Advisors,Raj Mehta,raj.mehta@apexcapital.example,Mumbai,Institutional,E007,Reyansh Mehta,Operations,Mumbai,KOTAKBANK,Kotak Mahindra Bank Ltd,NSE,SELL,25,4077.77,101944.25,DELIVERY,LIMIT,EXECUTED,2026-02-06 12:14:00
TRD001669,C003,Crestline Wealth,Aman Kapoor,aman.kapoor@crestline.example,Delhi,HNI,E003,Kabir Singh,Derivatives,Pune,MARUTI,Maruti Suzuki India Ltd,NSE,SELL,50,918.78,45939.0,DELIVERY,LIMIT,EXECUTED,2026-03-15 10:36:00
TRD001670,C015,Orion Broking,Dev Patel,dev.patel@orion.example,Surat,Retail,E001,Aarav Sharma,Equities,Mumbai,ITC,ITC Ltd,NSE,BUY,25,408.42,10210.5,DELIVERY,LIMIT,EXECUTED,2026-01-31 03:04:00
TRD001671,C008,Horizon Partners,Ananya Rao,ananya.rao@horizon.example,Hyderabad,HNI,E007,Reyansh Mehta,Operations,Mumbai,LT,Larsen & Toubro Ltd,NSE,SELL,50,2009.7,100485.0,INTRADAY,LIMIT,EXECUTED,2026-04-10 19:15:00
TRD001672,C007,Gateway Financial,Vikram Joshi,vikram.joshi@gateway.example,Mumbai,Institutional,E004,Ira Deshmukh,Equities,Delhi,ADANIENT,Adani Enterprises Ltd,NSE,BUY,500,1306.04,653020.0,DELIVERY,MARKET,EXECUTED,2026-02-18 13:17:00
TRD001673,C002,BlueRock Investments,Neha Shah,neha.shah@bluerock.example,Pune,Institutional,E003,Kabir Singh,Derivatives,Pune,BHARTIARTL,Bharti Airtel Ltd,NSE,SELL,500,261.95,130975.0,INTRADAY,LIMIT,EXECUTED,2026-01-18 14:11:00
TRD001674,C002,BlueRock Investments,Neha Shah,neha.shah@bluerock.example,Pune,Institutional,E004,Ira Deshmukh,Equities,Delhi,ADANIENT,Adani Enterprises Ltd,NSE,BUY,100,3508.68,350868.0,INTRADAY,MARKET,EXECUTED,2026-03-14 21:42:00
TRD001675,C015,Orion Broking,Dev Patel,dev.patel@orion.example,Surat,Retail,E008,Myra Nair,Equities,Hyderabad,KOTAKBANK,Kotak Mahindra Bank Ltd,NSE,BUY,50,394.36,19718.0,DELIVERY,LIMIT,EXECUTED,2026-01-30 18:45:00
TRD001676,C004,Delta Securities,Priya Nair,priya.nair@delta.example,Bengaluru,Institutional,E004,Ira Deshmukh,Equities,Delhi,WIPRO,Wipro Ltd,NSE,SELL,50,2440.92,122046.0,INTRADAY,LIMIT,EXECUTED,2026-03-04 07:20:00
TRD001677,C014,Northstar Wealth,Tanya Sethi,tanya.sethi@northstar.example,Gurugram,HNI,E004,Ira Deshmukh,Equities,Delhi,BAJFINANCE,Bajaj Finance Ltd,NSE,BUY,25,3574.83,89370.75,INTRADAY,LIMIT,EXECUTED,2026-02-02 15:31:00
TRD001678,C011,Keystone Asset Mgmt,Arjun Bhat,arjun.bhat@keystone.example,Nashik,HNI,E004,Ira Deshmukh,Equities,Delhi,TCS,Tata Consultancy Services Ltd,NSE,SELL,10,2112.98,21129.8,INTRADAY,LIMIT,EXECUTED,2026-04-10 12:38:00
TRD001679,C015,Orion Broking,Dev Patel,dev.patel@orion.example,Surat,Retail,E008,Myra Nair,Equities,Hyderabad,RELIANCE,Reliance Industries Ltd,NSE,SELL,250,1055.93,263982.5,DELIVERY,MARKET,EXECUTED,2026-03-16 03:05:00
TRD001680,C001,Apex Capital Advisors,Raj Mehta,raj.mehta@apexcapital.example,Mumbai,Institutional,E007,Reyansh Mehta,Operations,Mumbai,BAJFINANCE,Bajaj Finance Ltd,NSE,BUY,25,2796.42,69910.5,DELIVERY,MARKET,EXECUTED,2026-02-01 12:05:00
TRD001681,C011,Keystone Asset Mgmt,Arjun Bhat,arjun.bhat@keystone.example,Nashik,HNI,E003,Kabir Singh,Derivatives,Pune,INFY,Infosys Ltd,NSE,SELL,150,146.03,21904.5,INTRADAY,MARKET,EXECUTED,2026-03-03 09:06:00
TRD001682,C013,Meridian Capital,Aditya Jain,aditya.jain@meridian.example,Jaipur,Institutional,E010,Kiara Kapoor,Operations,Pune,ICICIBANK,ICICI Bank Ltd,NSE,BUY,500,2765.11,1382555.0,DELIVERY,MARKET,EXECUTED,2026-02-02 02:24:00
TRD001683,C019,Summit Investments,Yash Agarwal,yash.agarwal@summit.example,Indore,Retail,E007,Reyansh Mehta,Operations,Mumbai,ADANIENT,Adani Enterprises Ltd,NSE,BUY,500,2515.45,1257725.0,DELIVERY,LIMIT,EXECUTED,2026-02-19 06:25:00
TRD001684,C018,Riverstone Advisors,Pooja Menon,pooja.menon@riverstone.example,Kochi,HNI,E001,Aarav Sharma,Equities,Mumbai,SBIN,State Bank of India,NSE,BUY,10,3586.34,35863.4,DELIVERY,LIMIT,EXECUTED,2026-01-07 13:24:00
TRD001685,C017,Quantum Securities,Nikhil Verma,nikhil.verma@quantum.example,Noida,Institutional,E005,Vihaan Shah,Operations,Mumbai,ICICIBANK,ICICI Bank Ltd,NSE,SELL,1000,1474.72,1474720.0,DELIVERY,MARKET,EXECUTED,2026-04-04 15:06:00
TRD001686,C012,Lotus Financial,Meera Kulkarni,meera.kulkarni@lotus.example,Pune,Retail,E008,Myra Nair,Equities,Hyderabad,BAJFINANCE,Bajaj Finance Ltd,NSE,SELL,10,2946.08,29460.8,DELIVERY,LIMIT,EXECUTED,2026-03-22 17:46:00
TRD001687,C008,Horizon Partners,Ananya Rao,ananya.rao@horizon.example,Hyderabad,HNI,E009,Arnav Rao,Risk,Mumbai,BHARTIARTL,Bharti Airtel Ltd,NSE,SELL,200,2050.33,410066.0,DELIVERY,MARKET,PARTIALLY_EXECUTED,2026-04-09 13:21:00
TRD001688,C009,Indus Prime,Karan Malhotra,karan.malhotra@indusprime.example,Kolkata,Retail,E007,Reyansh Mehta,Operations,Mumbai,INFY,Infosys Ltd,NSE,BUY,250,2121.51,530377.5,INTRADAY,LIMIT,EXECUTED,2026-04-08 06:27:00
TRD001689,C020,Trident Capital,Riya Chawla,riya.chawla@trident.example,Chandigarh,Institutional,E010,Kiara Kapoor,Operations,Pune,HCLTECH,HCL Technologies Ltd,NSE,SELL,50,3529.44,176472.0,INTRADAY,MARKET,PARTIALLY_EXECUTED,2026-01-24 22:59:00
TRD001690,C002,BlueRock Investments,Neha Shah,neha.shah@bluerock.example,Pune,Institutional,E009,Arnav Rao,Risk,Mumbai,MARUTI,Maruti Suzuki India Ltd,NSE,BUY,200,2733.21,546642.0,INTRADAY,MARKET,EXECUTED,2026-02-13 14:49:00
TRD001691,C001,Apex Capital Advisors,Raj Mehta,raj.mehta@apexcapital.example,Mumbai,Institutional,E006,Anaya Joshi,Derivatives,Bengaluru,BHARTIARTL,Bharti Airtel Ltd,NSE,SELL,1000,1450.67,1450670.0,DELIVERY,MARKET,EXECUTED,2026-03-25 12:19:00
TRD001692,C006,Falcon Broking,Simran Kaur,simran.kaur@falcon.example,Ahmedabad,Retail,E005,Vihaan Shah,Operations,Mumbai,BAJFINANCE,Bajaj Finance Ltd,NSE,BUY,150,3592.96,538944.0,INTRADAY,MARKET,PARTIALLY_EXECUTED,2026-02-19 05:34:00
TRD001693,C015,Orion Broking,Dev Patel,dev.patel@orion.example,Surat,Retail,E010,Kiara Kapoor,Operations,Pune,BHARTIARTL,Bharti Airtel Ltd,NSE,BUY,50,1537.68,76884.0,DELIVERY,MARKET,EXECUTED,2026-02-23 22:28:00
TRD001694,C018,Riverstone Advisors,Pooja Menon,pooja.menon@riverstone.example,Kochi,HNI,E010,Kiara Kapoor,Operations,Pune,WIPRO,Wipro Ltd,NSE,SELL,75,3649.79,273734.25,DELIVERY,LIMIT,PARTIALLY_EXECUTED,2026-02-05 19:19:00
TRD001695,C006,Falcon Broking,Simran Kaur,simran.kaur@falcon.example,Ahmedabad,Retail,E005,Vihaan Shah,Operations,Mumbai,INFY,Infosys Ltd,NSE,SELL,50,2278.46,113923.0,INTRADAY,MARKET,EXECUTED,2026-03-03 21:30:00
TRD001696,C013,Meridian Capital,Aditya Jain,aditya.jain@meridian.example,Jaipur,Institutional,E003,Kabir Singh,Derivatives,Pune,TCS,Tata Consultancy Services Ltd,NSE,BUY,200,3978.06,795612.0,DELIVERY,LIMIT,EXECUTED,2026-02-10 17:39:00
TRD001697,C004,Delta Securities,Priya Nair,priya.nair@delta.example,Bengaluru,Institutional,E004,Ira Deshmukh,Equities,Delhi,KOTAKBANK,Kotak Mahindra Bank Ltd,NSE,BUY,500,3009.18,1504590.0,INTRADAY,MARKET,PARTIALLY_EXECUTED,2026-03-09 14:26:00
TRD001698,C017,Quantum Securities,Nikhil Verma,nikhil.verma@quantum.example,Noida,Institutional,E005,Vihaan Shah,Operations,Mumbai,BHARTIARTL,Bharti Airtel Ltd,NSE,SELL,10,2594.67,25946.7,INTRADAY,LIMIT,EXECUTED,2026-03-31 04:20:00
TRD001699,C001,Apex Capital Advisors,Raj Mehta,raj.mehta@apexcapital.example,Mumbai,Institutional,E004,Ira Deshmukh,Equities,Delhi,AXISBANK,Axis Bank Ltd,NSE,BUY,500,3477.11,1738555.0,DELIVERY,LIMIT,PARTIALLY_EXECUTED,2026-01-14 22:47:00
TRD001700,C006,Falcon Broking,Simran Kaur,simran.kaur@falcon.example,Ahmedabad,Retail,E001,Aarav Sharma,Equities,Mumbai,ITC,ITC Ltd,NSE,SELL,1000,1056.21,1056210.0,DELIVERY,LIMIT,EXECUTED,2026-01-08 05:55:00
TRD001701,C013,Meridian Capital,Aditya Jain,aditya.jain@meridian.example,Jaipur,Institutional,E005,Vihaan Shah,Operations,Mumbai,INFY,Infosys Ltd,NSE,SELL,100,1951.88,195188.0,INTRADAY,MARKET,EXECUTED,2026-03-01 20:55:00
TRD001702,C007,Gateway Financial,Vikram Joshi,vikram.joshi@gateway.example,Mumbai,Institutional,E003,Kabir Singh,Derivatives,Pune,SUNPHARMA,Sun Pharmaceutical Industries Ltd,NSE,BUY,200,2043.15,408630.0,DELIVERY,MARKET,PARTIALLY_EXECUTED,2026-04-06 20:56:00
TRD001703,C015,Orion Broking,Dev Patel,dev.patel@orion.example,Surat,Retail,E006,Anaya Joshi,Derivatives,Bengaluru,RELIANCE,Reliance Industries Ltd,NSE,BUY,1000,1178.58,1178580.0,DELIVERY,LIMIT,EXECUTED,2026-01-28 15:14:00
TRD001704,C002,BlueRock Investments,Neha Shah,neha.shah@bluerock.example,Pune,Institutional,E006,Anaya Joshi,Derivatives,Bengaluru,SBIN,State Bank of India,NSE,SELL,200,2618.68,523736.0,INTRADAY,MARKET,EXECUTED,2026-01-23 14:20:00
TRD001705,C016,Pinnacle Finance,Sara Fernandes,sara.fernandes@pinnacle.example,Goa,HNI,E001,Aarav Sharma,Equities,Mumbai,WIPRO,Wipro Ltd,NSE,SELL,50,1052.07,52603.5,INTRADAY,LIMIT,EXECUTED,2026-04-05 00:04:00
TRD001706,C005,Evergreen Holdings,Rohan Iyer,rohan.iyer@evergreen.example,Chennai,HNI,E006,Anaya Joshi,Derivatives,Bengaluru,BAJFINANCE,Bajaj Finance Ltd,NSE,SELL,200,325.19,65038.0,INTRADAY,LIMIT,PARTIALLY_EXECUTED,2026-03-01 10:48:00
TRD001707,C009,Indus Prime,Karan Malhotra,karan.malhotra@indusprime.example,Kolkata,Retail,E005,Vihaan Shah,Operations,Mumbai,SBIN,State Bank of India,NSE,BUY,250,2990.61,747652.5,INTRADAY,LIMIT,EXECUTED,2026-04-04 06:23:00
TRD001708,C019,Summit Investments,Yash Agarwal,yash.agarwal@summit.example,Indore,Retail,E007,Reyansh Mehta,Operations,Mumbai,SUNPHARMA,Sun Pharmaceutical Industries Ltd,NSE,SELL,1000,1270.25,1270250.0,DELIVERY,LIMIT,EXECUTED,2026-04-02 18:39:00
TRD001709,C003,Crestline Wealth,Aman Kapoor,aman.kapoor@crestline.example,Delhi,HNI,E007,Reyansh Mehta,Operations,Mumbai,MARUTI,Maruti Suzuki India Ltd,NSE,BUY,50,3922.54,196127.0,DELIVERY,MARKET,EXECUTED,2026-01-02 12:35:00
TRD001710,C010,Jupiter Investments,Ishita Desai,ishita.desai@jupiter.example,Mumbai,Institutional,E006,Anaya Joshi,Derivatives,Bengaluru,LT,Larsen & Toubro Ltd,NSE,BUY,25,4029.07,100726.75,DELIVERY,LIMIT,EXECUTED,2026-01-25 06:09:00
TRD001711,C003,Crestline Wealth,Aman Kapoor,aman.kapoor@crestline.example,Delhi,HNI,E004,Ira Deshmukh,Equities,Delhi,TATASTEEL,Tata Steel Ltd,NSE,SELL,150,2062.38,309357.0,DELIVERY,LIMIT,EXECUTED,2026-04-06 08:58:00
TRD001712,C004,Delta Securities,Priya Nair,priya.nair@delta.example,Bengaluru,Institutional,E005,Vihaan Shah,Operations,Mumbai,AXISBANK,Axis Bank Ltd,NSE,SELL,500,2244.52,1122260.0,INTRADAY,LIMIT,EXECUTED,2026-03-12 02:53:00
TRD001713,C016,Pinnacle Finance,Sara Fernandes,sara.fernandes@pinnacle.example,Goa,HNI,E004,Ira Deshmukh,Equities,Delhi,HCLTECH,HCL Technologies Ltd,NSE,SELL,250,3045.17,761292.5,INTRADAY,MARKET,EXECUTED,2026-02-23 15:56:00
TRD001714,C005,Evergreen Holdings,Rohan Iyer,rohan.iyer@evergreen.example,Chennai,HNI,E006,Anaya Joshi,Derivatives,Bengaluru,KOTAKBANK,Kotak Mahindra Bank Ltd,NSE,BUY,150,1269.76,190464.0,DELIVERY,MARKET,EXECUTED,2026-01-14 01:18:00
TRD001715,C005,Evergreen Holdings,Rohan Iyer,rohan.iyer@evergreen.example,Chennai,HNI,E004,Ira Deshmukh,Equities,Delhi,INFY,Infosys Ltd,NSE,BUY,75,2581.07,193580.25,INTRADAY,MARKET,EXECUTED,2026-01-02 16:12:00
TRD001716,C013,Meridian Capital,Aditya Jain,aditya.jain@meridian.example,Jaipur,Institutional,E001,Aarav Sharma,Equities,Mumbai,INFY,Infosys Ltd,NSE,BUY,200,1164.74,232948.0,DELIVERY,LIMIT,EXECUTED,2026-01-30 12:57:00
TRD001717,C001,Apex Capital Advisors,Raj Mehta,raj.mehta@apexcapital.example,Mumbai,Institutional,E009,Arnav Rao,Risk,Mumbai,SBIN,State Bank of India,NSE,SELL,200,2219.37,443874.0,INTRADAY,MARKET,EXECUTED,2026-01-17 05:45:00
TRD001718,C012,Lotus Financial,Meera Kulkarni,meera.kulkarni@lotus.example,Pune,Retail,E008,Myra Nair,Equities,Hyderabad,ADANIENT,Adani Enterprises Ltd,NSE,SELL,100,3158.19,315819.0,INTRADAY,LIMIT,EXECUTED,2026-03-08 12:02:00
TRD001719,C013,Meridian Capital,Aditya Jain,aditya.jain@meridian.example,Jaipur,Institutional,E003,Kabir Singh,Derivatives,Pune,TCS,Tata Consultancy Services Ltd,NSE,BUY,150,671.16,100674.0,INTRADAY,LIMIT,EXECUTED,2026-01-17 19:29:00
TRD001720,C004,Delta Securities,Priya Nair,priya.nair@delta.example,Bengaluru,Institutional,E007,Reyansh Mehta,Operations,Mumbai,RELIANCE,Reliance Industries Ltd,NSE,BUY,250,4036.84,1009210.0,DELIVERY,MARKET,PARTIALLY_EXECUTED,2026-03-27 17:20:00
TRD001721,C007,Gateway Financial,Vikram Joshi,vikram.joshi@gateway.example,Mumbai,Institutional,E004,Ira Deshmukh,Equities,Delhi,ADANIENT,Adani Enterprises Ltd,NSE,BUY,1000,2781.95,2781950.0,DELIVERY,LIMIT,EXECUTED,2026-02-04 06:32:00
TRD001722,C006,Falcon Broking,Simran Kaur,simran.kaur@falcon.example,Ahmedabad,Retail,E003,Kabir Singh,Derivatives,Pune,TCS,Tata Consultancy Services Ltd,NSE,BUY,200,3712.61,742522.0,INTRADAY,LIMIT,EXECUTED,2026-01-19 17:41:00
TRD001723,C010,Jupiter Investments,Ishita Desai,ishita.desai@jupiter.example,Mumbai,Institutional,E004,Ira Deshmukh,Equities,Delhi,BAJFINANCE,Bajaj Finance Ltd,NSE,BUY,75,3774.95,283121.25,INTRADAY,MARKET,EXECUTED,2026-03-01 13:38:00
TRD001724,C011,Keystone Asset Mgmt,Arjun Bhat,arjun.bhat@keystone.example,Nashik,HNI,E009,Arnav Rao,Risk,Mumbai,AXISBANK,Axis Bank Ltd,NSE,SELL,200,587.67,117534.0,INTRADAY,MARKET,EXECUTED,2026-03-26 16:14:00
TRD001725,C013,Meridian Capital,Aditya Jain,aditya.jain@meridian.example,Jaipur,Institutional,E005,Vihaan Shah,Operations,Mumbai,LT,Larsen & Toubro Ltd,NSE,BUY,1000,1453.75,1453750.0,INTRADAY,MARKET,EXECUTED,2026-02-16 14:32:00
TRD001726,C015,Orion Broking,Dev Patel,dev.patel@orion.example,Surat,Retail,E010,Kiara Kapoor,Operations,Pune,TCS,Tata Consultancy Services Ltd,NSE,SELL,10,853.66,8536.6,INTRADAY,MARKET,EXECUTED,2026-02-02 02:54:00
TRD001727,C002,BlueRock Investments,Neha Shah,neha.shah@bluerock.example,Pune,Institutional,E006,Anaya Joshi,Derivatives,Bengaluru,LT,Larsen & Toubro Ltd,NSE,SELL,500,3832.38,1916190.0,DELIVERY,LIMIT,EXECUTED,2026-01-21 20:49:00
TRD001728,C005,Evergreen Holdings,Rohan Iyer,rohan.iyer@evergreen.example,Chennai,HNI,E010,Kiara Kapoor,Operations,Pune,BAJFINANCE,Bajaj Finance Ltd,NSE,BUY,50,699.12,34956.0,DELIVERY,LIMIT,PARTIALLY_EXECUTED,2026-01-19 07:50:00
TRD001729,C002,BlueRock Investments,Neha Shah,neha.shah@bluerock.example,Pune,Institutional,E009,Arnav Rao,Risk,Mumbai,ITC,ITC Ltd,NSE,BUY,10,3720.07,37200.7,INTRADAY,LIMIT,PARTIALLY_EXECUTED,2026-02-18 16:24:00
TRD001730,C012,Lotus Financial,Meera Kulkarni,meera.kulkarni@lotus.example,Pune,Retail,E004,Ira Deshmukh,Equities,Delhi,SUNPHARMA,Sun Pharmaceutical Industries Ltd,NSE,SELL,50,1059.41,52970.5,INTRADAY,MARKET,EXECUTED,2026-04-08 18:39:00
TRD001731,C007,Gateway Financial,Vikram Joshi,vikram.joshi@gateway.example,Mumbai,Institutional,E001,Aarav Sharma,Equities,Mumbai,WIPRO,Wipro Ltd,NSE,SELL,75,3881.27,291095.25,INTRADAY,MARKET,PARTIALLY_EXECUTED,2026-01-16 07:33:00
TRD001732,C003,Crestline Wealth,Aman Kapoor,aman.kapoor@crestline.example,Delhi,HNI,E006,Anaya Joshi,Derivatives,Bengaluru,SBIN,State Bank of India,NSE,BUY,1000,3782.49,3782490.0,DELIVERY,MARKET,EXECUTED,2026-01-18 10:03:00
TRD001733,C019,Summit Investments,Yash Agarwal,yash.agarwal@summit.example,Indore,Retail,E006,Anaya Joshi,Derivatives,Bengaluru,TATASTEEL,Tata Steel Ltd,NSE,BUY,100,903.22,90322.0,DELIVERY,MARKET,EXECUTED,2026-02-20 20:17:00
TRD001734,C001,Apex Capital Advisors,Raj Mehta,raj.mehta@apexcapital.example,Mumbai,Institutional,E010,Kiara Kapoor,Operations,Pune,HCLTECH,HCL Technologies Ltd,NSE,SELL,25,950.87,23771.75,DELIVERY,MARKET,EXECUTED,2026-04-02 09:11:00
TRD001735,C013,Meridian Capital,Aditya Jain,aditya.jain@meridian.example,Jaipur,Institutional,E001,Aarav Sharma,Equities,Mumbai,ICICIBANK,ICICI Bank Ltd,NSE,BUY,25,937.82,23445.5,INTRADAY,LIMIT,PARTIALLY_EXECUTED,2026-01-22 21:08:00
TRD001736,C005,Evergreen Holdings,Rohan Iyer,rohan.iyer@evergreen.example,Chennai,HNI,E001,Aarav Sharma,Equities,Mumbai,HDFCBANK,HDFC Bank Ltd,NSE,BUY,25,548.8,13720.0,DELIVERY,MARKET,EXECUTED,2026-03-15 16:39:00
TRD001737,C002,BlueRock Investments,Neha Shah,neha.shah@bluerock.example,Pune,Institutional,E002,Diya Patel,Equities,Mumbai,ULTRACEMCO,UltraTech Cement Ltd,NSE,BUY,250,644.59,161147.5,INTRADAY,MARKET,EXECUTED,2026-03-04 19:34:00
TRD001738,C020,Trident Capital,Riya Chawla,riya.chawla@trident.example,Chandigarh,Institutional,E004,Ira Deshmukh,Equities,Delhi,RELIANCE,Reliance Industries Ltd,NSE,SELL,1000,876.91,876910.0,INTRADAY,MARKET,EXECUTED,2026-03-11 14:44:00
TRD001739,C006,Falcon Broking,Simran Kaur,simran.kaur@falcon.example,Ahmedabad,Retail,E008,Myra Nair,Equities,Hyderabad,AXISBANK,Axis Bank Ltd,NSE,BUY,50,3230.34,161517.0,DELIVERY,MARKET,EXECUTED,2026-02-21 17:31:00
TRD001740,C010,Jupiter Investments,Ishita Desai,ishita.desai@jupiter.example,Mumbai,Institutional,E001,Aarav Sharma,Equities,Mumbai,BAJFINANCE,Bajaj Finance Ltd,NSE,SELL,500,663.62,331810.0,DELIVERY,LIMIT,EXECUTED,2026-03-03 18:18:00
TRD001741,C005,Evergreen Holdings,Rohan Iyer,rohan.iyer@evergreen.example,Chennai,HNI,E010,Kiara Kapoor,Operations,Pune,AXISBANK,Axis Bank Ltd,NSE,SELL,50,155.43,7771.5,INTRADAY,LIMIT,PARTIALLY_EXECUTED,2026-02-05 15:20:00
TRD001742,C003,Crestline Wealth,Aman Kapoor,aman.kapoor@crestline.example,Delhi,HNI,E001,Aarav Sharma,Equities,Mumbai,ITC,ITC Ltd,NSE,SELL,50,3291.49,164574.5,DELIVERY,MARKET,EXECUTED,2026-04-01 18:44:00
TRD001743,C015,Orion Broking,Dev Patel,dev.patel@orion.example,Surat,Retail,E002,Diya Patel,Equities,Mumbai,ICICIBANK,ICICI Bank Ltd,NSE,SELL,75,1829.19,137189.25,INTRADAY,LIMIT,PARTIALLY_EXECUTED,2026-03-07 17:48:00
TRD001744,C010,Jupiter Investments,Ishita Desai,ishita.desai@jupiter.example,Mumbai,Institutional,E003,Kabir Singh,Derivatives,Pune,ITC,ITC Ltd,NSE,BUY,100,3959.32,395932.0,DELIVERY,MARKET,PARTIALLY_EXECUTED,2026-01-29 19:34:00
TRD001745,C002,BlueRock Investments,Neha Shah,neha.shah@bluerock.example,Pune,Institutional,E007,Reyansh Mehta,Operations,Mumbai,HDFCBANK,HDFC Bank Ltd,NSE,SELL,1000,751.44,751440.0,INTRADAY,LIMIT,EXECUTED,2026-02-12 09:39:00
TRD001746,C006,Falcon Broking,Simran Kaur,simran.kaur@falcon.example,Ahmedabad,Retail,E010,Kiara Kapoor,Operations,Pune,ULTRACEMCO,UltraTech Cement Ltd,NSE,BUY,250,3043.03,760757.5,INTRADAY,LIMIT,EXECUTED,2026-01-16 22:15:00
TRD001747,C014,Northstar Wealth,Tanya Sethi,tanya.sethi@northstar.example,Gurugram,HNI,E004,Ira Deshmukh,Equities,Delhi,ICICIBANK,ICICI Bank Ltd,NSE,BUY,100,2270.26,227026.0,INTRADAY,LIMIT,EXECUTED,2026-01-20 20:54:00
TRD001748,C006,Falcon Broking,Simran Kaur,simran.kaur@falcon.example,Ahmedabad,Retail,E001,Aarav Sharma,Equities,Mumbai,LT,Larsen & Toubro Ltd,NSE,SELL,10,1112.5,11125.0,DELIVERY,LIMIT,PARTIALLY_EXECUTED,2026-01-24 02:02:00
TRD001749,C016,Pinnacle Finance,Sara Fernandes,sara.fernandes@pinnacle.example,Goa,HNI,E010,Kiara Kapoor,Operations,Pune,ADANIENT,Adani Enterprises Ltd,NSE,SELL,200,3759.87,751974.0,DELIVERY,LIMIT,PARTIALLY_EXECUTED,2026-02-26 12:03:00
TRD001750,C019,Summit Investments,Yash Agarwal,yash.agarwal@summit.example,Indore,Retail,E006,Anaya Joshi,Derivatives,Bengaluru,SUNPHARMA,Sun Pharmaceutical Industries Ltd,NSE,SELL,200,3556.02,711204.0,INTRADAY,LIMIT,EXECUTED,2026-02-15 04:27:00
TRD001751,C005,Evergreen Holdings,Rohan Iyer,rohan.iyer@evergreen.example,Chennai,HNI,E005,Vihaan Shah,Operations,Mumbai,ADANIENT,Adani Enterprises Ltd,NSE,SELL,10,539.96,5399.6,DELIVERY,MARKET,EXECUTED,2026-04-12 09:49:00
TRD001752,C002,BlueRock Investments,Neha Shah,neha.shah@bluerock.example,Pune,Institutional,E004,Ira Deshmukh,Equities,Delhi,TATASTEEL,Tata Steel Ltd,NSE,SELL,500,1030.84,515420.0,INTRADAY,LIMIT,EXECUTED,2026-03-24 04:23:00
TRD001753,C016,Pinnacle Finance,Sara Fernandes,sara.fernandes@pinnacle.example,Goa,HNI,E003,Kabir Singh,Derivatives,Pune,HCLTECH,HCL Technologies Ltd,NSE,BUY,500,139.03,69515.0,INTRADAY,LIMIT,EXECUTED,2026-01-19 02:55:00
TRD001754,C005,Evergreen Holdings,Rohan Iyer,rohan.iyer@evergreen.example,Chennai,HNI,E010,Kiara Kapoor,Operations,Pune,TATASTEEL,Tata Steel Ltd,NSE,BUY,150,2983.21,447481.5,DELIVERY,MARKET,EXECUTED,2026-03-26 18:07:00
TRD001755,C014,Northstar Wealth,Tanya Sethi,tanya.sethi@northstar.example,Gurugram,HNI,E008,Myra Nair,Equities,Hyderabad,HDFCBANK,HDFC Bank Ltd,NSE,BUY,10,1985.91,19859.1,INTRADAY,MARKET,EXECUTED,2026-02-12 02:35:00
TRD001756,C010,Jupiter Investments,Ishita Desai,ishita.desai@jupiter.example,Mumbai,Institutional,E006,Anaya Joshi,Derivatives,Bengaluru,KOTAKBANK,Kotak Mahindra Bank Ltd,NSE,SELL,250,1320.47,330117.5,DELIVERY,MARKET,EXECUTED,2026-03-15 07:34:00
TRD001757,C001,Apex Capital Advisors,Raj Mehta,raj.mehta@apexcapital.example,Mumbai,Institutional,E001,Aarav Sharma,Equities,Mumbai,TCS,Tata Consultancy Services Ltd,NSE,SELL,50,1520.86,76043.0,INTRADAY,LIMIT,PARTIALLY_EXECUTED,2026-04-07 12:39:00
TRD001758,C014,Northstar Wealth,Tanya Sethi,tanya.sethi@northstar.example,Gurugram,HNI,E010,Kiara Kapoor,Operations,Pune,WIPRO,Wipro Ltd,NSE,SELL,10,926.77,9267.7,DELIVERY,LIMIT,EXECUTED,2026-04-13 13:25:00
TRD001759,C007,Gateway Financial,Vikram Joshi,vikram.joshi@gateway.example,Mumbai,Institutional,E010,Kiara Kapoor,Operations,Pune,BHARTIARTL,Bharti Airtel Ltd,NSE,BUY,250,3878.9,969725.0,INTRADAY,LIMIT,EXECUTED,2026-03-22 00:36:00
TRD001760,C003,Crestline Wealth,Aman Kapoor,aman.kapoor@crestline.example,Delhi,HNI,E006,Anaya Joshi,Derivatives,Bengaluru,TCS,Tata Consultancy Services Ltd,NSE,BUY,500,1074.85,537425.0,INTRADAY,MARKET,EXECUTED,2026-01-26 13:09:00
TRD001761,C002,BlueRock Investments,Neha Shah,neha.shah@bluerock.example,Pune,Institutional,E005,Vihaan Shah,Operations,Mumbai,BHARTIARTL,Bharti Airtel Ltd,NSE,SELL,200,497.19,99438.0,DELIVERY,MARKET,EXECUTED,2026-03-02 12:29:00
TRD001762,C002,BlueRock Investments,Neha Shah,neha.shah@bluerock.example,Pune,Institutional,E008,Myra Nair,Equities,Hyderabad,TCS,Tata Consultancy Services Ltd,NSE,SELL,250,596.59,149147.5,DELIVERY,MARKET,EXECUTED,2026-02-16 07:38:00
TRD001763,C019,Summit Investments,Yash Agarwal,yash.agarwal@summit.example,Indore,Retail,E004,Ira Deshmukh,Equities,Delhi,BAJFINANCE,Bajaj Finance Ltd,NSE,BUY,1000,3201.24,3201240.0,DELIVERY,LIMIT,EXECUTED,2026-02-19 10:57:00
TRD001764,C003,Crestline Wealth,Aman Kapoor,aman.kapoor@crestline.example,Delhi,HNI,E006,Anaya Joshi,Derivatives,Bengaluru,SBIN,State Bank of India,NSE,BUY,100,2597.45,259745.0,DELIVERY,LIMIT,PARTIALLY_EXECUTED,2026-04-02 17:48:00
TRD001765,C013,Meridian Capital,Aditya Jain,aditya.jain@meridian.example,Jaipur,Institutional,E010,Kiara Kapoor,Operations,Pune,KOTAKBANK,Kotak Mahindra Bank Ltd,NSE,SELL,75,2751.63,206372.25,INTRADAY,LIMIT,EXECUTED,2026-02-06 13:13:00
TRD001766,C014,Northstar Wealth,Tanya Sethi,tanya.sethi@northstar.example,Gurugram,HNI,E007,Reyansh Mehta,Operations,Mumbai,ULTRACEMCO,UltraTech Cement Ltd,NSE,SELL,25,1775.8,44395.0,DELIVERY,MARKET,EXECUTED,2026-03-11 22:15:00
TRD001767,C016,Pinnacle Finance,Sara Fernandes,sara.fernandes@pinnacle.example,Goa,HNI,E005,Vihaan Shah,Operations,Mumbai,RELIANCE,Reliance Industries Ltd,NSE,SELL,250,2434.74,608685.0,DELIVERY,MARKET,EXECUTED,2026-02-15 13:50:00
TRD001768,C014,Northstar Wealth,Tanya Sethi,tanya.sethi@northstar.example,Gurugram,HNI,E003,Kabir Singh,Derivatives,Pune,ITC,ITC Ltd,NSE,SELL,1000,2424.22,2424220.0,INTRADAY,MARKET,EXECUTED,2026-01-22 03:03:00
TRD001769,C009,Indus Prime,Karan Malhotra,karan.malhotra@indusprime.example,Kolkata,Retail,E003,Kabir Singh,Derivatives,Pune,HCLTECH,HCL Technologies Ltd,NSE,BUY,10,967.02,9670.2,INTRADAY,MARKET,EXECUTED,2026-01-10 15:59:00
TRD001770,C003,Crestline Wealth,Aman Kapoor,aman.kapoor@crestline.example,Delhi,HNI,E007,Reyansh Mehta,Operations,Mumbai,RELIANCE,Reliance Industries Ltd,NSE,BUY,10,2680.84,26808.4,DELIVERY,MARKET,EXECUTED,2026-02-17 14:59:00
TRD001771,C012,Lotus Financial,Meera Kulkarni,meera.kulkarni@lotus.example,Pune,Retail,E010,Kiara Kapoor,Operations,Pune,TCS,Tata Consultancy Services Ltd,NSE,SELL,50,3777.99,188899.5,INTRADAY,MARKET,EXECUTED,2026-01-16 14:04:00
TRD001772,C017,Quantum Securities,Nikhil Verma,nikhil.verma@quantum.example,Noida,Institutional,E001,Aarav Sharma,Equities,Mumbai,INFY,Infosys Ltd,NSE,SELL,100,1336.43,133643.0,DELIVERY,MARKET,PARTIALLY_EXECUTED,2026-01-26 13:13:00
TRD001773,C012,Lotus Financial,Meera Kulkarni,meera.kulkarni@lotus.example,Pune,Retail,E009,Arnav Rao,Risk,Mumbai,KOTAKBANK,Kotak Mahindra Bank Ltd,NSE,BUY,1000,4129.45,4129450.0,INTRADAY,LIMIT,EXECUTED,2026-04-03 15:42:00
TRD001774,C018,Riverstone Advisors,Pooja Menon,pooja.menon@riverstone.example,Kochi,HNI,E003,Kabir Singh,Derivatives,Pune,RELIANCE,Reliance Industries Ltd,NSE,BUY,100,2307.49,230749.0,INTRADAY,LIMIT,PARTIALLY_EXECUTED,2026-03-18 14:57:00
TRD001775,C003,Crestline Wealth,Aman Kapoor,aman.kapoor@crestline.example,Delhi,HNI,E003,Kabir Singh,Derivatives,Pune,ITC,ITC Ltd,NSE,SELL,1000,435.3,435300.0,DELIVERY,MARKET,EXECUTED,2026-03-15 18:59:00
TRD001776,C017,Quantum Securities,Nikhil Verma,nikhil.verma@quantum.example,Noida,Institutional,E008,Myra Nair,Equities,Hyderabad,TCS,Tata Consultancy Services Ltd,NSE,SELL,50,2553.6,127680.0,DELIVERY,LIMIT,PARTIALLY_EXECUTED,2026-03-19 11:26:00
TRD001777,C019,Summit Investments,Yash Agarwal,yash.agarwal@summit.example,Indore,Retail,E008,Myra Nair,Equities,Hyderabad,RELIANCE,Reliance Industries Ltd,NSE,SELL,10,2508.08,25080.8,DELIVERY,LIMIT,EXECUTED,2026-02-12 03:14:00
TRD001778,C019,Summit Investments,Yash Agarwal,yash.agarwal@summit.example,Indore,Retail,E007,Reyansh Mehta,Operations,Mumbai,HDFCBANK,HDFC Bank Ltd,NSE,SELL,200,266.15,53230.0,DELIVERY,MARKET,PARTIALLY_EXECUTED,2026-04-11 20:18:00
TRD001779,C010,Jupiter Investments,Ishita Desai,ishita.desai@jupiter.example,Mumbai,Institutional,E009,Arnav Rao,Risk,Mumbai,BAJFINANCE,Bajaj Finance Ltd,NSE,BUY,150,3059.59,458938.5,DELIVERY,LIMIT,PARTIALLY_EXECUTED,2026-03-06 20:05:00
TRD001780,C006,Falcon Broking,Simran Kaur,simran.kaur@falcon.example,Ahmedabad,Retail,E005,Vihaan Shah,Operations,Mumbai,RELIANCE,Reliance Industries Ltd,NSE,SELL,100,3521.38,352138.0,INTRADAY,MARKET,EXECUTED,2026-03-10 21:23:00
TRD001781,C020,Trident Capital,Riya Chawla,riya.chawla@trident.example,Chandigarh,Institutional,E007,Reyansh Mehta,Operations,Mumbai,TATASTEEL,Tata Steel Ltd,NSE,SELL,250,2190.65,547662.5,DELIVERY,LIMIT,EXECUTED,2026-01-28 23:59:00
TRD001782,C005,Evergreen Holdings,Rohan Iyer,rohan.iyer@evergreen.example,Chennai,HNI,E009,Arnav Rao,Risk,Mumbai,MARUTI,Maruti Suzuki India Ltd,NSE,BUY,200,670.73,134146.0,DELIVERY,LIMIT,EXECUTED,2026-03-07 02:45:00
TRD001783,C018,Riverstone Advisors,Pooja Menon,pooja.menon@riverstone.example,Kochi,HNI,E009,Arnav Rao,Risk,Mumbai,ICICIBANK,ICICI Bank Ltd,NSE,BUY,500,4066.93,2033465.0,INTRADAY,LIMIT,EXECUTED,2026-02-10 19:11:00
TRD001784,C020,Trident Capital,Riya Chawla,riya.chawla@trident.example,Chandigarh,Institutional,E001,Aarav Sharma,Equities,Mumbai,HCLTECH,HCL Technologies Ltd,NSE,BUY,100,1711.2,171120.0,INTRADAY,MARKET,PARTIALLY_EXECUTED,2026-01-28 22:27:00
TRD001785,C001,Apex Capital Advisors,Raj Mehta,raj.mehta@apexcapital.example,Mumbai,Institutional,E010,Kiara Kapoor,Operations,Pune,INFY,Infosys Ltd,NSE,BUY,100,388.91,38891.0,DELIVERY,LIMIT,EXECUTED,2026-01-21 22:43:00
TRD001786,C007,Gateway Financial,Vikram Joshi,vikram.joshi@gateway.example,Mumbai,Institutional,E007,Reyansh Mehta,Operations,Mumbai,HDFCBANK,HDFC Bank Ltd,NSE,BUY,75,2040.08,153006.0,DELIVERY,LIMIT,EXECUTED,2026-03-16 14:13:00
TRD001787,C008,Horizon Partners,Ananya Rao,ananya.rao@horizon.example,Hyderabad,HNI,E001,Aarav Sharma,Equities,Mumbai,WIPRO,Wipro Ltd,NSE,SELL,500,2187.94,1093970.0,INTRADAY,MARKET,EXECUTED,2026-03-15 07:32:00
TRD001788,C012,Lotus Financial,Meera Kulkarni,meera.kulkarni@lotus.example,Pune,Retail,E005,Vihaan Shah,Operations,Mumbai,AXISBANK,Axis Bank Ltd,NSE,SELL,50,1163.88,58194.0,INTRADAY,LIMIT,EXECUTED,2026-01-19 02:37:00
TRD001789,C007,Gateway Financial,Vikram Joshi,vikram.joshi@gateway.example,Mumbai,Institutional,E005,Vihaan Shah,Operations,Mumbai,WIPRO,Wipro Ltd,NSE,BUY,1000,1798.45,1798450.0,INTRADAY,LIMIT,EXECUTED,2026-01-12 21:17:00
TRD001790,C017,Quantum Securities,Nikhil Verma,nikhil.verma@quantum.example,Noida,Institutional,E003,Kabir Singh,Derivatives,Pune,WIPRO,Wipro Ltd,NSE,BUY,500,2311.39,1155695.0,INTRADAY,LIMIT,EXECUTED,2026-01-01 21:42:00
TRD001791,C004,Delta Securities,Priya Nair,priya.nair@delta.example,Bengaluru,Institutional,E005,Vihaan Shah,Operations,Mumbai,INFY,Infosys Ltd,NSE,SELL,100,1787.37,178737.0,DELIVERY,LIMIT,EXECUTED,2026-01-20 10:11:00
TRD001792,C013,Meridian Capital,Aditya Jain,aditya.jain@meridian.example,Jaipur,Institutional,E007,Reyansh Mehta,Operations,Mumbai,WIPRO,Wipro Ltd,NSE,SELL,1000,2813.94,2813940.0,INTRADAY,LIMIT,EXECUTED,2026-02-15 17:02:00
TRD001793,C017,Quantum Securities,Nikhil Verma,nikhil.verma@quantum.example,Noida,Institutional,E007,Reyansh Mehta,Operations,Mumbai,TCS,Tata Consultancy Services Ltd,NSE,SELL,25,1431.95,35798.75,INTRADAY,MARKET,EXECUTED,2026-02-17 22:31:00
TRD001794,C004,Delta Securities,Priya Nair,priya.nair@delta.example,Bengaluru,Institutional,E010,Kiara Kapoor,Operations,Pune,ICICIBANK,ICICI Bank Ltd,NSE,BUY,10,3561.43,35614.3,INTRADAY,MARKET,PARTIALLY_EXECUTED,2026-03-29 08:36:00
TRD001795,C002,BlueRock Investments,Neha Shah,neha.shah@bluerock.example,Pune,Institutional,E006,Anaya Joshi,Derivatives,Bengaluru,HDFCBANK,HDFC Bank Ltd,NSE,BUY,250,408.47,102117.5,DELIVERY,LIMIT,EXECUTED,2026-01-12 15:33:00
TRD001796,C014,Northstar Wealth,Tanya Sethi,tanya.sethi@northstar.example,Gurugram,HNI,E006,Anaya Joshi,Derivatives,Bengaluru,LT,Larsen & Toubro Ltd,NSE,SELL,50,496.53,24826.5,INTRADAY,LIMIT,EXECUTED,2026-02-17 16:47:00
TRD001797,C013,Meridian Capital,Aditya Jain,aditya.jain@meridian.example,Jaipur,Institutional,E008,Myra Nair,Equities,Hyderabad,TATASTEEL,Tata Steel Ltd,NSE,BUY,10,2529.79,25297.9,DELIVERY,LIMIT,EXECUTED,2026-02-25 04:55:00
TRD001798,C006,Falcon Broking,Simran Kaur,simran.kaur@falcon.example,Ahmedabad,Retail,E001,Aarav Sharma,Equities,Mumbai,AXISBANK,Axis Bank Ltd,NSE,SELL,200,2893.11,578622.0,INTRADAY,LIMIT,PARTIALLY_EXECUTED,2026-02-20 06:15:00
TRD001799,C014,Northstar Wealth,Tanya Sethi,tanya.sethi@northstar.example,Gurugram,HNI,E001,Aarav Sharma,Equities,Mumbai,MARUTI,Maruti Suzuki India Ltd,NSE,SELL,100,750.93,75093.0,INTRADAY,LIMIT,EXECUTED,2026-02-26 22:54:00
TRD001800,C016,Pinnacle Finance,Sara Fernandes,sara.fernandes@pinnacle.example,Goa,HNI,E008,Myra Nair,Equities,Hyderabad,MARUTI,Maruti Suzuki India Ltd,NSE,BUY,1000,1939.31,1939310.0,INTRADAY,MARKET,EXECUTED,2026-02-26 13:12:00
TRD001801,C017,Quantum Securities,Nikhil Verma,nikhil.verma@quantum.example,Noida,Institutional,E010,Kiara Kapoor,Operations,Pune,TATASTEEL,Tata Steel Ltd,NSE,SELL,50,1082.96,54148.0,INTRADAY,LIMIT,PARTIALLY_EXECUTED,2026-03-09 15:44:00
TRD001802,C005,Evergreen Holdings,Rohan Iyer,rohan.iyer@evergreen.example,Chennai,HNI,E003,Kabir Singh,Derivatives,Pune,HCLTECH,HCL Technologies Ltd,NSE,SELL,100,308.0,30800.0,INTRADAY,LIMIT,EXECUTED,2026-03-14 13:32:00
TRD001803,C002,BlueRock Investments,Neha Shah,neha.shah@bluerock.example,Pune,Institutional,E001,Aarav Sharma,Equities,Mumbai,HCLTECH,HCL Technologies Ltd,NSE,BUY,50,572.27,28613.5,INTRADAY,MARKET,PARTIALLY_EXECUTED,2026-01-29 02:01:00
TRD001804,C014,Northstar Wealth,Tanya Sethi,tanya.sethi@northstar.example,Gurugram,HNI,E008,Myra Nair,Equities,Hyderabad,ASIANPAINT,Asian Paints Ltd,NSE,SELL,200,637.79,127558.0,DELIVERY,LIMIT,EXECUTED,2026-02-27 21:53:00
TRD001805,C004,Delta Securities,Priya Nair,priya.nair@delta.example,Bengaluru,Institutional,E002,Diya Patel,Equities,Mumbai,SBIN,State Bank of India,NSE,SELL,25,464.82,11620.5,INTRADAY,LIMIT,EXECUTED,2026-04-03 00:27:00
TRD001806,C001,Apex Capital Advisors,Raj Mehta,raj.mehta@apexcapital.example,Mumbai,Institutional,E009,Arnav Rao,Risk,Mumbai,TATASTEEL,Tata Steel Ltd,NSE,BUY,250,2507.95,626987.5,INTRADAY,LIMIT,EXECUTED,2026-03-14 11:45:00
TRD001807,C007,Gateway Financial,Vikram Joshi,vikram.joshi@gateway.example,Mumbai,Institutional,E002,Diya Patel,Equities,Mumbai,SBIN,State Bank of India,NSE,SELL,250,3914.93,978732.5,INTRADAY,LIMIT,EXECUTED,2026-01-03 20:45:00
TRD001808,C014,Northstar Wealth,Tanya Sethi,tanya.sethi@northstar.example,Gurugram,HNI,E005,Vihaan Shah,Operations,Mumbai,SBIN,State Bank of India,NSE,SELL,25,691.04,17276.0,DELIVERY,MARKET,EXECUTED,2026-01-21 13:48:00
TRD001809,C017,Quantum Securities,Nikhil Verma,nikhil.verma@quantum.example,Noida,Institutional,E005,Vihaan Shah,Operations,Mumbai,LT,Larsen & Toubro Ltd,NSE,SELL,150,1023.12,153468.0,INTRADAY,MARKET,PARTIALLY_EXECUTED,2026-03-05 07:43:00
TRD001810,C018,Riverstone Advisors,Pooja Menon,pooja.menon@riverstone.example,Kochi,HNI,E006,Anaya Joshi,Derivatives,Bengaluru,SBIN,State Bank of India,NSE,SELL,100,3985.97,398597.0,INTRADAY,MARKET,EXECUTED,2026-02-02 05:05:00
TRD001811,C018,Riverstone Advisors,Pooja Menon,pooja.menon@riverstone.example,Kochi,HNI,E004,Ira Deshmukh,Equities,Delhi,KOTAKBANK,Kotak Mahindra Bank Ltd,NSE,SELL,100,1574.75,157475.0,DELIVERY,MARKET,PARTIALLY_EXECUTED,2026-02-19 05:42:00
TRD001812,C009,Indus Prime,Karan Malhotra,karan.malhotra@indusprime.example,Kolkata,Retail,E005,Vihaan Shah,Operations,Mumbai,SUNPHARMA,Sun Pharmaceutical Industries Ltd,NSE,SELL,250,1478.09,369522.5,DELIVERY,MARKET,EXECUTED,2026-01-27 21:34:00
TRD001813,C005,Evergreen Holdings,Rohan Iyer,rohan.iyer@evergreen.example,Chennai,HNI,E004,Ira Deshmukh,Equities,Delhi,ICICIBANK,ICICI Bank Ltd,NSE,SELL,100,3252.53,325253.0,DELIVERY,LIMIT,PARTIALLY_EXECUTED,2026-03-31 19:34:00
TRD001814,C013,Meridian Capital,Aditya Jain,aditya.jain@meridian.example,Jaipur,Institutional,E004,Ira Deshmukh,Equities,Delhi,LT,Larsen & Toubro Ltd,NSE,SELL,50,2098.41,104920.5,DELIVERY,LIMIT,EXECUTED,2026-01-06 23:24:00
TRD001815,C003,Crestline Wealth,Aman Kapoor,aman.kapoor@crestline.example,Delhi,HNI,E008,Myra Nair,Equities,Hyderabad,SUNPHARMA,Sun Pharmaceutical Industries Ltd,NSE,BUY,500,335.1,167550.0,INTRADAY,MARKET,EXECUTED,2026-01-13 15:09:00
TRD001816,C009,Indus Prime,Karan Malhotra,karan.malhotra@indusprime.example,Kolkata,Retail,E006,Anaya Joshi,Derivatives,Bengaluru,ITC,ITC Ltd,NSE,BUY,200,2590.54,518108.0,INTRADAY,MARKET,EXECUTED,2026-02-12 04:08:00
TRD001817,C020,Trident Capital,Riya Chawla,riya.chawla@trident.example,Chandigarh,Institutional,E004,Ira Deshmukh,Equities,Delhi,MARUTI,Maruti Suzuki India Ltd,NSE,BUY,100,133.62,13362.0,DELIVERY,LIMIT,PARTIALLY_EXECUTED,2026-01-20 06:55:00
TRD001818,C016,Pinnacle Finance,Sara Fernandes,sara.fernandes@pinnacle.example,Goa,HNI,E009,Arnav Rao,Risk,Mumbai,AXISBANK,Axis Bank Ltd,NSE,BUY,200,1506.08,301216.0,INTRADAY,LIMIT,EXECUTED,2026-02-01 17:49:00
TRD001819,C012,Lotus Financial,Meera Kulkarni,meera.kulkarni@lotus.example,Pune,Retail,E005,Vihaan Shah,Operations,Mumbai,WIPRO,Wipro Ltd,NSE,SELL,10,3483.38,34833.8,INTRADAY,MARKET,PARTIALLY_EXECUTED,2026-02-08 15:54:00
TRD001820,C020,Trident Capital,Riya Chawla,riya.chawla@trident.example,Chandigarh,Institutional,E010,Kiara Kapoor,Operations,Pune,ITC,ITC Ltd,NSE,SELL,500,525.94,262970.0,DELIVERY,MARKET,EXECUTED,2026-02-28 17:31:00
TRD001821,C018,Riverstone Advisors,Pooja Menon,pooja.menon@riverstone.example,Kochi,HNI,E008,Myra Nair,Equities,Hyderabad,KOTAKBANK,Kotak Mahindra Bank Ltd,NSE,SELL,500,3110.93,1555465.0,INTRADAY,MARKET,EXECUTED,2026-04-14 18:26:00
TRD001822,C010,Jupiter Investments,Ishita Desai,ishita.desai@jupiter.example,Mumbai,Institutional,E006,Anaya Joshi,Derivatives,Bengaluru,ASIANPAINT,Asian Paints Ltd,NSE,BUY,250,515.65,128912.5,DELIVERY,LIMIT,PARTIALLY_EXECUTED,2026-03-24 04:46:00
TRD001823,C008,Horizon Partners,Ananya Rao,ananya.rao@horizon.example,Hyderabad,HNI,E001,Aarav Sharma,Equities,Mumbai,INFY,Infosys Ltd,NSE,SELL,100,805.25,80525.0,DELIVERY,MARKET,PARTIALLY_EXECUTED,2026-01-25 10:50:00
TRD001824,C006,Falcon Broking,Simran Kaur,simran.kaur@falcon.example,Ahmedabad,Retail,E009,Arnav Rao,Risk,Mumbai,LT,Larsen & Toubro Ltd,NSE,BUY,1000,3345.52,3345520.0,DELIVERY,LIMIT,EXECUTED,2026-01-28 20:45:00
TRD001825,C013,Meridian Capital,Aditya Jain,aditya.jain@meridian.example,Jaipur,Institutional,E003,Kabir Singh,Derivatives,Pune,TCS,Tata Consultancy Services Ltd,NSE,BUY,50,2212.79,110639.5,DELIVERY,MARKET,EXECUTED,2026-04-05 01:56:00
TRD001826,C005,Evergreen Holdings,Rohan Iyer,rohan.iyer@evergreen.example,Chennai,HNI,E002,Diya Patel,Equities,Mumbai,RELIANCE,Reliance Industries Ltd,NSE,BUY,10,846.75,8467.5,DELIVERY,MARKET,EXECUTED,2026-02-02 09:01:00
TRD001827,C017,Quantum Securities,Nikhil Verma,nikhil.verma@quantum.example,Noida,Institutional,E007,Reyansh Mehta,Operations,Mumbai,ADANIENT,Adani Enterprises Ltd,NSE,SELL,200,556.64,111328.0,INTRADAY,LIMIT,EXECUTED,2026-01-06 19:27:00
TRD001828,C001,Apex Capital Advisors,Raj Mehta,raj.mehta@apexcapital.example,Mumbai,Institutional,E009,Arnav Rao,Risk,Mumbai,INFY,Infosys Ltd,NSE,SELL,75,1618.54,121390.5,INTRADAY,MARKET,EXECUTED,2026-01-18 07:18:00
TRD001829,C018,Riverstone Advisors,Pooja Menon,pooja.menon@riverstone.example,Kochi,HNI,E005,Vihaan Shah,Operations,Mumbai,MARUTI,Maruti Suzuki India Ltd,NSE,BUY,25,2511.34,62783.5,INTRADAY,LIMIT,PARTIALLY_EXECUTED,2026-01-10 00:11:00
TRD001830,C018,Riverstone Advisors,Pooja Menon,pooja.menon@riverstone.example,Kochi,HNI,E003,Kabir Singh,Derivatives,Pune,ITC,ITC Ltd,NSE,SELL,100,1766.67,176667.0,DELIVERY,MARKET,EXECUTED,2026-02-27 23:35:00
TRD001831,C007,Gateway Financial,Vikram Joshi,vikram.joshi@gateway.example,Mumbai,Institutional,E001,Aarav Sharma,Equities,Mumbai,ADANIENT,Adani Enterprises Ltd,NSE,SELL,50,99.44,4972.0,INTRADAY,LIMIT,PARTIALLY_EXECUTED,2026-02-21 03:59:00
TRD001832,C003,Crestline Wealth,Aman Kapoor,aman.kapoor@crestline.example,Delhi,HNI,E006,Anaya Joshi,Derivatives,Bengaluru,TATASTEEL,Tata Steel Ltd,NSE,BUY,200,1866.18,373236.0,INTRADAY,LIMIT,EXECUTED,2026-03-13 08:53:00
TRD001833,C003,Crestline Wealth,Aman Kapoor,aman.kapoor@crestline.example,Delhi,HNI,E001,Aarav Sharma,Equities,Mumbai,BHARTIARTL,Bharti Airtel Ltd,NSE,SELL,100,3654.78,365478.0,DELIVERY,LIMIT,EXECUTED,2026-01-17 19:45:00
TRD001834,C015,Orion Broking,Dev Patel,dev.patel@orion.example,Surat,Retail,E009,Arnav Rao,Risk,Mumbai,MARUTI,Maruti Suzuki India Ltd,NSE,BUY,200,2612.1,522420.0,INTRADAY,MARKET,EXECUTED,2026-02-19 07:56:00
TRD001835,C012,Lotus Financial,Meera Kulkarni,meera.kulkarni@lotus.example,Pune,Retail,E009,Arnav Rao,Risk,Mumbai,ITC,ITC Ltd,NSE,SELL,200,2340.99,468198.0,DELIVERY,LIMIT,PARTIALLY_EXECUTED,2026-02-23 22:38:00
TRD001836,C006,Falcon Broking,Simran Kaur,simran.kaur@falcon.example,Ahmedabad,Retail,E007,Reyansh Mehta,Operations,Mumbai,ULTRACEMCO,UltraTech Cement Ltd,NSE,SELL,10,2257.53,22575.3,INTRADAY,MARKET,PARTIALLY_EXECUTED,2026-04-09 16:15:00
TRD001837,C017,Quantum Securities,Nikhil Verma,nikhil.verma@quantum.example,Noida,Institutional,E008,Myra Nair,Equities,Hyderabad,ULTRACEMCO,UltraTech Cement Ltd,NSE,BUY,150,211.06,31659.0,DELIVERY,LIMIT,PARTIALLY_EXECUTED,2026-03-20 10:30:00
TRD001838,C003,Crestline Wealth,Aman Kapoor,aman.kapoor@crestline.example,Delhi,HNI,E010,Kiara Kapoor,Operations,Pune,ADANIENT,Adani Enterprises Ltd,NSE,SELL,10,2937.57,29375.7,DELIVERY,MARKET,EXECUTED,2026-02-13 11:36:00
TRD001839,C005,Evergreen Holdings,Rohan Iyer,rohan.iyer@evergreen.example,Chennai,HNI,E007,Reyansh Mehta,Operations,Mumbai,SUNPHARMA,Sun Pharmaceutical Industries Ltd,NSE,SELL,500,2460.64,1230320.0,INTRADAY,MARKET,EXECUTED,2026-02-04 09:16:00
TRD001840,C003,Crestline Wealth,Aman Kapoor,aman.kapoor@crestline.example,Delhi,HNI,E009,Arnav Rao,Risk,Mumbai,TATASTEEL,Tata Steel Ltd,NSE,SELL,50,3956.17,197808.5,INTRADAY,LIMIT,EXECUTED,2026-03-26 07:19:00
TRD001841,C004,Delta Securities,Priya Nair,priya.nair@delta.example,Bengaluru,Institutional,E008,Myra Nair,Equities,Hyderabad,ASIANPAINT,Asian Paints Ltd,NSE,SELL,100,2990.46,299046.0,INTRADAY,LIMIT,PARTIALLY_EXECUTED,2026-01-26 12:02:00
TRD001842,C020,Trident Capital,Riya Chawla,riya.chawla@trident.example,Chandigarh,Institutional,E003,Kabir Singh,Derivatives,Pune,INFY,Infosys Ltd,NSE,BUY,500,2854.29,1427145.0,DELIVERY,LIMIT,EXECUTED,2026-04-11 18:27:00
TRD001843,C020,Trident Capital,Riya Chawla,riya.chawla@trident.example,Chandigarh,Institutional,E010,Kiara Kapoor,Operations,Pune,BHARTIARTL,Bharti Airtel Ltd,NSE,BUY,200,1180.71,236142.0,DELIVERY,LIMIT,EXECUTED,2026-01-31 00:10:00
TRD001844,C017,Quantum Securities,Nikhil Verma,nikhil.verma@quantum.example,Noida,Institutional,E010,Kiara Kapoor,Operations,Pune,INFY,Infosys Ltd,NSE,SELL,10,3422.93,34229.3,INTRADAY,LIMIT,EXECUTED,2026-02-18 12:08:00
TRD001845,C004,Delta Securities,Priya Nair,priya.nair@delta.example,Bengaluru,Institutional,E009,Arnav Rao,Risk,Mumbai,SUNPHARMA,Sun Pharmaceutical Industries Ltd,NSE,SELL,150,2085.33,312799.5,INTRADAY,LIMIT,EXECUTED,2026-01-09 15:28:00
TRD001846,C001,Apex Capital Advisors,Raj Mehta,raj.mehta@apexcapital.example,Mumbai,Institutional,E010,Kiara Kapoor,Operations,Pune,ICICIBANK,ICICI Bank Ltd,NSE,BUY,150,2129.93,319489.5,DELIVERY,MARKET,EXECUTED,2026-01-01 09:30:00
TRD001847,C013,Meridian Capital,Aditya Jain,aditya.jain@meridian.example,Jaipur,Institutional,E004,Ira Deshmukh,Equities,Delhi,MARUTI,Maruti Suzuki India Ltd,NSE,SELL,100,3996.88,399688.0,DELIVERY,MARKET,EXECUTED,2026-03-26 00:12:00
TRD001848,C009,Indus Prime,Karan Malhotra,karan.malhotra@indusprime.example,Kolkata,Retail,E008,Myra Nair,Equities,Hyderabad,SBIN,State Bank of India,NSE,BUY,500,2599.37,1299685.0,DELIVERY,MARKET,EXECUTED,2026-02-21 08:34:00
TRD001849,C016,Pinnacle Finance,Sara Fernandes,sara.fernandes@pinnacle.example,Goa,HNI,E009,Arnav Rao,Risk,Mumbai,KOTAKBANK,Kotak Mahindra Bank Ltd,NSE,BUY,50,2919.61,145980.5,DELIVERY,MARKET,EXECUTED,2026-03-24 18:47:00
TRD001850,C014,Northstar Wealth,Tanya Sethi,tanya.sethi@northstar.example,Gurugram,HNI,E002,Diya Patel,Equities,Mumbai,BHARTIARTL,Bharti Airtel Ltd,NSE,SELL,10,2066.25,20662.5,INTRADAY,MARKET,EXECUTED,2026-01-12 02:39:00
TRD001851,C004,Delta Securities,Priya Nair,priya.nair@delta.example,Bengaluru,Institutional,E010,Kiara Kapoor,Operations,Pune,SUNPHARMA,Sun Pharmaceutical Industries Ltd,NSE,BUY,1000,817.47,817470.0,DELIVERY,MARKET,EXECUTED,2026-03-26 19:43:00
TRD001852,C006,Falcon Broking,Simran Kaur,simran.kaur@falcon.example,Ahmedabad,Retail,E007,Reyansh Mehta,Operations,Mumbai,INFY,Infosys Ltd,NSE,BUY,150,1020.8,153120.0,DELIVERY,MARKET,EXECUTED,2026-03-22 14:12:00
TRD001853,C002,BlueRock Investments,Neha Shah,neha.shah@bluerock.example,Pune,Institutional,E001,Aarav Sharma,Equities,Mumbai,ADANIENT,Adani Enterprises Ltd,NSE,BUY,200,2527.86,505572.0,DELIVERY,LIMIT,EXECUTED,2026-01-04 01:30:00
TRD001854,C003,Crestline Wealth,Aman Kapoor,aman.kapoor@crestline.example,Delhi,HNI,E009,Arnav Rao,Risk,Mumbai,TCS,Tata Consultancy Services Ltd,NSE,SELL,500,3012.31,1506155.0,DELIVERY,MARKET,PARTIALLY_EXECUTED,2026-02-23 17:32:00
TRD001855,C014,Northstar Wealth,Tanya Sethi,tanya.sethi@northstar.example,Gurugram,HNI,E010,Kiara Kapoor,Operations,Pune,BAJFINANCE,Bajaj Finance Ltd,NSE,BUY,200,1503.09,300618.0,INTRADAY,LIMIT,EXECUTED,2026-02-17 04:29:00
TRD001856,C014,Northstar Wealth,Tanya Sethi,tanya.sethi@northstar.example,Gurugram,HNI,E002,Diya Patel,Equities,Mumbai,ULTRACEMCO,UltraTech Cement Ltd,NSE,BUY,250,916.99,229247.5,DELIVERY,MARKET,EXECUTED,2026-02-26 23:23:00
TRD001857,C002,BlueRock Investments,Neha Shah,neha.shah@bluerock.example,Pune,Institutional,E005,Vihaan Shah,Operations,Mumbai,MARUTI,Maruti Suzuki India Ltd,NSE,BUY,50,1532.64,76632.0,INTRADAY,MARKET,EXECUTED,2026-04-13 14:23:00
TRD001858,C003,Crestline Wealth,Aman Kapoor,aman.kapoor@crestline.example,Delhi,HNI,E008,Myra Nair,Equities,Hyderabad,AXISBANK,Axis Bank Ltd,NSE,BUY,150,1886.75,283012.5,DELIVERY,LIMIT,EXECUTED,2026-04-06 18:43:00
TRD001859,C014,Northstar Wealth,Tanya Sethi,tanya.sethi@northstar.example,Gurugram,HNI,E009,Arnav Rao,Risk,Mumbai,RELIANCE,Reliance Industries Ltd,NSE,SELL,100,4113.64,411364.0,DELIVERY,LIMIT,PARTIALLY_EXECUTED,2026-03-21 15:38:00
TRD001860,C007,Gateway Financial,Vikram Joshi,vikram.joshi@gateway.example,Mumbai,Institutional,E010,Kiara Kapoor,Operations,Pune,BAJFINANCE,Bajaj Finance Ltd,NSE,BUY,100,3751.45,375145.0,DELIVERY,LIMIT,EXECUTED,2026-04-10 01:01:00
TRD001861,C011,Keystone Asset Mgmt,Arjun Bhat,arjun.bhat@keystone.example,Nashik,HNI,E004,Ira Deshmukh,Equities,Delhi,BHARTIARTL,Bharti Airtel Ltd,NSE,SELL,200,3850.24,770048.0,DELIVERY,LIMIT,EXECUTED,2026-04-09 17:23:00
TRD001862,C002,BlueRock Investments,Neha Shah,neha.shah@bluerock.example,Pune,Institutional,E008,Myra Nair,Equities,Hyderabad,ADANIENT,Adani Enterprises Ltd,NSE,SELL,10,1704.14,17041.4,INTRADAY,LIMIT,EXECUTED,2026-03-24 02:53:00
TRD001863,C012,Lotus Financial,Meera Kulkarni,meera.kulkarni@lotus.example,Pune,Retail,E007,Reyansh Mehta,Operations,Mumbai,SBIN,State Bank of India,NSE,BUY,1000,837.11,837110.0,DELIVERY,LIMIT,EXECUTED,2026-01-03 03:46:00
TRD001864,C004,Delta Securities,Priya Nair,priya.nair@delta.example,Bengaluru,Institutional,E001,Aarav Sharma,Equities,Mumbai,ASIANPAINT,Asian Paints Ltd,NSE,SELL,10,2825.93,28259.3,DELIVERY,MARKET,EXECUTED,2026-01-19 21:39:00
TRD001865,C004,Delta Securities,Priya Nair,priya.nair@delta.example,Bengaluru,Institutional,E008,Myra Nair,Equities,Hyderabad,KOTAKBANK,Kotak Mahindra Bank Ltd,NSE,SELL,25,2558.23,63955.75,DELIVERY,LIMIT,EXECUTED,2026-01-04 20:41:00
TRD001866,C015,Orion Broking,Dev Patel,dev.patel@orion.example,Surat,Retail,E007,Reyansh Mehta,Operations,Mumbai,RELIANCE,Reliance Industries Ltd,NSE,BUY,50,2693.28,134664.0,INTRADAY,MARKET,EXECUTED,2026-03-16 07:37:00
TRD001867,C009,Indus Prime,Karan Malhotra,karan.malhotra@indusprime.example,Kolkata,Retail,E002,Diya Patel,Equities,Mumbai,SBIN,State Bank of India,NSE,BUY,25,2829.13,70728.25,INTRADAY,LIMIT,EXECUTED,2026-02-03 13:28:00
TRD001868,C002,BlueRock Investments,Neha Shah,neha.shah@bluerock.example,Pune,Institutional,E001,Aarav Sharma,Equities,Mumbai,SBIN,State Bank of India,NSE,SELL,10,409.84,4098.4,INTRADAY,MARKET,EXECUTED,2026-01-21 14:11:00
TRD001869,C012,Lotus Financial,Meera Kulkarni,meera.kulkarni@lotus.example,Pune,Retail,E010,Kiara Kapoor,Operations,Pune,WIPRO,Wipro Ltd,NSE,SELL,1000,1483.21,1483210.0,INTRADAY,MARKET,PARTIALLY_EXECUTED,2026-03-22 03:10:00
TRD001870,C004,Delta Securities,Priya Nair,priya.nair@delta.example,Bengaluru,Institutional,E008,Myra Nair,Equities,Hyderabad,ITC,ITC Ltd,NSE,BUY,250,2533.26,633315.0,INTRADAY,LIMIT,EXECUTED,2026-01-10 09:35:00
TRD001871,C008,Horizon Partners,Ananya Rao,ananya.rao@horizon.example,Hyderabad,HNI,E002,Diya Patel,Equities,Mumbai,RELIANCE,Reliance Industries Ltd,NSE,BUY,200,1269.48,253896.0,INTRADAY,MARKET,EXECUTED,2026-02-09 17:58:00
TRD001872,C019,Summit Investments,Yash Agarwal,yash.agarwal@summit.example,Indore,Retail,E002,Diya Patel,Equities,Mumbai,TATASTEEL,Tata Steel Ltd,NSE,SELL,150,603.72,90558.0,DELIVERY,LIMIT,EXECUTED,2026-01-07 02:34:00
TRD001873,C017,Quantum Securities,Nikhil Verma,nikhil.verma@quantum.example,Noida,Institutional,E010,Kiara Kapoor,Operations,Pune,AXISBANK,Axis Bank Ltd,NSE,BUY,25,2318.46,57961.5,DELIVERY,LIMIT,EXECUTED,2026-01-18 11:02:00
TRD001874,C018,Riverstone Advisors,Pooja Menon,pooja.menon@riverstone.example,Kochi,HNI,E006,Anaya Joshi,Derivatives,Bengaluru,SUNPHARMA,Sun Pharmaceutical Industries Ltd,NSE,BUY,150,2907.99,436198.5,DELIVERY,MARKET,EXECUTED,2026-03-04 08:46:00
TRD001875,C013,Meridian Capital,Aditya Jain,aditya.jain@meridian.example,Jaipur,Institutional,E002,Diya Patel,Equities,Mumbai,RELIANCE,Reliance Industries Ltd,NSE,BUY,200,4050.85,810170.0,DELIVERY,MARKET,PARTIALLY_EXECUTED,2026-04-15 00:58:00
TRD001876,C019,Summit Investments,Yash Agarwal,yash.agarwal@summit.example,Indore,Retail,E007,Reyansh Mehta,Operations,Mumbai,BAJFINANCE,Bajaj Finance Ltd,NSE,BUY,25,2334.82,58370.5,INTRADAY,LIMIT,EXECUTED,2026-03-22 08:17:00
TRD001877,C008,Horizon Partners,Ananya Rao,ananya.rao@horizon.example,Hyderabad,HNI,E008,Myra Nair,Equities,Hyderabad,KOTAKBANK,Kotak Mahindra Bank Ltd,NSE,SELL,50,3034.04,151702.0,DELIVERY,LIMIT,EXECUTED,2026-02-10 00:51:00
TRD001878,C019,Summit Investments,Yash Agarwal,yash.agarwal@summit.example,Indore,Retail,E006,Anaya Joshi,Derivatives,Bengaluru,LT,Larsen & Toubro Ltd,NSE,BUY,10,1700.67,17006.7,INTRADAY,MARKET,EXECUTED,2026-03-25 20:21:00
TRD001879,C011,Keystone Asset Mgmt,Arjun Bhat,arjun.bhat@keystone.example,Nashik,HNI,E001,Aarav Sharma,Equities,Mumbai,ITC,ITC Ltd,NSE,BUY,150,3494.04,524106.0,INTRADAY,MARKET,PARTIALLY_EXECUTED,2026-01-14 15:39:00
TRD001880,C011,Keystone Asset Mgmt,Arjun Bhat,arjun.bhat@keystone.example,Nashik,HNI,E005,Vihaan Shah,Operations,Mumbai,ICICIBANK,ICICI Bank Ltd,NSE,SELL,50,1261.35,63067.5,INTRADAY,MARKET,EXECUTED,2026-03-26 00:18:00
TRD001881,C006,Falcon Broking,Simran Kaur,simran.kaur@falcon.example,Ahmedabad,Retail,E010,Kiara Kapoor,Operations,Pune,ICICIBANK,ICICI Bank Ltd,NSE,BUY,75,1351.25,101343.75,DELIVERY,MARKET,EXECUTED,2026-01-18 17:23:00
TRD001882,C019,Summit Investments,Yash Agarwal,yash.agarwal@summit.example,Indore,Retail,E001,Aarav Sharma,Equities,Mumbai,HCLTECH,HCL Technologies Ltd,NSE,BUY,150,1090.23,163534.5,INTRADAY,LIMIT,EXECUTED,2026-04-09 20:58:00
TRD001883,C001,Apex Capital Advisors,Raj Mehta,raj.mehta@apexcapital.example,Mumbai,Institutional,E003,Kabir Singh,Derivatives,Pune,HDFCBANK,HDFC Bank Ltd,NSE,BUY,200,1700.48,340096.0,DELIVERY,MARKET,EXECUTED,2026-02-10 10:12:00
TRD001884,C011,Keystone Asset Mgmt,Arjun Bhat,arjun.bhat@keystone.example,Nashik,HNI,E008,Myra Nair,Equities,Hyderabad,MARUTI,Maruti Suzuki India Ltd,NSE,SELL,150,3612.42,541863.0,DELIVERY,MARKET,PARTIALLY_EXECUTED,2026-02-04 06:11:00
TRD001885,C010,Jupiter Investments,Ishita Desai,ishita.desai@jupiter.example,Mumbai,Institutional,E003,Kabir Singh,Derivatives,Pune,BHARTIARTL,Bharti Airtel Ltd,NSE,BUY,75,4007.63,300572.25,INTRADAY,MARKET,EXECUTED,2026-02-14 03:00:00
TRD001886,C005,Evergreen Holdings,Rohan Iyer,rohan.iyer@evergreen.example,Chennai,HNI,E008,Myra Nair,Equities,Hyderabad,SUNPHARMA,Sun Pharmaceutical Industries Ltd,NSE,SELL,500,852.61,426305.0,INTRADAY,LIMIT,EXECUTED,2026-02-16 23:00:00
TRD001887,C020,Trident Capital,Riya Chawla,riya.chawla@trident.example,Chandigarh,Institutional,E003,Kabir Singh,Derivatives,Pune,TATASTEEL,Tata Steel Ltd,NSE,SELL,25,458.78,11469.5,DELIVERY,MARKET,EXECUTED,2026-03-05 01:18:00
TRD001888,C006,Falcon Broking,Simran Kaur,simran.kaur@falcon.example,Ahmedabad,Retail,E004,Ira Deshmukh,Equities,Delhi,HCLTECH,HCL Technologies Ltd,NSE,BUY,25,2747.55,68688.75,DELIVERY,LIMIT,EXECUTED,2026-02-01 11:59:00
TRD001889,C017,Quantum Securities,Nikhil Verma,nikhil.verma@quantum.example,Noida,Institutional,E010,Kiara Kapoor,Operations,Pune,ASIANPAINT,Asian Paints Ltd,NSE,BUY,150,2412.21,361831.5,DELIVERY,MARKET,PARTIALLY_EXECUTED,2026-03-21 08:15:00
TRD001890,C007,Gateway Financial,Vikram Joshi,vikram.joshi@gateway.example,Mumbai,Institutional,E009,Arnav Rao,Risk,Mumbai,SUNPHARMA,Sun Pharmaceutical Industries Ltd,NSE,SELL,500,2350.72,1175360.0,INTRADAY,LIMIT,EXECUTED,2026-02-27 08:32:00
TRD001891,C004,Delta Securities,Priya Nair,priya.nair@delta.example,Bengaluru,Institutional,E007,Reyansh Mehta,Operations,Mumbai,BAJFINANCE,Bajaj Finance Ltd,NSE,BUY,10,3172.95,31729.5,DELIVERY,LIMIT,EXECUTED,2026-03-04 05:17:00
TRD001892,C003,Crestline Wealth,Aman Kapoor,aman.kapoor@crestline.example,Delhi,HNI,E009,Arnav Rao,Risk,Mumbai,BHARTIARTL,Bharti Airtel Ltd,NSE,BUY,500,3823.95,1911975.0,DELIVERY,LIMIT,EXECUTED,2026-03-29 16:37:00
TRD001893,C010,Jupiter Investments,Ishita Desai,ishita.desai@jupiter.example,Mumbai,Institutional,E001,Aarav Sharma,Equities,Mumbai,HDFCBANK,HDFC Bank Ltd,NSE,BUY,50,3057.6,152880.0,DELIVERY,MARKET,EXECUTED,2026-03-29 04:17:00
TRD001894,C006,Falcon Broking,Simran Kaur,simran.kaur@falcon.example,Ahmedabad,Retail,E009,Arnav Rao,Risk,Mumbai,ITC,ITC Ltd,NSE,SELL,500,609.5,304750.0,DELIVERY,MARKET,EXECUTED,2026-02-12 00:11:00
TRD001895,C009,Indus Prime,Karan Malhotra,karan.malhotra@indusprime.example,Kolkata,Retail,E002,Diya Patel,Equities,Mumbai,WIPRO,Wipro Ltd,NSE,SELL,250,4148.16,1037040.0,DELIVERY,MARKET,EXECUTED,2026-02-08 20:58:00
TRD001896,C014,Northstar Wealth,Tanya Sethi,tanya.sethi@northstar.example,Gurugram,HNI,E006,Anaya Joshi,Derivatives,Bengaluru,TCS,Tata Consultancy Services Ltd,NSE,BUY,10,2854.91,28549.1,DELIVERY,MARKET,EXECUTED,2026-01-03 18:14:00
TRD001897,C002,BlueRock Investments,Neha Shah,neha.shah@bluerock.example,Pune,Institutional,E005,Vihaan Shah,Operations,Mumbai,ICICIBANK,ICICI Bank Ltd,NSE,BUY,50,622.36,31118.0,INTRADAY,LIMIT,EXECUTED,2026-03-22 06:51:00
TRD001898,C004,Delta Securities,Priya Nair,priya.nair@delta.example,Bengaluru,Institutional,E004,Ira Deshmukh,Equities,Delhi,SUNPHARMA,Sun Pharmaceutical Industries Ltd,NSE,BUY,10,3782.37,37823.7,DELIVERY,LIMIT,EXECUTED,2026-01-25 04:02:00
TRD001899,C002,BlueRock Investments,Neha Shah,neha.shah@bluerock.example,Pune,Institutional,E007,Reyansh Mehta,Operations,Mumbai,WIPRO,Wipro Ltd,NSE,SELL,75,96.88,7266.0,INTRADAY,MARKET,PARTIALLY_EXECUTED,2026-01-11 20:12:00
TRD001900,C015,Orion Broking,Dev Patel,dev.patel@orion.example,Surat,Retail,E008,Myra Nair,Equities,Hyderabad,SUNPHARMA,Sun Pharmaceutical Industries Ltd,NSE,SELL,1000,479.85,479850.0,DELIVERY,MARKET,EXECUTED,2026-04-09 04:36:00
TRD001901,C001,Apex Capital Advisors,Raj Mehta,raj.mehta@apexcapital.example,Mumbai,Institutional,E003,Kabir Singh,Derivatives,Pune,ULTRACEMCO,UltraTech Cement Ltd,NSE,BUY,200,2894.05,578810.0,INTRADAY,LIMIT,PARTIALLY_EXECUTED,2026-01-14 20:40:00
TRD001902,C020,Trident Capital,Riya Chawla,riya.chawla@trident.example,Chandigarh,Institutional,E001,Aarav Sharma,Equities,Mumbai,SBIN,State Bank of India,NSE,BUY,25,3970.02,99250.5,INTRADAY,MARKET,EXECUTED,2026-01-06 16:42:00
TRD001903,C003,Crestline Wealth,Aman Kapoor,aman.kapoor@crestline.example,Delhi,HNI,E010,Kiara Kapoor,Operations,Pune,BHARTIARTL,Bharti Airtel Ltd,NSE,SELL,50,705.69,35284.5,DELIVERY,MARKET,PARTIALLY_EXECUTED,2026-01-16 03:50:00
TRD001904,C016,Pinnacle Finance,Sara Fernandes,sara.fernandes@pinnacle.example,Goa,HNI,E001,Aarav Sharma,Equities,Mumbai,KOTAKBANK,Kotak Mahindra Bank Ltd,NSE,BUY,150,1755.13,263269.5,INTRADAY,LIMIT,PARTIALLY_EXECUTED,2026-03-09 11:34:00
TRD001905,C002,BlueRock Investments,Neha Shah,neha.shah@bluerock.example,Pune,Institutional,E007,Reyansh Mehta,Operations,Mumbai,LT,Larsen & Toubro Ltd,NSE,SELL,50,431.12,21556.0,INTRADAY,LIMIT,EXECUTED,2026-04-04 14:50:00
TRD001906,C002,BlueRock Investments,Neha Shah,neha.shah@bluerock.example,Pune,Institutional,E005,Vihaan Shah,Operations,Mumbai,TCS,Tata Consultancy Services Ltd,NSE,SELL,100,1321.57,132157.0,INTRADAY,LIMIT,PARTIALLY_EXECUTED,2026-01-07 23:18:00
TRD001907,C007,Gateway Financial,Vikram Joshi,vikram.joshi@gateway.example,Mumbai,Institutional,E005,Vihaan Shah,Operations,Mumbai,ULTRACEMCO,UltraTech Cement Ltd,NSE,BUY,75,2420.48,181536.0,DELIVERY,LIMIT,PARTIALLY_EXECUTED,2026-03-04 23:17:00
TRD001908,C006,Falcon Broking,Simran Kaur,simran.kaur@falcon.example,Ahmedabad,Retail,E008,Myra Nair,Equities,Hyderabad,ITC,ITC Ltd,NSE,BUY,50,1670.68,83534.0,DELIVERY,MARKET,EXECUTED,2026-03-21 08:43:00
TRD001909,C005,Evergreen Holdings,Rohan Iyer,rohan.iyer@evergreen.example,Chennai,HNI,E005,Vihaan Shah,Operations,Mumbai,ITC,ITC Ltd,NSE,SELL,50,3869.3,193465.0,INTRADAY,LIMIT,EXECUTED,2026-03-04 22:07:00
TRD001910,C004,Delta Securities,Priya Nair,priya.nair@delta.example,Bengaluru,Institutional,E009,Arnav Rao,Risk,Mumbai,KOTAKBANK,Kotak Mahindra Bank Ltd,NSE,BUY,500,3109.33,1554665.0,INTRADAY,MARKET,EXECUTED,2026-01-19 05:47:00
TRD001911,C010,Jupiter Investments,Ishita Desai,ishita.desai@jupiter.example,Mumbai,Institutional,E002,Diya Patel,Equities,Mumbai,ULTRACEMCO,UltraTech Cement Ltd,NSE,SELL,100,992.78,99278.0,INTRADAY,MARKET,EXECUTED,2026-04-13 06:38:00
TRD001912,C010,Jupiter Investments,Ishita Desai,ishita.desai@jupiter.example,Mumbai,Institutional,E008,Myra Nair,Equities,Hyderabad,SBIN,State Bank of India,NSE,SELL,10,1585.62,15856.2,DELIVERY,MARKET,EXECUTED,2026-02-13 07:41:00
TRD001913,C007,Gateway Financial,Vikram Joshi,vikram.joshi@gateway.example,Mumbai,Institutional,E001,Aarav Sharma,Equities,Mumbai,LT,Larsen & Toubro Ltd,NSE,BUY,25,2991.86,74796.5,INTRADAY,LIMIT,EXECUTED,2026-03-08 23:38:00
TRD001914,C012,Lotus Financial,Meera Kulkarni,meera.kulkarni@lotus.example,Pune,Retail,E005,Vihaan Shah,Operations,Mumbai,SUNPHARMA,Sun Pharmaceutical Industries Ltd,NSE,SELL,200,3854.91,770982.0,INTRADAY,LIMIT,EXECUTED,2026-04-14 00:09:00
TRD001915,C015,Orion Broking,Dev Patel,dev.patel@orion.example,Surat,Retail,E007,Reyansh Mehta,Operations,Mumbai,TCS,Tata Consultancy Services Ltd,NSE,SELL,150,3981.86,597279.0,DELIVERY,LIMIT,EXECUTED,2026-03-08 00:15:00
TRD001916,C019,Summit Investments,Yash Agarwal,yash.agarwal@summit.example,Indore,Retail,E008,Myra Nair,Equities,Hyderabad,WIPRO,Wipro Ltd,NSE,SELL,200,3916.86,783372.0,INTRADAY,MARKET,PARTIALLY_EXECUTED,2026-04-02 21:58:00
TRD001917,C007,Gateway Financial,Vikram Joshi,vikram.joshi@gateway.example,Mumbai,Institutional,E005,Vihaan Shah,Operations,Mumbai,ICICIBANK,ICICI Bank Ltd,NSE,BUY,50,1497.5,74875.0,DELIVERY,MARKET,EXECUTED,2026-03-09 17:32:00
TRD001918,C020,Trident Capital,Riya Chawla,riya.chawla@trident.example,Chandigarh,Institutional,E005,Vihaan Shah,Operations,Mumbai,KOTAKBANK,Kotak Mahindra Bank Ltd,NSE,BUY,150,847.78,127167.0,DELIVERY,LIMIT,EXECUTED,2026-03-15 00:56:00
TRD001919,C019,Summit Investments,Yash Agarwal,yash.agarwal@summit.example,Indore,Retail,E007,Reyansh Mehta,Operations,Mumbai,BHARTIARTL,Bharti Airtel Ltd,NSE,SELL,250,832.79,208197.5,DELIVERY,LIMIT,EXECUTED,2026-02-13 23:46:00
TRD001920,C005,Evergreen Holdings,Rohan Iyer,rohan.iyer@evergreen.example,Chennai,HNI,E004,Ira Deshmukh,Equities,Delhi,SUNPHARMA,Sun Pharmaceutical Industries Ltd,NSE,BUY,100,832.25,83225.0,INTRADAY,MARKET,EXECUTED,2026-01-23 16:38:00
TRD001921,C018,Riverstone Advisors,Pooja Menon,pooja.menon@riverstone.example,Kochi,HNI,E010,Kiara Kapoor,Operations,Pune,ITC,ITC Ltd,NSE,BUY,50,3957.04,197852.0,INTRADAY,LIMIT,EXECUTED,2026-01-22 13:33:00
TRD001922,C007,Gateway Financial,Vikram Joshi,vikram.joshi@gateway.example,Mumbai,Institutional,E001,Aarav Sharma,Equities,Mumbai,ADANIENT,Adani Enterprises Ltd,NSE,SELL,75,2791.79,209384.25,DELIVERY,MARKET,EXECUTED,2026-03-25 17:50:00
TRD001923,C001,Apex Capital Advisors,Raj Mehta,raj.mehta@apexcapital.example,Mumbai,Institutional,E009,Arnav Rao,Risk,Mumbai,HDFCBANK,HDFC Bank Ltd,NSE,SELL,500,3467.33,1733665.0,DELIVERY,MARKET,EXECUTED,2026-01-31 18:56:00
TRD001924,C012,Lotus Financial,Meera Kulkarni,meera.kulkarni@lotus.example,Pune,Retail,E009,Arnav Rao,Risk,Mumbai,ADANIENT,Adani Enterprises Ltd,NSE,BUY,500,1240.7,620350.0,DELIVERY,LIMIT,EXECUTED,2026-01-29 20:39:00
TRD001925,C006,Falcon Broking,Simran Kaur,simran.kaur@falcon.example,Ahmedabad,Retail,E007,Reyansh Mehta,Operations,Mumbai,KOTAKBANK,Kotak Mahindra Bank Ltd,NSE,SELL,100,1183.95,118395.0,DELIVERY,MARKET,PARTIALLY_EXECUTED,2026-04-02 01:17:00
TRD001926,C007,Gateway Financial,Vikram Joshi,vikram.joshi@gateway.example,Mumbai,Institutional,E003,Kabir Singh,Derivatives,Pune,TATASTEEL,Tata Steel Ltd,NSE,SELL,150,3686.91,553036.5,DELIVERY,LIMIT,PARTIALLY_EXECUTED,2026-01-28 06:04:00
TRD001927,C015,Orion Broking,Dev Patel,dev.patel@orion.example,Surat,Retail,E003,Kabir Singh,Derivatives,Pune,TCS,Tata Consultancy Services Ltd,NSE,SELL,200,2891.3,578260.0,DELIVERY,MARKET,PARTIALLY_EXECUTED,2026-03-16 10:18:00
TRD001928,C001,Apex Capital Advisors,Raj Mehta,raj.mehta@apexcapital.example,Mumbai,Institutional,E002,Diya Patel,Equities,Mumbai,WIPRO,Wipro Ltd,NSE,BUY,10,3891.38,38913.8,DELIVERY,LIMIT,EXECUTED,2026-03-07 09:29:00
TRD001929,C001,Apex Capital Advisors,Raj Mehta,raj.mehta@apexcapital.example,Mumbai,Institutional,E006,Anaya Joshi,Derivatives,Bengaluru,MARUTI,Maruti Suzuki India Ltd,NSE,BUY,10,189.18,1891.8,INTRADAY,MARKET,EXECUTED,2026-01-29 01:16:00
TRD001930,C003,Crestline Wealth,Aman Kapoor,aman.kapoor@crestline.example,Delhi,HNI,E005,Vihaan Shah,Operations,Mumbai,SBIN,State Bank of India,NSE,SELL,250,2811.47,702867.5,DELIVERY,LIMIT,EXECUTED,2026-02-05 20:38:00
TRD001931,C020,Trident Capital,Riya Chawla,riya.chawla@trident.example,Chandigarh,Institutional,E005,Vihaan Shah,Operations,Mumbai,LT,Larsen & Toubro Ltd,NSE,BUY,75,3225.01,241875.75,DELIVERY,LIMIT,EXECUTED,2026-04-07 16:51:00
TRD001932,C002,BlueRock Investments,Neha Shah,neha.shah@bluerock.example,Pune,Institutional,E004,Ira Deshmukh,Equities,Delhi,HDFCBANK,HDFC Bank Ltd,NSE,BUY,200,2646.32,529264.0,DELIVERY,LIMIT,EXECUTED,2026-03-06 07:04:00
TRD001933,C001,Apex Capital Advisors,Raj Mehta,raj.mehta@apexcapital.example,Mumbai,Institutional,E010,Kiara Kapoor,Operations,Pune,SBIN,State Bank of India,NSE,SELL,75,1500.43,112532.25,INTRADAY,MARKET,EXECUTED,2026-03-10 09:13:00
TRD001934,C005,Evergreen Holdings,Rohan Iyer,rohan.iyer@evergreen.example,Chennai,HNI,E003,Kabir Singh,Derivatives,Pune,ICICIBANK,ICICI Bank Ltd,NSE,SELL,75,2962.66,222199.5,DELIVERY,MARKET,EXECUTED,2026-02-04 23:49:00
TRD001935,C012,Lotus Financial,Meera Kulkarni,meera.kulkarni@lotus.example,Pune,Retail,E008,Myra Nair,Equities,Hyderabad,LT,Larsen & Toubro Ltd,NSE,SELL,75,616.67,46250.25,INTRADAY,MARKET,EXECUTED,2026-03-19 10:21:00
TRD001936,C002,BlueRock Investments,Neha Shah,neha.shah@bluerock.example,Pune,Institutional,E008,Myra Nair,Equities,Hyderabad,BHARTIARTL,Bharti Airtel Ltd,NSE,BUY,10,2353.3,23533.0,DELIVERY,MARKET,PARTIALLY_EXECUTED,2026-03-25 23:09:00
TRD001937,C020,Trident Capital,Riya Chawla,riya.chawla@trident.example,Chandigarh,Institutional,E008,Myra Nair,Equities,Hyderabad,HDFCBANK,HDFC Bank Ltd,NSE,BUY,75,1653.36,124002.0,DELIVERY,LIMIT,EXECUTED,2026-01-19 08:20:00
TRD001938,C005,Evergreen Holdings,Rohan Iyer,rohan.iyer@evergreen.example,Chennai,HNI,E007,Reyansh Mehta,Operations,Mumbai,HDFCBANK,HDFC Bank Ltd,NSE,SELL,500,999.61,499805.0,DELIVERY,MARKET,PARTIALLY_EXECUTED,2026-04-13 00:23:00
TRD001939,C014,Northstar Wealth,Tanya Sethi,tanya.sethi@northstar.example,Gurugram,HNI,E005,Vihaan Shah,Operations,Mumbai,BAJFINANCE,Bajaj Finance Ltd,NSE,SELL,200,2053.93,410786.0,INTRADAY,LIMIT,EXECUTED,2026-03-01 10:11:00
TRD001940,C005,Evergreen Holdings,Rohan Iyer,rohan.iyer@evergreen.example,Chennai,HNI,E004,Ira Deshmukh,Equities,Delhi,ITC,ITC Ltd,NSE,BUY,50,4003.65,200182.5,DELIVERY,MARKET,EXECUTED,2026-04-03 22:18:00
TRD001941,C009,Indus Prime,Karan Malhotra,karan.malhotra@indusprime.example,Kolkata,Retail,E003,Kabir Singh,Derivatives,Pune,SUNPHARMA,Sun Pharmaceutical Industries Ltd,NSE,BUY,50,820.1,41005.0,INTRADAY,MARKET,PARTIALLY_EXECUTED,2026-03-06 18:45:00
TRD001942,C006,Falcon Broking,Simran Kaur,simran.kaur@falcon.example,Ahmedabad,Retail,E010,Kiara Kapoor,Operations,Pune,MARUTI,Maruti Suzuki India Ltd,NSE,BUY,150,2784.81,417721.5,DELIVERY,LIMIT,EXECUTED,2026-03-13 07:29:00
TRD001943,C003,Crestline Wealth,Aman Kapoor,aman.kapoor@crestline.example,Delhi,HNI,E002,Diya Patel,Equities,Mumbai,BAJFINANCE,Bajaj Finance Ltd,NSE,BUY,100,1717.91,171791.0,INTRADAY,MARKET,EXECUTED,2026-03-31 21:51:00
TRD001944,C001,Apex Capital Advisors,Raj Mehta,raj.mehta@apexcapital.example,Mumbai,Institutional,E008,Myra Nair,Equities,Hyderabad,MARUTI,Maruti Suzuki India Ltd,NSE,BUY,500,3993.34,1996670.0,INTRADAY,MARKET,EXECUTED,2026-01-23 14:23:00
TRD001945,C003,Crestline Wealth,Aman Kapoor,aman.kapoor@crestline.example,Delhi,HNI,E004,Ira Deshmukh,Equities,Delhi,BHARTIARTL,Bharti Airtel Ltd,NSE,BUY,200,2805.42,561084.0,INTRADAY,LIMIT,EXECUTED,2026-04-03 23:52:00
TRD001946,C019,Summit Investments,Yash Agarwal,yash.agarwal@summit.example,Indore,Retail,E008,Myra Nair,Equities,Hyderabad,SUNPHARMA,Sun Pharmaceutical Industries Ltd,NSE,SELL,25,1376.41,34410.25,INTRADAY,MARKET,EXECUTED,2026-02-20 18:49:00
TRD001947,C011,Keystone Asset Mgmt,Arjun Bhat,arjun.bhat@keystone.example,Nashik,HNI,E005,Vihaan Shah,Operations,Mumbai,TCS,Tata Consultancy Services Ltd,NSE,BUY,50,3939.86,196993.0,INTRADAY,MARKET,PARTIALLY_EXECUTED,2026-01-13 15:15:00
TRD001948,C009,Indus Prime,Karan Malhotra,karan.malhotra@indusprime.example,Kolkata,Retail,E002,Diya Patel,Equities,Mumbai,INFY,Infosys Ltd,NSE,SELL,150,1847.31,277096.5,DELIVERY,LIMIT,EXECUTED,2026-01-04 11:07:00
TRD001949,C019,Summit Investments,Yash Agarwal,yash.agarwal@summit.example,Indore,Retail,E006,Anaya Joshi,Derivatives,Bengaluru,ADANIENT,Adani Enterprises Ltd,NSE,SELL,150,3396.97,509545.5,INTRADAY,MARKET,EXECUTED,2026-01-12 08:15:00
TRD001950,C001,Apex Capital Advisors,Raj Mehta,raj.mehta@apexcapital.example,Mumbai,Institutional,E005,Vihaan Shah,Operations,Mumbai,SBIN,State Bank of India,NSE,SELL,50,2828.32,141416.0,INTRADAY,MARKET,EXECUTED,2026-01-14 07:58:00
TRD001951,C003,Crestline Wealth,Aman Kapoor,aman.kapoor@crestline.example,Delhi,HNI,E003,Kabir Singh,Derivatives,Pune,AXISBANK,Axis Bank Ltd,NSE,BUY,75,2437.03,182777.25,INTRADAY,LIMIT,PARTIALLY_EXECUTED,2026-03-20 15:55:00
TRD001952,C013,Meridian Capital,Aditya Jain,aditya.jain@meridian.example,Jaipur,Institutional,E001,Aarav Sharma,Equities,Mumbai,TCS,Tata Consultancy Services Ltd,NSE,SELL,75,390.31,29273.25,INTRADAY,LIMIT,EXECUTED,2026-03-20 00:03:00
TRD001953,C003,Crestline Wealth,Aman Kapoor,aman.kapoor@crestline.example,Delhi,HNI,E010,Kiara Kapoor,Operations,Pune,SBIN,State Bank of India,NSE,BUY,250,2768.12,692030.0,INTRADAY,LIMIT,PARTIALLY_EXECUTED,2026-01-06 12:58:00
TRD001954,C018,Riverstone Advisors,Pooja Menon,pooja.menon@riverstone.example,Kochi,HNI,E007,Reyansh Mehta,Operations,Mumbai,SUNPHARMA,Sun Pharmaceutical Industries Ltd,NSE,BUY,75,3956.0,296700.0,INTRADAY,MARKET,EXECUTED,2026-04-15 10:53:00
TRD001955,C020,Trident Capital,Riya Chawla,riya.chawla@trident.example,Chandigarh,Institutional,E002,Diya Patel,Equities,Mumbai,BHARTIARTL,Bharti Airtel Ltd,NSE,SELL,100,860.17,86017.0,INTRADAY,MARKET,EXECUTED,2026-04-04 16:22:00
TRD001956,C004,Delta Securities,Priya Nair,priya.nair@delta.example,Bengaluru,Institutional,E003,Kabir Singh,Derivatives,Pune,RELIANCE,Reliance Industries Ltd,NSE,BUY,25,2496.77,62419.25,DELIVERY,LIMIT,PARTIALLY_EXECUTED,2026-03-06 11:02:00
TRD001957,C013,Meridian Capital,Aditya Jain,aditya.jain@meridian.example,Jaipur,Institutional,E005,Vihaan Shah,Operations,Mumbai,AXISBANK,Axis Bank Ltd,NSE,SELL,100,2059.94,205994.0,DELIVERY,MARKET,PARTIALLY_EXECUTED,2026-01-10 11:26:00
TRD001958,C018,Riverstone Advisors,Pooja Menon,pooja.menon@riverstone.example,Kochi,HNI,E008,Myra Nair,Equities,Hyderabad,BHARTIARTL,Bharti Airtel Ltd,NSE,SELL,100,2326.67,232667.0,INTRADAY,LIMIT,EXECUTED,2026-03-21 14:55:00
TRD001959,C019,Summit Investments,Yash Agarwal,yash.agarwal@summit.example,Indore,Retail,E008,Myra Nair,Equities,Hyderabad,TCS,Tata Consultancy Services Ltd,NSE,SELL,100,3726.01,372601.0,INTRADAY,MARKET,PARTIALLY_EXECUTED,2026-01-17 14:12:00
TRD001960,C012,Lotus Financial,Meera Kulkarni,meera.kulkarni@lotus.example,Pune,Retail,E007,Reyansh Mehta,Operations,Mumbai,RELIANCE,Reliance Industries Ltd,NSE,SELL,150,220.9,33135.0,DELIVERY,LIMIT,EXECUTED,2026-03-16 10:10:00
TRD001961,C008,Horizon Partners,Ananya Rao,ananya.rao@horizon.example,Hyderabad,HNI,E008,Myra Nair,Equities,Hyderabad,ITC,ITC Ltd,NSE,BUY,1000,3126.46,3126460.0,INTRADAY,MARKET,PARTIALLY_EXECUTED,2026-02-19 23:22:00
TRD001962,C015,Orion Broking,Dev Patel,dev.patel@orion.example,Surat,Retail,E002,Diya Patel,Equities,Mumbai,HDFCBANK,HDFC Bank Ltd,NSE,SELL,50,2427.71,121385.5,DELIVERY,LIMIT,EXECUTED,2026-03-11 14:10:00
TRD001963,C002,BlueRock Investments,Neha Shah,neha.shah@bluerock.example,Pune,Institutional,E006,Anaya Joshi,Derivatives,Bengaluru,TCS,Tata Consultancy Services Ltd,NSE,SELL,10,822.6,8226.0,DELIVERY,MARKET,EXECUTED,2026-03-06 01:23:00
TRD001964,C015,Orion Broking,Dev Patel,dev.patel@orion.example,Surat,Retail,E007,Reyansh Mehta,Operations,Mumbai,ITC,ITC Ltd,NSE,SELL,100,1051.08,105108.0,INTRADAY,LIMIT,EXECUTED,2026-01-15 15:37:00
TRD001965,C020,Trident Capital,Riya Chawla,riya.chawla@trident.example,Chandigarh,Institutional,E007,Reyansh Mehta,Operations,Mumbai,SUNPHARMA,Sun Pharmaceutical Industries Ltd,NSE,SELL,200,2790.44,558088.0,INTRADAY,LIMIT,EXECUTED,2026-02-15 12:50:00
TRD001966,C010,Jupiter Investments,Ishita Desai,ishita.desai@jupiter.example,Mumbai,Institutional,E004,Ira Deshmukh,Equities,Delhi,AXISBANK,Axis Bank Ltd,NSE,SELL,25,3342.87,83571.75,DELIVERY,LIMIT,EXECUTED,2026-02-25 23:21:00
TRD001967,C020,Trident Capital,Riya Chawla,riya.chawla@trident.example,Chandigarh,Institutional,E004,Ira Deshmukh,Equities,Delhi,WIPRO,Wipro Ltd,NSE,SELL,1000,1940.41,1940410.0,INTRADAY,LIMIT,EXECUTED,2026-02-11 14:28:00
TRD001968,C001,Apex Capital Advisors,Raj Mehta,raj.mehta@apexcapital.example,Mumbai,Institutional,E009,Arnav Rao,Risk,Mumbai,BAJFINANCE,Bajaj Finance Ltd,NSE,BUY,50,1008.94,50447.0,INTRADAY,MARKET,PARTIALLY_EXECUTED,2026-03-02 03:07:00
TRD001969,C007,Gateway Financial,Vikram Joshi,vikram.joshi@gateway.example,Mumbai,Institutional,E010,Kiara Kapoor,Operations,Pune,BAJFINANCE,Bajaj Finance Ltd,NSE,SELL,25,1110.36,27759.0,DELIVERY,LIMIT,EXECUTED,2026-01-20 05:56:00
TRD001970,C002,BlueRock Investments,Neha Shah,neha.shah@bluerock.example,Pune,Institutional,E003,Kabir Singh,Derivatives,Pune,HDFCBANK,HDFC Bank Ltd,NSE,SELL,10,2055.8,20558.0,INTRADAY,MARKET,EXECUTED,2026-02-25 05:54:00
TRD001971,C014,Northstar Wealth,Tanya Sethi,tanya.sethi@northstar.example,Gurugram,HNI,E006,Anaya Joshi,Derivatives,Bengaluru,MARUTI,Maruti Suzuki India Ltd,NSE,SELL,1000,627.82,627820.0,DELIVERY,MARKET,EXECUTED,2026-01-24 06:16:00
TRD001972,C002,BlueRock Investments,Neha Shah,neha.shah@bluerock.example,Pune,Institutional,E005,Vihaan Shah,Operations,Mumbai,WIPRO,Wipro Ltd,NSE,SELL,100,1654.88,165488.0,DELIVERY,MARKET,EXECUTED,2026-01-13 01:15:00
TRD001973,C001,Apex Capital Advisors,Raj Mehta,raj.mehta@apexcapital.example,Mumbai,Institutional,E003,Kabir Singh,Derivatives,Pune,SUNPHARMA,Sun Pharmaceutical Industries Ltd,NSE,BUY,50,3289.7,164485.0,INTRADAY,LIMIT,PARTIALLY_EXECUTED,2026-02-07 12:42:00
TRD001974,C012,Lotus Financial,Meera Kulkarni,meera.kulkarni@lotus.example,Pune,Retail,E009,Arnav Rao,Risk,Mumbai,ULTRACEMCO,UltraTech Cement Ltd,NSE,SELL,75,1446.11,108458.25,INTRADAY,MARKET,PARTIALLY_EXECUTED,2026-03-03 19:17:00
TRD001975,C003,Crestline Wealth,Aman Kapoor,aman.kapoor@crestline.example,Delhi,HNI,E010,Kiara Kapoor,Operations,Pune,ULTRACEMCO,UltraTech Cement Ltd,NSE,BUY,25,1159.39,28984.75,INTRADAY,MARKET,EXECUTED,2026-03-08 00:16:00
TRD001976,C011,Keystone Asset Mgmt,Arjun Bhat,arjun.bhat@keystone.example,Nashik,HNI,E007,Reyansh Mehta,Operations,Mumbai,BHARTIARTL,Bharti Airtel Ltd,NSE,BUY,25,383.25,9581.25,INTRADAY,MARKET,EXECUTED,2026-04-10 01:27:00
TRD001977,C010,Jupiter Investments,Ishita Desai,ishita.desai@jupiter.example,Mumbai,Institutional,E003,Kabir Singh,Derivatives,Pune,ITC,ITC Ltd,NSE,SELL,50,3923.42,196171.0,DELIVERY,MARKET,EXECUTED,2026-01-26 02:16:00
TRD001978,C010,Jupiter Investments,Ishita Desai,ishita.desai@jupiter.example,Mumbai,Institutional,E008,Myra Nair,Equities,Hyderabad,AXISBANK,Axis Bank Ltd,NSE,BUY,100,1758.07,175807.0,DELIVERY,LIMIT,EXECUTED,2026-01-21 00:09:00
TRD001979,C015,Orion Broking,Dev Patel,dev.patel@orion.example,Surat,Retail,E010,Kiara Kapoor,Operations,Pune,HCLTECH,HCL Technologies Ltd,NSE,SELL,500,3505.37,1752685.0,INTRADAY,MARKET,EXECUTED,2026-01-07 07:59:00
TRD001980,C013,Meridian Capital,Aditya Jain,aditya.jain@meridian.example,Jaipur,Institutional,E010,Kiara Kapoor,Operations,Pune,RELIANCE,Reliance Industries Ltd,NSE,BUY,25,2745.9,68647.5,INTRADAY,LIMIT,EXECUTED,2026-03-31 02:16:00
TRD001981,C015,Orion Broking,Dev Patel,dev.patel@orion.example,Surat,Retail,E005,Vihaan Shah,Operations,Mumbai,ITC,ITC Ltd,NSE,BUY,100,940.26,94026.0,DELIVERY,MARKET,EXECUTED,2026-02-28 08:57:00
TRD001982,C018,Riverstone Advisors,Pooja Menon,pooja.menon@riverstone.example,Kochi,HNI,E006,Anaya Joshi,Derivatives,Bengaluru,RELIANCE,Reliance Industries Ltd,NSE,BUY,50,3439.0,171950.0,INTRADAY,LIMIT,EXECUTED,2026-02-21 10:02:00
TRD001983,C006,Falcon Broking,Simran Kaur,simran.kaur@falcon.example,Ahmedabad,Retail,E008,Myra Nair,Equities,Hyderabad,MARUTI,Maruti Suzuki India Ltd,NSE,BUY,75,912.29,68421.75,DELIVERY,MARKET,EXECUTED,2026-04-06 02:32:00
TRD001984,C005,Evergreen Holdings,Rohan Iyer,rohan.iyer@evergreen.example,Chennai,HNI,E001,Aarav Sharma,Equities,Mumbai,ICICIBANK,ICICI Bank Ltd,NSE,SELL,200,2445.43,489086.0,DELIVERY,MARKET,EXECUTED,2026-01-21 00:15:00
TRD001985,C008,Horizon Partners,Ananya Rao,ananya.rao@horizon.example,Hyderabad,HNI,E001,Aarav Sharma,Equities,Mumbai,LT,Larsen & Toubro Ltd,NSE,BUY,100,1765.12,176512.0,DELIVERY,MARKET,PARTIALLY_EXECUTED,2026-03-22 15:53:00
TRD001986,C015,Orion Broking,Dev Patel,dev.patel@orion.example,Surat,Retail,E006,Anaya Joshi,Derivatives,Bengaluru,TATASTEEL,Tata Steel Ltd,NSE,SELL,200,669.31,133862.0,INTRADAY,LIMIT,EXECUTED,2026-03-29 11:21:00
TRD001987,C002,BlueRock Investments,Neha Shah,neha.shah@bluerock.example,Pune,Institutional,E003,Kabir Singh,Derivatives,Pune,WIPRO,Wipro Ltd,NSE,SELL,75,315.65,23673.75,DELIVERY,LIMIT,PARTIALLY_EXECUTED,2026-02-01 21:16:00
TRD001988,C006,Falcon Broking,Simran Kaur,simran.kaur@falcon.example,Ahmedabad,Retail,E004,Ira Deshmukh,Equities,Delhi,TATASTEEL,Tata Steel Ltd,NSE,BUY,100,3034.38,303438.0,DELIVERY,MARKET,EXECUTED,2026-01-25 09:08:00
TRD001989,C015,Orion Broking,Dev Patel,dev.patel@orion.example,Surat,Retail,E002,Diya Patel,Equities,Mumbai,TCS,Tata Consultancy Services Ltd,NSE,BUY,25,1954.11,48852.75,DELIVERY,MARKET,EXECUTED,2026-01-31 01:36:00
TRD001990,C002,BlueRock Investments,Neha Shah,neha.shah@bluerock.example,Pune,Institutional,E006,Anaya Joshi,Derivatives,Bengaluru,RELIANCE,Reliance Industries Ltd,NSE,SELL,200,3855.54,771108.0,INTRADAY,MARKET,PARTIALLY_EXECUTED,2026-02-17 12:35:00
TRD001991,C016,Pinnacle Finance,Sara Fernandes,sara.fernandes@pinnacle.example,Goa,HNI,E006,Anaya Joshi,Derivatives,Bengaluru,WIPRO,Wipro Ltd,NSE,SELL,25,2645.76,66144.0,INTRADAY,MARKET,PARTIALLY_EXECUTED,2026-02-03 16:15:00
TRD001992,C012,Lotus Financial,Meera Kulkarni,meera.kulkarni@lotus.example,Pune,Retail,E009,Arnav Rao,Risk,Mumbai,LT,Larsen & Toubro Ltd,NSE,SELL,50,3330.17,166508.5,DELIVERY,LIMIT,EXECUTED,2026-03-27 19:02:00
TRD001993,C006,Falcon Broking,Simran Kaur,simran.kaur@falcon.example,Ahmedabad,Retail,E003,Kabir Singh,Derivatives,Pune,MARUTI,Maruti Suzuki India Ltd,NSE,BUY,1000,3302.69,3302690.0,INTRADAY,LIMIT,EXECUTED,2026-03-04 20:53:00
TRD001994,C009,Indus Prime,Karan Malhotra,karan.malhotra@indusprime.example,Kolkata,Retail,E009,Arnav Rao,Risk,Mumbai,ICICIBANK,ICICI Bank Ltd,NSE,BUY,250,1110.06,277515.0,INTRADAY,MARKET,EXECUTED,2026-02-04 13:00:00
TRD001995,C004,Delta Securities,Priya Nair,priya.nair@delta.example,Bengaluru,Institutional,E003,Kabir Singh,Derivatives,Pune,INFY,Infosys Ltd,NSE,BUY,10,575.61,5756.1,DELIVERY,MARKET,EXECUTED,2026-03-25 17:48:00
TRD001996,C018,Riverstone Advisors,Pooja Menon,pooja.menon@riverstone.example,Kochi,HNI,E007,Reyansh Mehta,Operations,Mumbai,ULTRACEMCO,UltraTech Cement Ltd,NSE,BUY,25,1954.92,48873.0,INTRADAY,LIMIT,EXECUTED,2026-01-10 09:26:00
TRD001997,C008,Horizon Partners,Ananya Rao,ananya.rao@horizon.example,Hyderabad,HNI,E010,Kiara Kapoor,Operations,Pune,ICICIBANK,ICICI Bank Ltd,NSE,SELL,25,2503.62,62590.5,INTRADAY,MARKET,EXECUTED,2026-02-16 05:27:00
TRD001998,C004,Delta Securities,Priya Nair,priya.nair@delta.example,Bengaluru,Institutional,E008,Myra Nair,Equities,Hyderabad,HDFCBANK,HDFC Bank Ltd,NSE,BUY,50,669.76,33488.0,INTRADAY,LIMIT,EXECUTED,2026-03-31 23:50:00
TRD001999,C008,Horizon Partners,Ananya Rao,ananya.rao@horizon.example,Hyderabad,HNI,E009,Arnav Rao,Risk,Mumbai,ADANIENT,Adani Enterprises Ltd,NSE,BUY,50,173.32,8666.0,DELIVERY,MARKET,EXECUTED,2026-02-23 01:03:00
TRD002000,C013,Meridian Capital,Aditya Jain,aditya.jain@meridian.example,Jaipur,Institutional,E003,Kabir Singh,Derivatives,Pune,BHARTIARTL,Bharti Airtel Ltd,NSE,SELL,100,2517.39,251739.0,DELIVERY,MARKET,EXECUTED,2026-03-12 00:25:00
TRD002001,C001,Apex Capital Advisors,Raj Mehta,raj.mehta@apexcapital.example,Mumbai,Institutional,E011,Ankit,Equities,Mumbai,TCS,Tata Consultancy Services Ltd,BSE,BUY,100,3850.00,385000.00,DELIVERY,LIMIT,EXECUTED,2026-09-01 13:30:00
